FName,LName,AreaCode,Phone,City,State,Zip,MaritalStatus,HasChild,Salary,Rate DOUBLE,SingleExemp,ChildExemp
Yezdezard,Kheirbek,769,100-1550,HATTIESBURG,MS,39404,S,Y,62000,5.0,6000,1500
Mateo,Stamp,918,175-2051,ALEX,OK,73002,M,N,18000,6.25,0,0
Ioanna,Bel,920,149-1480,MADISON,WI,53786,S,Y,15500,4.7157183,700,400
Huichun,Schaul,317,151-1174,CRAWFORDSVILLE,IN,47936,M,Y,88000,3.4,0,1000
Coimbatore,Daskalakis,970,179-1132,LITTLETON-typoHARTMAN,CT,80161,S,Y,12000,4.63,0,0
Tripatinder,Blinzer,808,186-1492,PAPAIKOU,HI,96781,M,Y,4000,1.7605263,0,1040
Atsushi,Scharinger,802,111-1441,PROCTOR,VT,5765,M,N,82000,4.636554,0,0
Lev,Thibadeau,769,186-1011,SARDIS,MS,38666,S,Y,30000,5.0,6000,1500
Ladjel,Crelier,334,182-1539,MOBILE-typoNORTH FORT MYERS,AL-typoCT,36663,M,Y,11000,5.0,0,300
Simukai,Iline,208,113-1437,MCCALL,ID,83638,S,Y,31000,7.8,3300,3300
Yechiam,Zonta,801,194-1073,SALT LAKE CITY,UT,84110,S,N,60000,7.0,2475,0
Hiromu,Englert,701,150-1057,KARLSRUHE,ND,58744,M,N,63000,2.4860218,0,0
Toine,Swen,307,182-2006,BEULAH,WY,82712,S,Y,92500,0.0,0,0
Bodhisattwa,Honkela,401,103-1620,PROVIDENCE,RI,2912,M,Y,53000,0.0,0,0
Sinh,Leitner,480,156-1919,CIBECUE,AZ,85911,M,N,26000,3.1179998,0,0
Richara,Milberg,210,144-1427,VAN ALSTYNE,TX,75495,S,N,80500,0.0,0,0
Ruby,Gwertzman,803,124-1381,MOUNTVILLE,SC,29370,M,Y,10000,5.752432,0,3300
Amel,Brazell,718,143-1119,MAMARONECK,NY,10543,S,N,81000,4.422866,0,0
Max,Scholtes,410,155-1977,WILLARDS,MD,21874,S,Y,81000,4.75,2400,2400
Katsuto,Vanneste,802,183-1228,PITTSFIELD,VT,5762,M,Y,85000,4.69624,0,3300
Binghuan,Leece,715,182-1668,NEOSHO,WI,53059,M,Y,61500,5.514975,0,400
Koichi,Krychniak,567,151-1810,RUSSIA,OH,45363,M,Y,23500,1.3261051,0,1300
Ahuva,Augusteijn,304,149-1585,HUNTINGTON-typoMADISON LAKE,WV-typoGA,25777,M,Y,40000,5.1000004,0,2000
Nariyasu,Heiner,801,122-1310,SALINA,UT,84654,M,N,100000,7.0,0,0
Viiveke,Geidmanis,435,124-1255,AXTELL,UT,84621,M,Y,2000,3.8489566,0,2475
Wubin,Anton,302,115-1055,WILMINGTON,DE,19801,M,Y,79500,5.95,0,110
Eser,Dikel,801,135-1955,ALTONAH,UT,84002,S,Y,19500,7.0,2475,2475
Wil,Nahapetian,802,194-1111,MOSCOW,VT,5662,S,Y,48000,3.9601078,3300,3300
Zhongde,Vicolov,940,136-1720,BEACON FALLS,TX-typoGA,78609,M,Y,5500,0.0,0,0
Atanu,Rady,207,186-1460,COLUMBIA FALLS,ME,4623,M,Y,64000,8.5,0,2850
Ramamohanrao,Kohli,870,151-1622,BROCKWELL,AR,72517,S,N,60000,7.0,20,0
Jianyang,Akella,406,155-1486,SUN RIVER,MT,59483,M,Y,42000,6.9,0,1900
Hani,Bhuyan,406,175-1201,CUSTER,MT,59024,S,Y,14000,6.9,1900,1900
Pintsang,Kornacker,203,114-1161,PRESTON,CT,6365,S,N,28000,5.0,12750,0
Yeow,Strausfeld,907,139-1596,DILLINGHAM,AK,99576,S,Y,46500,0.0,0,0
Solange,Neukirchner,870,146-1911,JONES MILL,AR,72105,M,N,91500,7.0,0,0
Chokchai,Kishida,618,179-1720,PEKIN,IL,61554,M,N,43000,3.0,0,0
Reem,Haller,505,178-1069,LA JOYA,NM,87028,S,Y,2500,1.7,3300,3300
Petr,Brookner,224,148-1651,CHICAGO,IL,60621,S,N,8000,3.0,2000,0
Alia,Fosse,202,193-1734,WASHINGTON,DC,20203,S,N,42500,9.0,1370,0
Nari,Marinova,941,152-1469,GAINESVILLE,FL,32611,M,Y,76500,0.0,0,0
Prakash,Ahrenberg,970,135-1073,DENVER,CO,80280,M,N,61000,4.63,0,0
Wlodzimierz,Nemytykh,520,192-1688,SAN CARLOS,AZ,85550,M,N,6000,2.87,0,0
Guo,Shiloh,602,126-1686,ROUND ROCK,AZ,86547,S,Y,37500,3.2962499,2100,2300
Alexey,Accomazzi,606,111-1728,GRAHN,KY,41142,M,Y,40500,4.083333,0,20
Annalisa,Ruohonen,919,123-1017,HICKORY,NC,28601,S,Y,70500,7.2115383,3300,3300
Hisao,Strong,918,177-1759,OKLAHOMA CITY,OK,73153,S,N,75500,6.25,1000,0
Juliet,Worn,623,190-1394,CHANDLER,AZ,85286,S,N,66000,3.738,2100,0
Friedrich,Coray,702,114-1337,EUREKA,NV,89316,M,Y,61500,0.0,0,0
Jiawan,Harrang,720,160-1437,AULT,CO,80610,S,Y,83500,4.63,0,0
Nadene,Zinoviev,302,199-1017,MILLVILLE,DE,19967,S,N,34500,4.211364,110,0
Alia,Snedden,603,106-1801,LITTLETON,NH,3561,S,N,18500,0.0,0,0
Samual,Popa,802,179-2052,EAST MIDDLEBURY,VT,5740,S,N,55500,4.109324,3300,0
Liv,Hohberg,401,197-1083,FOSTER,RI,2825,S,N,58500,0.0,0,0
Aicha,Eilenberg,202,157-1023,WASHINGTON-typoALMONT,DC-typoNV,20571,M,Y,34500,9.0,0,1370
Boualem,Hepner,505,170-1784,LA PLATA,NM,87418,S,Y,64500,5.3,3300,3300
Qingyu,Dunfee,706,167-1836,OAKMAN,GA,30732,M,Y,54500,6.0,0,3000
Veronica,McMahan,253,120-1168,TACOMA,WA,98481,M,Y,16000,0.0,0,0
Seokwon,Ozhan,239,116-1976,CAPE CORAL,FL,33904,S,Y,50500,0.0,0,0
Mostefa,Gutenmakher,304,116-1740,BEAVER,WV,25813,S,N,59500,6.465,2000,0
Anca,Matthijssen,402,195-1865,WALTON,NE,68461,S,N,32000,6.84,103,0
Junsik,Yfoulis,678,128-1592,ATLANTA,GA,30355,S,N,27000,6.0,2700,0
Abrajit,Coney,334,172-1439,RIVERSIDE,AL,35135,S,N,100000,5.0,1500,0
Guogen,Korshunov,205,153-1397,MADISON LAKE,AL-typoWV,36576,S,Y,63500,5.0,1500,300
Jay,Kochs,937,173-1242,STOCKPORT,OH,43787,S,N,22000,1.2763128,1300,0
Olof,Rollins,586,118-1355,STERLING HEIGHTS,MI,48311,S,Y,12500,3.9,3100,3100
Spyrose,Bus,870,179-1113,TUCKER,AR,72168,M,N,11000,2.8168998,0,0
Moheb,Hacken,787,104-1281,BOQUERON,PR,622,S,N,24000,0.0,0,0
Naoshi,Babel,320,166-1033,FRONTENAC,MN,55026,S,Y,96000,7.85,3300,3300
Asim,Szilard,336,122-1749,WILMINGTON,NC,28401,S,Y,33000,6.424825,3300,3300
Kaj,Trevillyan,802,153-2073,PLAINFIELD,VT,5667,M,Y,17000,3.6,0,3300
Koichi,Czap,610,145-1361,COLVER,PA,15927,S,N,40000,3.07,0,0
Ryszard,Erman,859,134-1933,EWING,KY,41039,M,Y,65000,5.4444447,0,20
Guillaume,Colliat,267,189-1541,VALLEY FORGE,PA,19494,S,Y,6500,3.07,0,0
Hyeongil,Hollenbach,225,160-1674,LIVONIA,LA,70755,M,N,35500,6.0,0,0
Yasuyuki,Plat,870,141-1745,ALICIA,AR,72410,M,N,25000,6.16338,0,0
Merja,Strzalkowski,302,134-1613,HARTMAN,DE-typoNV,19720,M,N,99500,5.95,0,0
Fuchun,Danley,907,182-1727,SHAGELUK,AK,99665,S,Y,88500,0.0,0,0
Eneia,Sitarama,302,149-1860,WILMINGTON,DE,19890,M,Y,93000,5.95,0,110
Magdy,Erni,302,192-1742,HOUSTON,DE,19954,M,Y,5000,2.2,0,110
Munir,Derochette,334,187-1422,RAINSVILLE,AL,35986,M,Y,6500,5.0,0,300
Hongyuan,Atarashi,401,188-1638,PASCOAG,RI,2859,S,N,77000,0.0,0,0
Giri,Pulkowski,623,167-1719,PHOENIX,AZ,85001,M,N,95000,4.1875,0,0
Kieron,Jesus,406,110-2033,PONY,MT,59747,S,Y,20500,6.9,1900,1900
Mariam,Bozzano,785,169-1633,BLUE RAPIDS,KS,66411,S,N,82500,6.45,2250,0
Georgia,Matsliach,305,184-2037,CYPRESS,FL,32432,S,N,74500,0.0,0,0
Bent,Vieweg,307,114-1458,GRANITE CANON,WY,82059,M,N,36000,0.0,0,0
Ruixin,Prinz,216,196-1805,FINDLAY,OH,45839,M,N,83500,3.3177977,0,0
Dietmar,Maamar,330,184-1346,OAK HARBOR,OH,43449,S,Y,48500,2.155977,1300,1300
Stevo,Meckler,785,156-1680,HUTCHINSON,KS,67501,S,Y,99500,6.45,2250,2250
Gerd,Luukkainen,323,144-1791,COULTERVILLE,CA,95311,M,N,32500,7.1807356,0,0
Szymon,Kluthe,843,160-1845,HEATH SPRINGS-typoALMONT,SC-typoGA,29058,M,Y,30000,7.0,0,3300
Eibe,Mitchem,228,144-1600,VARDAMAN,MS,38878,S,Y,58500,5.0,6000,1500
Ernie,Gilg,954,102-1775,TAMPA,FL,33616,S,N,11500,0.0,0,0
Liangchun,Conta,219,159-1775,HAMMOND,IN,46325,S,N,4000,3.4,1000,0
Ranabir,Vogley,505,139-1768,RUIDOSO,NM,88345,S,N,93500,5.3,3300,0
Ronaldo,Lehar,406,117-1727,MANHATTAN,MT,59741,M,Y,42000,6.9,0,1900
Roxanne,Hemaspaandra,906,114-1392,SUNFIELD,MI,48890,S,N,54000,3.9,3100,0
Geraint,Terziyan,443,104-1478,CHESAPEAKE CITY,MD,21915,M,Y,60000,4.75,0,2400
Kare,Therien,207,114-1712,SPRINGVALE,ME,4083,S,Y,20000,8.5,2850,2850
Helge,Slysz,302,174-1089,WILMINGTON,DE,19896,M,N,49500,5.234091,0,0
Elias,Vasukiammaiyar,208,187-1413,BOISE,ID,83731,S,N,19500,6.806456,3300,0
Munehiro,Emden,313,159-1887,LANSING,MI,48906,M,N,500,3.9,0,0
Cristiano,Stieger,603,140-1180,SANBORNVILLE,NH,3872,S,N,46500,0.0,0,0
Clara,Covnot,720,157-1297,TOPONAS,CO,80479,M,N,78000,4.63,0,0
Alty,Tompits,334,121-1168,BIRMINGHAM,AL,35203,M,Y,28500,5.0,0,300
Atsumi,Jungst,307,121-1656,LARAMIE,WY,82072,S,N,21500,0.0,0,0
Sajal,Kubicek,620,112-1690,TORONTO,KS,66777,M,N,50500,6.45,0,0
Landy,Gascon,914,144-2045,STATEN ISLAND,NY,10314,M,Y,54500,4.2693596,0,1000
Renato,Harllee,603,161-1922,MOULTONBOROUGH,NH,3254,S,Y,21500,0.0,0,0
Nizar,Khang,813,127-1139,MIAMI,FL,33265,M,Y,78500,0.0,0,0
Peggy,Tupikova,915,171-2028,FORT WORTH-typoHARTMAN,MI,76133,S,Y,87500,0.0,0,0
Imari,Noah,623,137-1023,STANFIELD,AZ,85272,S,Y,70500,3.80775,2100,2300
Jin,Bramson,401,178-1190,HOPE VALLEY-typoLA VETA,NV,2832,S,N,69500,0.0,0,0
Tomasz,Lauff,802,136-2057,NORTH FERRISBURGH,VT,5473,S,N,20500,3.6,3300,0
Amokrane,Popplestone,303,166-1524,DEER TRAIL,CO,80105,M,N,61500,4.63,0,0
Blagovest,Rahola,425,131-1903,MINERAL,WA,98355,M,N,31000,0.0,0,0
Anirvan,Roucairol,608,169-1977,SARONA,WI,54870,M,Y,97000,6.1317925,0,400
Wentai,Camurati,865,198-1788,SEVIERVILLE,TN,37864,M,N,58000,0.0,0,0
Boris,Cavalieri,404,185-1934,AUBURN,GA,30011,M,Y,48000,6.0,0,3000
Avinoam,Schaeffer,228,134-1326,LA VETA,IA,38954,S,Y,90000,5.0,6000,1500
Sungdo,Hennebert,907,127-1933,HARTMAN,AK-typoNV,99750,M,Y,71000,0.0,0,0
Ato,Regli,417,197-2039,NEOSHO,MO,64850,S,Y,66000,6.0,2100,1200
Chengjiang,Rotteler,970,117-1566,ECKLEY,CO,80727,S,N,11000,4.63,0,0
Jasminko,Rahmat,808,127-1701,HAKALAU,HI,96710,S,Y,13500,3.4730263,1040,1040
Sigurdur,Pileggi,606,133-1897,CUNNINGHAM,KY,42035,M,N,9500,2.3611112,0,0
Low,Kornacker,978,118-1436,BOSTON,MA,2241,S,N,84000,5.3,3575,0
Morikazu,Kinnersley,720,184-1048,TRINCHERA,CO,81081,M,Y,90500,4.63,0,0
Katarzyna,Koldinger,308,124-1054,COZAD,NE,69130,M,N,80000,6.84,0,0
Patchrawat,Provine,480,140-1010,SAN TAN VALLEY,AZ,85143,M,N,88500,4.08675,0,0
Frederich,Weinreich,802,175-1118,JEFFERSONVILLE,VT,5464,S,N,33500,3.6716235,3300,0
Mengchi,Culetu,787,147-1345,MOCA,PR,676,M,N,87000,0.0,0,0
Laszlo,Waroquier,843,118-2036,JOHNSTON-typoNORTH FORT MYERS,IA,29832,M,Y,47000,7.0,0,3300
Ireneusz,Fullerton,401,108-2099,WARWICK,RI,2888,S,N,57000,0.0,0,0
Utpal,Pajarola,910,194-1434,FUQUAY VARINA,NC,27526,M,Y,9000,6.0,0,3300
Raul,Rekhi,870,135-1972,GREENLAND,AR,72737,S,Y,60500,7.0,20,20
Piraye,Brancadori,404,195-1937,TURNERVILLE,GA,30580,S,N,93000,6.0,2700,0
Pasquale,Kakkar,479,135-1479,HARTMAN,NV,71945,S,Y,93500,7.0,20,20
Chendong,Lindgreen,951,175-1425,LONG BEACH,CA,90888,M,N,55000,9.3,0,0
Adrain,Skinner,201,140-1456,DUNELLEN,NJ,8812,M,N,44500,1.7863854,0,0
Yasuma,Norsworthy,608,160-1791,WOODVILLE,WI,54028,S,Y,92000,6.0449166,700,400
Gunhild,Jungst,351,195-1084,MADISON LAKE,MA-typoNV,1775,M,N,68500,5.3,0,0
Musaravakkam,Rips,603,196-1361,NEWBURY-typoALMONT,NV,3255,S,Y,63000,0.0,0,0
Resve,Peris,480,163-2026,GLENDALE,AZ,85303,S,Y,15000,2.9475,2100,2300
Aurore,Rothwell,908,146-1168,AVALON,NJ,8202,M,Y,17000,1.4,0,1500
Yvonne,Aho,406,156-1501,BAINVILLE,MT,59212,S,N,26000,6.9,1900,0
Terri,Kohle,847,119-1343,SPRINGFIELD,IL,62757,M,N,14500,3.0,0,0
Clay,Vivekananda,339,115-1854,CAMBRIDGE,MA,2140,S,N,43000,5.3,3575,0
Saimond,Cacciabue,262,128-1732,NORTH FORT MYERS,WI-typoIA,53950,S,N,75500,5.758227,700,0
Bitan,Eustace,701,166-1701,ELGIN,ND,58533,S,Y,17500,2.1,3300,3300
Gregg,Faria,808,152-1360,MAKAWAO,HI,96768,S,Y,16500,4.013816,1040,1040
Rishiyur,Reifer,262,134-1579,CHETEK,WI,54728,M,N,90000,6.010166,0,0
Shun,McKinlay,804,189-1044,RIDGEWAY,VA,24148,S,N,76500,5.75,900,0
Heung,Swanberg,540,176-1392,MONTROSS,VA,22520,S,N,25000,5.75,900,0
Jiong,Ternovskaia,434,111-1175,PETERSBURG,VA,23804,S,Y,89500,5.75,900,900
Gadiel,Kehtarnavaz,330,144-1800,CABLE,OH,43009,S,Y,21500,1.2597154,1300,1300
Lone,Sanglu,337,181-1459,DELTA,LA,71233,S,Y,77500,6.0,4500,1000
Shahar,Berild,308,148-1954,BAYARD,NE,69334,M,N,21500,5.952033,0,0
Usama,Myers,917,134-1191,DEANSBORO,NY,13328,S,Y,4500,4.0,0,1000
Maytham,Bidwell,775,108-1354,LAS VEGAS,NV,89139,M,Y,36500,0.0,0,0
Moray,Koschke,505,122-1140,WINSTON,NM,87943,M,Y,84000,5.3,0,3300
Raqui,Goil,805,171-1706,FRESNO,CA,93740,S,N,38500,8.5971985,87,0
Yamin,Nota,202,124-1232,WASHINGTON,DC,20524,M,Y,90000,9.0,0,1370
Meltem,Uzun,308,175-1551,WAUSA,NE,68786,S,Y,39000,6.84,103,103
Adeline,Bill,603,199-1254,NASHUA,NH,3060,S,Y,51500,0.0,0,0
DooHyun,Raamot,936,172-1239,BYERS,TX,76357,S,Y,25500,0.0,0,0
Berthier,Gottsman,828,144-1102,MARSHALL,NC,28753,S,Y,86500,7.547203,3300,3300
Dian,Clitherow,540,101-1910,CHARLOTTESVILLE,VA,22902,S,Y,49000,5.75,900,900
Bush,Shimono,252,140-1486,MADISON LAKE,NV,28439,S,N,44000,6.6555943,3300,0
Yongun,Ravat,662,198-1616,GRENADA,MS,38901,M,Y,55500,5.0,0,1500
Siba,Salvato,231,170-1207,MUIR,MI,48860,M,Y,3500,3.9,0,3100
Tunu,Kildall,208,151-1150,LACLEDE,ID,83841,S,Y,75500,7.8,3300,3300
Jahangir,Cat,208,136-1840,BOISE-typoNORTH FORT MYERS,GA,83722,M,Y,66000,7.8,0,3300
Baltasar,Mizunuma,440,131-1366,PERRYSBURG,OH,43552,M,Y,26500,1.4256897,0,1300
Jaejoo,Iwanuma,203,198-1058,BRIDGEPORT,CT,6602,S,N,98000,5.0,12750,0
Leland,Kadobayashi,253,123-1121,LYNDEN,WA,98264,M,Y,62000,0.0,0,0
Truxton,Spink,509,120-1537,TACOMA,WA,98416,S,N,88500,0.0,0,0
Yudong,Mitkas,218,114-1797,MINNEAPOLIS,MN,55430,M,Y,84000,7.85,0,3300
Tzachi,Cat,785,115-1124,BARNARD,KS,67418,S,Y,33000,6.45,2250,2250
Anderson,Koshors,603,175-1935,NOTTINGHAM,NH,3290,S,N,66500,0.0,0,0
Hwayong,Zendler,301,157-1902,BALTIMORE,MD,21239,S,N,38500,4.75,2400,0
JiYoung,Birdsall,623,120-1345,CORTARO,AZ,85652,M,N,15000,2.9475,0,0
Toshikazu,Antognini,434,117-1101,KEELING,VA,24566,S,N,27500,5.75,900,0
Sabyasachi,Worner,402,140-1879,ATKINSON-typoMADISON LAKE,WV,68713,M,Y,83000,6.84,0,103
Frederick,Markatos,605,143-1115,BROOKINGS,SD,57007,M,Y,78500,0.0,0,0
Itaru,Even,603,169-1693,WARREN,NH,3279,M,N,39500,0.0,0,0
Guohong,Macmillan,302,173-1661,WILMINGTON,DE,19805,M,Y,29500,3.8704543,0,110
Aditya,Ruffo,574,150-1673,BLOOMINGDALE,IN,47832,S,N,19500,3.4,1000,0
Yigit,Wick,787,143-1270,SAN JUAN,PR,909,M,N,35000,0.0,0,0
Ramaswami,Jurik,541,152-1765,KENT-typoHARTMAN,OR-typoGA,97033,M,N,71000,9.0,0,0
Wilfredo,Girona,618,137-1386,CHICAGO,IL,60618,S,Y,31500,3.0,2000,2000
Landon,Lauchli,207,109-1798,WEST FORKS-typoALMONT,ME-typoGA,4985,S,N,25500,8.5,2850,0
Masum,Brooks,208,156-1940,MURRAY,ID,83874,S,N,7000,3.2580833,3300,0
Bertram,Osgood,606,107-1424,MC CARR,KY,41544,M,N,97500,6.0,0,0
Joop,Moursund,571,164-1605,NASSAWADOX,VA,23413,S,Y,500,2.0,900,900
Ladislas,Zukowski,802,111-2064,NORTON,VT,5907,S,Y,99500,4.984724,3300,3300
Junichiro,Aberg,848,146-1659,MILLVILLE,NJ,8332,S,Y,15000,1.4,1000,1500
Detlev,Araki,540,143-1293,NEWBERN,VA,24126,S,Y,5500,2.669643,900,900
Audrey,Keen,623,196-1818,PHOENIX,AZ,85037,S,N,8500,2.87,2100,0
Guohui,Manders,406,198-1577,NASHUA,MT,59248,S,Y,98000,6.9,1900,1900
Lilian,Bentlage,803,148-1342,LADSON,SC,29456,S,N,89500,7.0,3300,0
Alexandr,Weismantel,816,152-1881,BOURBON,MO,65441,S,Y,37000,6.0,2100,1200
Clemens,Purday,504,196-1738,OAK GROVE,LA,71263,M,N,58000,6.0,0,0
Taylor,Klupsz,814,188-1086,SEANOR,PA,15953,S,N,87500,3.07,0,0
Leora,Gibson,423,112-1931,BON AQUA,TN,37025,M,N,60000,0.0,0,0
Anthony,Risk,605,146-1690,WATERTOWN,SD,57201,S,N,56500,0.0,0,0
Danny,Merzbacher,870,170-1901,GEPP,AR,72538,S,N,5000,1.3826939,20,0
Shimshon,Soderston,570,152-1487,LA VETA,PA-typoMI,19093,S,N,79000,3.07,0,0
Yulu,Gehringer,320,149-1501,FOREST LAKE,MN,55025,M,Y,84500,7.85,0,3300
Songjie,Caspi,605,107-1247,ELLSWORTH AFB,SD,57706,S,Y,46500,0.0,0,0
Jaroslaw,Sagawa,480,148-1881,PHOENIX,AZ,85040,S,N,6000,2.87,2100,0
Bilge,Streicher,401,101-2026,GREENVILLE,RI,2828,S,Y,28000,0.0,0,0
Ifor,Bordogna,304,158-1611,KIMBALL,WV,24853,S,Y,84500,6.5,2000,2000
Bongham,Biryukow,208,197-1763,ALMONT,GA,83808,S,Y,27000,7.8,3300,3300
Carine,Sakagami,423,177-1505,DRUMMONDS,TN,38023,S,Y,30500,0.0,0,0
Dudley,Cedeno,402,119-1990,OTOE,NE,68417,M,Y,63500,6.84,0,103
Aneurin,Ali,620,133-1752,HIGHLAND,KS,66035,S,N,51000,6.45,2250,0
Jawad,Lienhardt,520,173-1968,ROUND ROCK,AZ,86547,S,Y,61500,3.6682498,2100,2300
Leona,Koyama,641,182-1737,GARDEN CITY,IA,50102,S,Y,45000,7.111101,40,40
Zhiliang,Bakhtari,302,148-1828,WILMINGTON,DE,19808,S,N,60000,5.95,110,0
Jatin,Cavin,706,185-1149,LA VETA,GA-typoWV,30813,S,N,20000,6.0,2700,0
Ekow,Kurbel,216,174-1481,WILMOT,OH,44689,M,N,24500,1.3593,0,0
Udo,Berleant,812,114-1601,NORTH FORT MYERS,IN-typoWV,47568,S,Y,37000,3.4,1000,1000
Ushio,Olenski,207,143-1936,STRONG,ME,4983,M,Y,26500,8.5,0,2850
Doug,Mitusi,307,158-2068,GREYBULL,WY,82426,S,N,71500,0.0,0,0
Toine,Demmer,505,144-2056,MORA,NM,87732,S,Y,85000,5.3,3300,3300
Kacem,Aba,401,132-1031,WAKEFIELD,RI,2880,M,Y,76500,0.0,0,0
Neila,Waumans,410,108-1752,HAGERSTOWN,MD,21746,S,N,70000,4.75,2400,0
Rolland,Mondadori,907,184-1828,KARLUK,AK,99608,S,Y,67500,0.0,0,0
Haldun,Katona,910,170-1116,KERNERSVILLE,NC,27284,M,N,14000,6.0262237,0,0
Mari,Pino,802,187-1172,WATERBURY,VT,5676,S,N,22500,3.6,3300,0
Jixiang,Bercovich,801,184-1962,SAINT GEORGE,UT,84790,M,Y,98500,7.0,0,2475
Lisbeth,Evens,603,104-1572,PORTSMOUTH,NH,3802,S,N,61500,0.0,0,0
Kaushik,Olkin,262,136-1496,EDGAR,WI,54426,M,Y,56000,5.4194117,0,400
Jairus,Papelis,202,149-1815,WASHINGTON,DC,20395,M,Y,89500,9.0,0,1370
Kiriakos,Stiemerling,856,124-1512,HIGHLAND LAKES,NJ,7422,M,N,30000,1.5577083,0,0
Rami,Styles,608,186-1605,TOMAH,WI,54660,M,N,76500,5.7756023,0,0
Erann,Peral,401,180-1729,PAWTUCKET,RI,2862,S,Y,17000,0.0,0,0
Yaniv,Plummer,941,158-1668,SAINT PETERSBURG,FL,33715,S,Y,43000,0.0,0,0
Veronik,Chaudry,870,133-1652,BENTONVILLE,AR,72712,M,N,60000,7.0,0,0
Chitra,Kombarov,505,107-1082,GARFIELD,NM,87936,S,Y,90500,5.3,3300,3300
Keumog,Mareels,307,129-2095,NORTH FORT MYERS,WV,82190,S,N,88000,0.0,0,0
Roslyn,Parashkevov,339,156-1664,BOLTON,MA,1740,M,N,87000,5.3,0,0
Rajkumar,Jonsson,219,121-1962,SELMA,IN,47383,M,Y,85000,3.4,0,1000
Masao,Recce,603,104-1911,JACKSON,NH,3846,S,N,15000,0.0,0,0
Myla,Tretkoff,714,132-1650,BLYTHE,CA,92225,M,N,74000,9.3,0,0
Bogong,Dragt,770,117-1305,DACULA,GA,30019,M,N,25500,6.0,0,0
Misako,Kehl,231,103-1881,BRIGHTON,MI,48114,M,N,91000,3.9,0,0
Ying,Stentiford,774,117-1155,BOLTON,MA,1740,M,Y,86000,5.3,0,1000
Manoranjan,Convent,308,117-1654,LIBERTY,NE,68381,S,N,68500,6.84,103,0
Melchior,Charretton,601,188-1518,WATERFORD-typoHARTMAN,NV,38685,S,Y,35500,5.0,6000,1500
Yohtaro,Arabi,678,170-1065,NORTH FORT MYERS,GA-typoIA,31107,M,Y,26500,6.0,0,3000
Parimal,Uejio,425,146-1020,WASHOUGAL,WA,98671,M,N,99500,0.0,0,0
Ramamohanrao,McCabe,913,152-1834,AGRA,KS,67621,S,Y,69500,6.45,2250,2250
Darwen,Ruttan,939,176-2061,CAROLINA,PR,986,S,Y,84000,0.0,0,0
Baoling,Corless,802,122-1436,NORTH HARTLAND,VT,5052,S,Y,98000,4.954881,3300,3300
Reinder,Rudaz,939,139-1463,RIO GRANDE,PR,745,M,Y,85000,0.0,0,0
Plamena,Calvin,727,110-1413,DESTIN,FL,32540,S,N,55000,0.0,0,0
Myron,Heinzelmann,520,151-1417,PARKS,AZ,86018,M,N,55500,3.57525,0,0
Boguslaw,Tash,939,112-2080,ROOSEVELT ROADS,PR,742,M,Y,52500,0.0,0,0
Miltos,Kornacker,240,101-1181,PHOENIX,MD,21131,S,N,59500,4.75,2400,0
Wido,Largo,802,111-1521,WAITSFIELD,VT,5673,M,Y,70500,4.407756,0,3300
Bhubaneswar,Tolva,714,163-2034,REPRESA,CA,95671,S,N,54000,9.3,87,0
Chian,Malzbender,971,178-2001,WELCHES,OR,97067,M,N,17000,9.0,0,0
Wally,Weatherly,781,186-2027,TYNGSBORO,MA,1879,M,N,93000,5.3,0,0
Jocelyne,Abali,920,183-1067,KELLNERSVILLE,WI,54215,S,N,90000,6.010166,700,0
Remzi,Kameya,907,110-1975,MEKORYUK,AK,99630,M,N,53500,0.0,0,0
Iordana,McClure,785,166-1318,BEACON FALLS,CT,66439,M,N,90000,6.45,0,0
Usha,Grundmann,206,107-1561,ELLENSBURG,WA,98926,S,N,10000,0.0,0,0
Cuie,Pacholski,207,169-1951,CLINTON,ME,4927,S,N,23500,8.5,2850,0
Mabry,Stallard,406,197-1947,BROADVIEW,MT,59015,S,Y,93500,6.9,1900,1900
Efim,Razborov,207,110-1876,YORK BEACH,ME,3910,S,N,5000,2.2135036,2850,0
Steen,Zhongzhi,952,190-1008,HACKENSACK,MN,56452,S,N,65000,7.724066,3300,0
Rogelio,Edman,219,196-1800,SOUTH BEND,IN,46601,S,Y,60000,3.4,1000,1000
Jordanka,Phan,570,192-2083,BLAIRSVILLE,PA,15717,M,N,48500,3.07,0,0
Masaki,Vigna,605,140-1253,MANSFIELD-typoMADISON LAKE,IA,57460,S,N,65500,0.0,0,0
Astro,Bergevin,251,190-1657,BIRMINGHAM,AL,35235,S,Y,98000,5.0,1500,300
Lama,Nishizawa,208,137-1161,DECLO,ID,83323,M,N,87000,7.8,0,0
Manu,Gyssens,769,112-1098,BROOKHAVEN,MS,39602,S,Y,64000,5.0,6000,1500
Dursun,Dymetman,541,102-1568,NESKOWIN,OR,97149,S,N,51500,9.0,159,0
Suhayya,Hanzalek,208,166-1345,CATALDO,ID,83810,S,N,87000,7.8,3300,0
Sita,Gentili,479,168-1175,LAMAR,AR,72846,S,N,36500,7.0,20,0
Lucy,Coney,785,153-1333,HAVENSVILLE,KS,66432,M,N,61000,6.45,0,0
Parimala,Heusch,734,177-1926,HARTMAN,MI-typoIA,48375,M,Y,85500,3.9,0,3100
Licheng,Pehl,334,106-1766,MOBILE,AL,36630,M,Y,14000,5.0,0,300
Dainis,Korein,769,140-1021,FALCON-typoNORTH FORT MYERS,MI,38628,M,Y,42000,5.0,0,1500
Malu,Weissman,802,109-1844,LYNDONVILLE,VT,5851,M,Y,41000,3.8208396,0,3300
Silviu,Mundy,509,144-1031,SEATTLE,WA,98106,S,N,25500,0.0,0,0
Poorav,McKinley,337,140-1596,CALVIN,LA,71410,S,Y,96500,6.0,4500,1000
Quinlong,Butterfield,859,139-1710,CUB RUN,KY,42729,M,N,91000,6.0,0,0
Ilan,Kobsa,330,114-1646,CINCINNATI,OH,45224,M,Y,86500,3.4173822,0,1300
Gustaf,Maguire,734,137-2084,PALMS,MI,48465,S,N,23000,3.9,3100,0
Hailing,Toledo,414,114-1589,TWO RIVERS,WI,54241,M,N,55500,5.410724,0,0
Edison,Sykas,801,125-1783,IVINS,UT,84738,S,N,75000,7.0,2475,0
Chakravarthy,Donjerkovic,563,184-1000,NEWTON,IA,50208,M,Y,46500,7.3426676,0,40
Yulun,Brainerd,469,100-1233,SAN ANTONIO,TX,78284,M,Y,91500,0.0,0,0
Phill,Iline,574,159-1432,HENRYVILLE,IN,47126,M,N,14000,3.4,0,0
Okihiko,Reitz,504,143-1447,DERIDDER,LA,70634,M,Y,66500,6.0,0,1000
Vram,Panadiwal,401,104-1075,LINCOLN,RI,2865,S,Y,62000,0.0,0,0
Kaihiro,Jeron,769,135-1895,JACKSON,MS,39212,S,Y,85500,5.0,6000,1500
Quanfeng,Kahl,601,120-1801,CHUNKY,MS,39323,S,N,78500,5.0,6000,0
Garrel,Kabuo,207,139-1201,TURNER,ME,4282,S,Y,3000,2.0,2850,2850
Ahish,Ersoy,307,145-1636,HULETT,WY,82720,S,Y,68000,0.0,0,0
Chengwen,Gianantonio,207,111-1075,OWLS HEAD,ME,4854,S,N,34500,8.5,2850,0
Miu,Tanniru,662,159-1537,JACKSON-typoMADISON LAKE,MI,39207,S,N,32000,5.0,6000,0
Juval,Multani,907,103-1872,KIPNUK,AK,99614,S,Y,13000,0.0,0,0
Neff,Viccari,701,151-1720,KARLSRUHE,ND,58744,S,Y,64500,2.50341,3300,3300
Onn,Kubota,878,187-1718,HARRISBURG,PA,17101,M,N,23000,3.07,0,0
Heiki,Tanzariello,402,176-1726,BRUNSWICK,NE,68720,M,Y,100000,6.84,0,103
Nelma,MacGinnes,864,179-1299,CHAPPELLS,SC,29037,M,N,92000,7.0,0,0
Dilvan,Emden,207,183-2043,WEST BETHEL,ME,4286,M,Y,46500,8.5,0,2850
Haran,Gershkovich,620,115-1230,GREENWICH,KS,67055,M,Y,55000,6.45,0,2250
Motoei,Cavedoni,207,116-1343,LIBERTY,ME,4949,S,N,33000,8.5,2850,0
Armand,Delcambre,907,178-1689,KETCHIKAN,AK,99901,M,Y,66500,0.0,0,0
Serge,Cockrell,504,181-1648,FRENCH SETTLEMENT,LA,70733,M,Y,92000,6.0,0,1000
Everald,Waema,361,189-1658,HUMBLE,TX,77347,S,Y,19000,0.0,0,0
Melchior,Domajnko,360,146-1075,SEATTLE,WA,98195,S,Y,97500,0.0,0,0
Claudionor,Aoe,719,153-1699,ALMA,CO,80420,M,Y,44000,4.63,0,0
Calum,Ezeiza,605,119-2007,HARTMAN,WV,57656,S,Y,44000,0.0,0,0
Mandayan,Chuan,206,120-1686,COLLEGE PLACE-typoMADISON LAKE,WA-typoWV,99324,S,Y,7500,0.0,0,0
Michiko,Hamburger,786,124-1540,WAUCHULA,FL,33873,M,Y,80500,0.0,0,0
Rabinder,Arentze,702,197-2049,MESQUITE,NV,89024,S,Y,99500,0.0,0,0
Taenam,Schreier,980,183-2018,WILKESBORO,NC,28697,M,Y,91500,7.6520977,0,3300
Yasuma,Hodzic,571,150-2060,CHARLOTTESVILLE,VA,22901,M,Y,11500,4.276786,0,900
Keld,Rotenberg,603,189-1283,BROOKLINE,NH,3033,M,N,52500,0.0,0,0
Kester,Heiner,414,176-1984,GRAND MARSH,WI,53936,S,N,73000,5.714789,700,0
Rosalyn,Broomell,914,163-2047,JAVA VILLAGE-typoALMONT,IA,14083,S,N,56000,4.2780485,0,0
Kousuke,Iscoe,605,171-1766,WITTEN,SD,57584,S,N,65500,0.0,0,0
Sethuraman,Usha,720,170-1342,CRAWFORD,CO,81415,S,Y,34500,4.63,0,0
Ahmad,Fargier,406,180-1266,COLSTRIP,MT,59323,S,Y,62500,6.9,1900,1900
Yahya,Ahlsen,518,180-1946,YONKERS,NY,10704,M,N,20000,4.0695124,0,0
Yuejun,Dkaki,623,193-1937,PEORIA,AZ,85345,S,Y,97500,4.2262497,2100,2300
Damianos,Khodabandeh,262,174-1499,MENASHA,WI,54952,M,N,1500,4.6,0,0
Kyungwol,Bala,939,188-1169,OROCOVIS,PR,720,M,Y,23000,0.0,0,0
Kyungshik,Jupin,401,161-1526,WARWICK,RI,2886,S,N,35500,0.0,0,0
Gerbert,Bergler,401,195-1477,HOPKINTON,RI,2833,S,Y,76500,0.0,0,0
Darla,Brophy,208,174-2033,DECLO-typoBEACON FALLS,WV,83323,S,N,78500,7.8,3300,0
Kaizheng,Skowron,843,167-1558,CLIO,SC,29525,S,N,98000,7.0,3300,0
Ahvin,Boudaillier,208,164-1242,ALMONT,ID-typoIA,83871,M,N,79000,7.8,0,0
Xuequn,Andradas,301,197-1535,LAUREL,MD,20726,S,Y,31000,4.75,2400,2400
Warren,Schweikhardt,207,114-1657,EASTPORT,ME,4631,S,Y,9000,4.111314,2850,2850
Lorri,Coney,801,131-2051,SALT LAKE CITY,UT,84147,S,N,60500,7.0,2475,0
Filipp,Potorti,804,164-1174,RICHMOND,VA,23221,M,Y,84000,5.75,0,900
Orestes,Praus,740,124-1556,SALEM,OH,44460,M,N,11000,0.91116923,0,0
Jintae,Raebel,765,140-1932,BURKET,IN,46508,M,N,64000,3.4,0,0
Boris,Ingvarson,585,162-1010,BRONX-typoLA VETA,NY-typoWV,10467,S,Y,64500,4.3272867,0,1000
Adas,Kamo,308,116-1278,PLEASANTON,NE,68866,M,Y,26000,6.7512035,0,103
Kok,Hartroth,208,191-1969,GIBBONSVILLE,ID,83463,M,N,34000,7.8,0,0
Wuudiann,Dendorfer,847,148-1098,CHICAGO-typoLA VETA,NV,60669,S,N,84000,3.0,2000,0
Prabhakar,Grabczewski,907,182-2014,PRUDHOE BAY,AK,99734,S,N,31500,0.0,0,0
Reg,Giesl,217,115-1885,PEARL CITY,IL,61062,M,N,31000,3.0,0,0
Hiromu,Andreassen,843,192-1947,CHARLESTON,SC,29425,M,N,58500,7.0,0,0
Izidor,Merkl,802,103-1944,SUTTON,VT,5867,S,Y,82500,4.6465015,3300,3300
Meiyappan,Tokar,580,154-1425,OKLAHOMA CITY-typoMADISON LAKE,OK-typoMI,73150,S,N,56000,6.25,1000,0
Yuichiro,Leverett,406,140-1329,RYEGATE,MT,59074,S,N,26000,6.9,1900,0
Fritz,Karlapalem,971,148-2049,MEDFORD,OR,97501,M,N,54000,9.0,0,0
Chandrakant,Karasan,208,142-1620,GARDEN CITY,ID,83714,S,N,39500,7.8,3300,0
Mara,Traunmuller,775,159-1675,LAS VEGAS,NV,89139,M,N,85000,0.0,0,0
Ajrapet,Takiguchi,423,149-1131,CROSSVILLE,TN,38572,S,N,35500,0.0,0,0
Toshimi,Heberlein,765,176-1321,FRIENDSHIP,IN,47021,M,N,41000,3.4,0,0
Changwoo,Therber,425,153-1098,PULLMAN,WA,99164,S,Y,88500,0.0,0,0
Beom,Shirai,903,105-1179,BUNA,TX,77612,M,N,11000,0.0,0,0
Amancio,Roodyn,203,116-1737,WATERBURY,CT,6708,M,N,21000,5.0,0,0
Rafail,Baayen,417,188-1633,BRASHEAR,MO,63533,S,Y,37500,6.0,2100,1200
TuBao,Fortenbacher,601,101-1156,PASCAGOULA,MS,39581,S,N,94500,5.0,6000,0
Xiaoqing,Thies,618,180-1493,THAWVILLE,IL,60968,S,Y,89500,3.0,2000,2000
Johanna,Camarinopoulos,843,130-1793,COLUMBIA,SC,29224,M,N,67000,7.0,0,0
Laurie,Gori,845,126-1248,SYRACUSE,NY,13208,M,Y,100000,4.5329266,0,1000
Sampalli,Eversberg,302,127-1155,HOUSTON,DE,19954,M,N,1500,2.2,0,0
Sivaramakrishnan,Suwunboriruksa,623,103-1087,PHOENIX,AZ,85031,S,N,21500,3.04825,2100,0
Linore,Albarhamtoshy,307,176-1080,HYATTVILLE,WY,82428,M,N,70000,0.0,0,0
KaiCheng,Chrzastowski,612,100-1485,HARTMAN,IA,56545,M,N,41000,6.443383,0,0
Anjaneyulu,Sartini,862,191-1178,NEWARK,NJ,7198,S,N,22500,1.439427,1000,0
Pavla,Wotawa,605,179-1891,IRENE,SD,57037,M,Y,81000,0.0,0,0
Anzhelika,Leeuwen,801,138-1769,PANGUITCH-typoALMONT,UT-typoGA,84759,M,Y,29500,7.0,0,2475
Nihar,Noro,617,126-2081,LOWELL,MA,1854,M,Y,7500,5.3,0,1000
Loren,Boughanem,224,146-1976,DORSEY,IL,62021,M,Y,44500,3.0,0,2000
Aditi,Handelman,814,190-1444,NEW KENSINGTON,PA,15069,M,Y,81000,3.07,0,0
Billy,Falster,515,132-1623,LA VETA,IA-typoGA,51019,S,Y,36000,5.7216997,40,40
Sabah,Polo,501,115-1008,O KEAN,AR,72449,M,N,44000,7.0,0,0
Zhanliang,Gecsei,605,126-2047,GLENHAM,SD,57631,M,N,32500,0.0,0,0
Stelios,Wilfong,719,146-1337,DINOSAUR,CO,81610,S,Y,34000,4.63,0,0
Zahidul,Vinek,512,177-2084,TRINITY,TX,75862,M,Y,89000,0.0,0,0
Lissa,Hader,401,162-1409,MADISON LAKE,RI-typoGA,2911,S,Y,36500,0.0,0,0
Ayako,Ozols,267,179-1025,WHITE HAVEN,PA,18661,M,N,35500,3.07,0,0
Sudhir,Cannard,912,146-1384,FARGO,GA,31631,S,N,85000,6.0,2700,0
Youzou,Konuru,931,132-1383,COOKEVILLE,TN,38501,S,N,18000,0.0,0,0
Charlotte,Gambosi,228,198-1113,MADISON,MS,39130,M,Y,4500,3.0,0,1500
LouAnn,Diekema,207,192-1939,FRIENDSHIP,ME,4547,S,N,76000,8.5,2850,0
Isao,Eversberg,702,173-1500,GARDNERVILLE,NV,89410,M,N,48500,0.0,0,0
Naotaka,Farris,304,160-1831,TORNADO,WV,25202,S,N,28500,4.295,2000,0
Romas,Bals,262,182-1578,BANCROFT,WI,54921,S,Y,47000,5.2630353,700,400
Randolph,Mundhenk,410,126-2002,LEONARDTOWN,MD,20650,M,N,15500,4.75,0,0
Amy,Berard,540,105-1000,DULLES,VA,20104,M,N,69000,5.75,0,0
Josiane,Aagedal,270,155-1007,COXS CREEK,KY,40013,M,N,59500,5.138889,0,0
Qijia,Gordesch,939,173-2019,SAN JUAN,PR,916,S,N,78500,0.0,0,0
Madhan,Nitta,773,150-1491,ELGIN,IL,60124,M,Y,76000,3.0,0,2000
Rozalia,Metais,919,169-2093,PINEBLUFF,NC,28373,M,Y,36000,6.4877625,0,3300
Bobby,Prampolini,646,125-1946,NEW YORK,NY,10024,M,N,31000,4.1332316,0,0
Cornelis,Dewar,480,100-1812,TUCSON,AZ,85751,S,N,32500,3.21875,2100,0
Sanzheng,Mulders,563,177-1960,KANAWHA,IA,50447,S,N,8000,1.3991178,40,0
Monia,Westby,307,157-1346,OSAGE,WY,82723,M,Y,63000,0.0,0,0
Letha,Forum,308,156-1226,OMAHA,NE,68137,M,N,78000,6.84,0,0
Juana,Alencar,315,145-1773,GREENWOOD LAKE,NY,10925,S,N,31500,4.136128,0,0
Dale,Agi,302,166-1007,WILMINGTON,DE,19809,M,N,9500,2.5068183,0,0
Jusung,Antonakopoulos,304,119-1879,MC GRAWS,WV,25875,S,N,28500,4.295,2000,0
Seyed,Beal,712,102-2035,MOORLAND,IA,50566,M,Y,61000,8.98,0,40
Plamena,Iliopoulos,301,186-1319,CUMBERLAND,MD,21505,M,Y,8500,4.75,0,2400
Yoav,Rowen,701,142-1262,MAYVILLE,ND,58257,M,Y,53500,2.3758955,0,3300
Melven,N'Dong,617,130-1640,WAREHAM,MA,2571,M,Y,99000,5.3,0,1000
Vivekananda,Girona,802,155-1215,NEWFANE,VT,5345,S,N,72500,4.4475465,3300,0
Xuhua,Bao,308,186-1956,CLAY CENTER,NE,68933,S,Y,35000,6.84,103,103
Bishnu,Hibbard,939,164-1419,SAN JUAN,PR,901,M,N,56000,0.0,0,0
Sreerupa,Petrakis,406,173-1784,VALIER,MT,59486,S,Y,2000,1.0,1900,1900
Nava,Wunderlin,706,189-1689,ATTAPULGUS,GA,39815,M,Y,72500,6.0,0,3000
Yki,Bittar,505,118-1241,FAYWOOD,NM,88034,M,N,29500,5.3,0,0
Joel,Sulack,501,123-1773,PARKS,AR,72950,M,Y,8000,2.0997968,0,20
Kella,Nyberg,208,134-1627,NEW MEADOWS,ID,83654,M,N,42000,7.8,0,0
Hergen,Leitman,605,173-1856,ROWENA,SD,57056,S,Y,1000,0.0,0,0
Aviram,Grit,303,142-1912,GOLDEN,CO,80402,M,Y,98500,4.63,0,0
Gero,Cotronis,435,127-1918,SALT LAKE CITY,UT,84108,M,N,74500,7.0,0,0
Naoto,Kann,808,110-1640,NORTH FORT MYERS,HI-typoNV,96739,S,Y,83000,8.25,1040,1040
Branislava,Covnot,415,136-1455,ARNOLD,CA,95223,S,Y,97000,9.3,87,272
Rabab,Aleksandrov,248,156-1739,WINN,MI,48896,M,N,94000,3.9,0,0
Othar,Corsini,304,189-1175,CHARLESTON-typoHARTMAN,WV-typoCT,25312,M,Y,33500,4.645,0,2000
Sreerama,Tockey,862,108-1790,MOUNTAIN LAKES-typoLA VETA,NV,7046,S,N,60000,2.0308332,1000,0
Sigurd,Krider,803,145-1018,FORT MILL,SC,29716,S,Y,47000,7.0,3300,3300
Raj,Atchley,308,111-1445,OMAHA,NE,68136,M,N,98000,6.84,0,0
Jared,Dydek,330,127-1325,MONTEZUMA,OH,45866,M,Y,34000,1.6746514,0,1300
Yingjia,Iciki,808,144-1698,ANAHOLA,HI,96703,M,N,62000,8.25,0,0
Romeo,Marshall,208,141-1820,WEIPPE,ID,83553,S,N,36500,7.8,3300,0
Amotz,Skandalis,620,116-1422,GRAINFIELD,KS,67737,M,N,95500,6.45,0,0
Chengchang,Bale,302,134-1671,BEAR,DE,19701,S,N,48500,5.165909,110,0
Carson,Seipel,207,192-1826,POWNAL,ME,4069,M,Y,71000,8.5,0,2850
Kazuhiko,Alton,401,115-1867,BRISTOL,RI,2809,S,Y,37500,0.0,0,0
Yalin,Subhlok,203,145-1124,NORTH FORT MYERS,CT-typoMI,6042,M,Y,23000,5.0,0,0
Tzachi,Lecce,202,162-2056,WASHINGTON,DC,20044,M,Y,31500,9.0,0,1370
Yewei,Crames,401,165-1365,PAWTUCKET,RI,2862,M,Y,68000,0.0,0,0
Hichem,Gyorkos,551,142-1525,PEMBERTON,NJ,8068,S,Y,30000,1.5577083,1000,1500
Derrell,Yagawa,253,137-1339,EVERETT,WA,98204,S,N,90500,0.0,0,0
Toshiki,Jarzembski,515,111-1391,DECATUR,IA,50067,S,Y,25000,4.0235424,40,40
Gadi,Amoura,410,136-1244,HUNT VALLEY,MD,21065,S,Y,2500,4.0625,2400,2400
Kazuyuki,Eskilson,208,127-1358,EAGLE,ID,83616,M,Y,8500,3.683888,0,3300
Badrul,Haefner,701,152-1240,ARNEGARD,ND,58835,S,N,85500,2.7468474,3300,0
Midori,Chretien,775,115-1999,LAS VEGAS,NV,89157,S,N,95000,0.0,0,0
Eyas,Zagrouba,302,163-1811,WILMINGTON,DE,19807,S,N,45500,4.961364,110,0
Kan,Arlabosse,603,125-1106,ROCHESTER,NH,3866,M,N,80500,0.0,0,0
Tadashi,Pierro,307,158-1689,LARAMIE,WY,82072,M,Y,74000,0.0,0,0
Avis,Koschutzki,401,130-1843,SMITHFIELD,RI,2917,S,N,84000,0.0,0,0
Chitresh,Ikei,414,161-1432,MADISON,WI,53774,M,Y,15500,4.7157183,0,400
Dunja,Kader,580,133-1009,CAMARGO,OK,73835,M,Y,57500,6.25,0,1000
Pinaki,Welten,360,190-1125,ROLLINGBAY,WA,98061,M,N,65000,0.0,0,0
Shushma,McMahon,305,191-1872,ORLANDO,FL,32899,M,Y,58000,0.0,0,0
Yogeesh,Koblitz,406,155-1226,ASHLAND,MT,59004,M,Y,69000,6.9,0,1900
Yoshinao,Rusmann,401,194-1235,NARRAGANSETT,RI,2882,S,Y,5500,0.0,0,0
Paulis,Alimohamed,504,137-1821,HARTMAN,WV,70575,M,Y,75500,6.0,0,1000
Youjip,Dollas,857,159-1441,ASHBURNHAM,MA,1430,M,Y,46500,5.3,0,1000
Katsunobu,Cejtlin,870,155-2090,CABOT,AR,72023,S,Y,15500,3.892554,20,20
Habib,Pham,330,135-1568,RENO,OH,45773,M,Y,9000,0.8447795,0,1300
Guglielmo,Angot,810,188-1011,FAIRVIEW,MI,48621,S,Y,11500,3.9,3100,3100
Windsor,Trommer,912,100-1029,AUGUSTA,GA,30917,M,N,5000,4.4,0,0
Sabrina,Pottossine,952,137-1118,ROSEAU,MN,56751,S,N,19500,5.35,3300,0
Daryl,Winters,803,186-1166,AIKEN,SC,29801,M,Y,43500,7.0,0,3300
Alty,Ropelewski,802,169-1911,CORINTH,VT,5039,S,N,11000,3.6,3300,0
Eitan,Koester,864,133-1290,NEW ELLENTON,SC,29809,M,Y,28000,7.0,0,3300
Wanghong,Bolshov,605,170-1906,LYONS,SD,57041,M,Y,95500,0.0,0,0
Cuie,Awdeh,919,195-1617,CHARLOTTE,NC,28216,M,N,85500,7.5262237,0,0
Nasreddine,Struble,307,195-1258,HUDSON,WY,82515,S,Y,39500,0.0,0,0
Byungki,Alfredsen,505,193-1275,ESPANOLA-typoMADISON LAKE,NM-typoIA,87532,M,Y,72000,5.3,0,3300
Dimitris,Alewine,620,155-1016,GOFF,KS,66428,S,N,6000,3.5,2250,0
Sylvia,Zullighoven,706,149-1748,COLUMBUS,GA,31906,M,Y,91500,6.0,0,3000
Ambrose,Lichnewsky,251,121-2080,SHORTER,AL,36075,S,Y,64000,5.0,1500,300
Jeretta,Randt,314,118-1405,GOLDEN,MO,65658,S,Y,36000,6.0,2100,1200
Cedric,Duncan,775,163-1738,PAHRUMP,NV,89041,M,N,19000,0.0,0,0
Sajoong,Dolken,567,160-1152,COLUMBUS,OH,43221,S,N,1500,0.712,1300,0
Ryutaro,Brook,228,159-1760,BILOXI,MS,39533,M,Y,44500,5.0,0,1500
Kamil,Yakhnis,203,164-1686,BOZRAH,CT,6334,M,N,72500,5.0,0,0
Songjie,Montelius,302,165-2038,MAGNOLIA,DE,19962,S,Y,80000,5.95,110,110
Christi,Nyberg,302,176-1498,MILLVILLE,DE,19967,M,Y,97000,5.95,0,110
Hiroyuke,Hedger,858,110-1640,LEMOORE,CA,93246,M,N,38500,8.5971985,0,0
Chengfeng,Dougan,435,196-1651,MONTEZUMA CREEK,UT,84534,M,Y,56000,7.0,0,2475
Wunnava,Kisuki,701,144-1497,YORK,ND,58386,M,N,90000,2.7990127,0,0
Dinkar,Diefendorff,571,139-1560,STAFFORD,VA,22555,M,N,88500,5.75,0,0
Dongsu,Gourishankar,603,111-1610,STINSON LAKE,NH,3274,M,Y,73500,0.0,0,0
Jamshid,Lundstrom,682,185-1410,TYE,TX,79563,M,N,75500,0.0,0,0
Anjaneyulu,Mellouli,808,148-1154,HALEIWA,HI,96712,M,Y,2000,1.4,0,1040
Arnon,Ierardi,828,158-1616,MADISON,NC,27025,S,N,7000,6.0,3300,0
Jaak,Bentlage,651,196-1617,VICTORIA,MN,55386,M,Y,3500,5.35,0,3300
Rory,Cramer,618,193-1290,SOUTH PEKIN,IL,61564,S,N,83500,3.0,2000,0
Kyhyun,Yavatkar,765,163-1309,ATLANTA,IN,46031,M,N,13000,3.4,0,0
Tokuyasu,Sakurai,315,100-1436,AU SABLE FORKS,NY,12912,M,N,29000,4.1216464,0,0
Guther,Nastansky,727,105-1061,MERRITT ISLAND,FL,32952,S,N,83000,0.0,0,0
Bhuwan,Dondis,864,171-1722,MONETTA-typoHARTMAN,NV,29105,M,N,52500,7.0,0,0
Shengdong,Mechling,573,148-1344,EOLIA,MO,63344,S,N,73500,6.0,2100,0
Maksim,Higashino,859,195-1530,ALBANY,KY,42602,S,N,67500,5.583333,20,0
Amitabha,Gellerich,757,170-1843,MADISON LAKE,GA,23109,S,N,9500,3.7410712,900,0
Sangiv,Formenti,859,152-1076,CROMONA-typoBEACON FALLS,WV,41810,M,N,27500,3.3611112,0,0
Aditi,Ritondale,602,164-1558,SASABE,AZ,85633,M,Y,92500,4.14875,0,2300
Kirsten,Accomazzi,702,151-1725,NORTH LAS VEGAS,NV,89036,S,N,24500,0.0,0,0
Djamal,Casey,612,105-1978,WINNEBAGO,MN,56098,M,Y,60500,7.483938,0,3300
Ounissa,Goffman,801,125-1336,AURORA,UT,84620,M,Y,96500,7.0,0,2475
Caterina,Feldmesser,203,176-1991,DARIEN,CT,6820,M,N,81000,5.0,0,0
Anu,Shebanow,781,177-1624,HOPEDALE,MA,1747,M,Y,79000,5.3,0,1000
Sestian,Pekkanen,612,155-1251,HACKENSACK,MN,56452,S,Y,67500,7.85,3300,3300
Omri,Choon,253,141-1394,ELBE,WA,98330,M,Y,50000,0.0,0,0
Lih,Beeson,412,170-1905,CALLERY-typoBEACON FALLS,PA-typoNV,16024,M,Y,99500,3.07,0,0
Injun,Gudeman,574,116-1137,WOLCOTT,IN,47995,M,N,31500,3.4,0,0
Gurbir,Isbitz,310,189-2008,LOMPOC,CA,93437,M,N,54500,9.3,0,0
Sivaramakrishnan,Mutch,901,180-1192,LUPTON CITY,TN,37351,S,Y,46000,0.0,0,0
Godehard,Meyerhoff,860,160-1262,DANBURY,CT,6810,S,Y,75000,5.0,12750,0
Boonserm,Zucker,513,167-1712,MILLBURY,OH,43447,M,Y,41500,1.9236128,0,1300
Bran,Darbha,901,193-1218,ALMONT,TN-typoNV,37135,S,N,68000,0.0,0,0
Misako,Normann,516,181-1620,SUGAR LOAF,NY,10981,S,Y,40500,4.188262,0,1000
Tohru,Hasker,701,140-1699,DEVILS LAKE,ND,58301,S,N,7500,2.1,3300,0
Melinda,Kageura,404,135-1204,EATONTON,GA,31024,M,Y,33500,6.0,0,3000
Ewan,Iscoe,763,121-2021,LASTRUP,MN,56344,S,Y,81000,7.85,3300,3300
Herschel,Chevallet,270,120-1379,OLATON,KY,42361,M,N,52500,4.75,0,0
Girolamo,Cheylan,302,193-1831,MONTCHANIN,DE,19710,S,N,9500,2.5068183,110,0
Olgo,Schriesheim,580,185-1674,SNYDER,OK,73566,S,N,54500,6.25,1000,0
Naomichi,Ceccarelli,307,152-1537,CHUGWATER,WY,82210,S,N,71000,0.0,0,0
Isdor,Schwanke,808,103-1485,HALEIWA,HI,96712,M,N,33500,7.0782895,0,0
Prentiss,Zunino,207,165-1905,LEWISTON,ME,4241,M,N,16500,7.6697083,0,0
Alia,Peuto,808,197-1346,PRINCEVILLE,HI,96722,S,N,8000,2.4815788,1040,0
Belhadri,America,406,178-1128,MARTIN CITY,MT,59926,M,Y,55000,6.9,0,1900
Yakkov,Bodwin,308,159-2054,HARTMAN,GA,68643,M,Y,63000,6.84,0,103
Rajat,Dosser,302,198-1685,WILMINGTON,DE,19890,M,N,67500,5.95,0,0
Ronghao,Altis,412,136-1887,EMMAUS,PA,18099,M,N,98000,3.07,0,0
Brigitte,Zhiyi,520,166-1644,SOMERTON,AZ,85350,M,N,13000,2.9164999,0,0
Yitzhak,Regli,870,172-1423,BARLING,AR,72923,M,N,6000,1.6217282,0,0
Krishnamurthi,Sivarajan,208,126-2090,RIGBY-typoNORTH FORT MYERS,ID-typoIA,83442,M,Y,38000,7.8,0,3300
Siddharth,Parisotto,785,103-1066,HAVANA,KS,67347,S,N,43500,6.45,2250,0
Bindu,Yamnitsky,307,107-1312,MOOSE,WY,83012,M,Y,37000,0.0,0,0
Moie,Trumbly,214,144-1201,MARSHALL,TX,75670,S,Y,31000,0.0,0,0
Shiyun,Colignon,319,196-1161,WALNUT,IA,51577,M,N,69000,8.98,0,0
Jool,Wafin,802,106-1469,COLCHESTER-typoHARTMAN,MI,5446,S,N,72500,4.4475465,3300,0
Hanspeter,Boden,228,144-1523,LA VETA,MI,38731,S,Y,47500,5.0,6000,1500
Heekuck,Poel,831,173-1856,ALMONT,CA-typoNV,91372,M,N,32500,7.1807356,0,0
Dhritiman,Krychniak,478,171-1746,MARIETTA,GA,30006,M,Y,27000,6.0,0,3000
Artyom,Tomescu,505,127-1572,ALBUQUERQUE,NM,87119,S,N,38000,5.3,3300,0
Couto,Rosaz,218,173-1578,MADISON LAKE,MN-typoNV,55803,S,N,78500,7.85,3300,0
Suneel,Loizou,706,120-1091,MACON,GA,31211,S,N,23000,6.0,2700,0
Jeane,Michaels,314,141-1666,LA VETA,MO-typoIA,65650,S,N,72000,6.0,2100,0
Shyhtsun,Murillo,308,138-1228,WINNEBAGO,NE,68071,M,Y,16500,5.064067,0,103
Maroun,Olagunju,864,192-1202,GREENVILLE,SC,29607,M,Y,34500,7.0,0,3300
Gabriel,Elgaard,808,170-1393,KAMUELA,HI,96743,M,N,20000,4.644737,0,0
Hongki,Bonfils,907,137-1650,SALCHA,AK,99714,S,N,55000,0.0,0,0
Rehmi,Picci,207,137-1866,NEW GLOUCESTER,ME,4260,M,Y,68500,8.5,0,2850
Kousuke,Schrock,812,156-2013,EVANSVILLE,IN,47721,M,Y,86000,3.4,0,1000
Didir,Tautenhahn,606,192-1150,OIL SPRINGS,KY,41238,S,Y,3000,2.0,20,20
Thanasis,Ruohonen,302,179-1206,DOVER,DE,19901,M,N,59000,5.881818,0,0
Raghunandan,Maccari,215,152-2069,BRYN ATHYN,PA,19009,M,Y,4500,3.07,0,0
Yeona,Reeken,360,137-1685,KENT,WA,98042,S,N,54500,0.0,0,0
Kyungwol,Clegg,318,161-1959,ALEXANDRIA,LA,71302,M,Y,89000,6.0,0,1000
Zhenzhong,Boudjlida,614,138-1239,CLEVELAND-typoLA VETA,WV,44198,M,N,97500,3.7825255,0,0
Ezio,Goti,614,124-2056,CHESTERHILL,OH,43728,M,Y,87500,3.4505768,0,1300
Foued,Clough,307,133-1819,MILLS,WY,82644,M,N,16000,0.0,0,0
Ibraheem,Nerbonne,240,172-1566,DAMASCUS,MD,20872,M,Y,28500,4.75,0,2400
Guntis,Brabec,787,148-1175,SABANA HOYOS,PR,688,S,N,94000,0.0,0,0
Ruddy,Serpell,201,129-1522,CRANFORD,NJ,7016,M,Y,45500,1.8021562,0,1500
Tarun,Marrakchi,586,109-1239,BOYNE FALLS,MI,49713,M,Y,87500,3.9,0,3100
Roel,Shnaider,406,107-1174,FORT SHAW,MT,59443,M,Y,71000,6.9,0,1900
Timm,Korelc,401,100-1109,PAWTUCKET,RI,2862,M,N,71500,0.0,0,0
Gediminas,Guttag,939,194-1814,COAMO,PR,769,M,N,26500,0.0,0,0
Nourredine,Fouss,786,114-1248,HOMESTEAD,FL,33031,M,Y,58500,0.0,0,0
Hatsukazu,Terwiesch,660,115-1478,SAINT JOSEPH,MO,64507,M,N,38000,6.0,0,0
Akemi,Donini,304,184-1949,WINONA,WV,25942,S,Y,5000,3.0,2000,2000
Gouhua,Aue,419,102-2084,CARROLLTON,OH,44615,M,N,28000,1.475482,0,0
Yumiko,Leishman,615,142-1363,WOODLAND MILLS,TN,38271,S,N,57500,0.0,0,0
Lyman,Nozawa,423,168-1588,KNOXVILLE,TN,37932,S,Y,42500,0.0,0,0
Jinsong,Lvov,224,131-1039,PORT BYRON,IL,61275,M,N,28000,3.0,0,0
Inhye,Ihrig,313,198-1928,BRUCE CROSSING,MI,49912,S,Y,13500,3.9,3100,3100
Gabor,Gruenberg,505,145-1069,GARITA,NM,88421,M,N,40500,5.3,0,0
Yiya,Bernabeu,605,162-1616,WAKPALA,SD,57658,M,N,97000,0.0,0,0
Pushpa,Perkins,413,162-1524,BREWSTER,MA,2631,S,Y,26000,5.3,3575,1000
Vijnan,Yezerski,574,182-1096,STAUNTON,IN,47881,M,Y,60500,3.4,0,1000
Grace,Varker,971,183-1828,OTIS-typoALMONT,OR-typoIA,97368,S,Y,38500,9.0,159,159
Shimei,Orejas,878,129-1374,VALLEY FORGE,PA,19482,M,Y,10000,3.07,0,0
Malti,Cremonini,325,177-1806,WEST COLUMBIA,TX,77486,M,Y,43500,0.0,0,0
Takayuki,Yanover,601,182-1197,CARRIERE,MS,39426,S,Y,48000,5.0,6000,1500
Miomir,Reis,858,156-1291,CANYON DAM,CA,95923,S,N,100000,9.3,87,0
Quinn,Narasayya,907,183-1975,VENETIE,AK,99781,M,N,80000,0.0,0,0
Elias,Bedard,480,103-1813,PHOENIX,AZ,85031,S,Y,58000,3.6139998,2100,2300
Liangjie,Lienhardt,415,124-1610,IRVINE,CA,92710,M,Y,48000,9.3,0,272
Jelena,Marrevee,401,139-1814,NORTH SCITUATE,RI,2857,M,Y,59500,0.0,0,0
Detlef,Bruso,563,105-1484,PISGAH,IA,51564,M,N,99000,8.98,0,0
Subhankar,Rochowiak,307,145-1542,BYRON,WY,82412,S,Y,76000,0.0,0,0
Anneke,Cardiff,732,187-1165,WEST MILFORD,NJ,7480,M,Y,28000,1.5261667,0,1500
Manoru,Marquard,316,116-1994,TORONTO,KS,66777,M,Y,80500,6.45,0,2250
Tuyen,Dolins,971,198-1442,MYRTLE CREEK,OR,97457,S,N,51500,9.0,159,0
Fritz,Pole,561,155-1935,SAINT PETERSBURG,FL,33741,S,N,99500,0.0,0,0
Karl,Nitadori,765,182-1247,CLAYPOOL,IN,46510,M,Y,91000,3.4,0,1000
Theirry,Tekampe,207,140-1302,LUBEC,ME,4652,S,N,50000,8.5,2850,0
Hassane,Fuchs,775,179-1662,CARSON CITY,NV,89705,S,Y,16500,0.0,0,0
Jesse,Hemerik,715,102-1178,GLEN HAVEN,WI,53810,M,N,73500,5.7234764,0,0
Furio,Dur,605,105-1038,OLDHAM,SD,57051,S,N,80500,0.0,0,0
Montserrat,Traunmuller,913,161-1193,WICHITA,KS,67204,M,N,23000,5.0733333,0,0
Radhakrishnan,Pavlovsky,860,139-2072,DURHAM,CT,6422,M,Y,47000,5.0,0,0
Molly,Spence,939,150-1176,MAYAGUEZ,PR,682,S,N,78000,0.0,0,0
Harjinder,Steffen,502,166-1135,SANDY HOOK,KY,41171,S,Y,45000,4.333333,20,20
Vinot,Kayton,207,153-1064,WASHBURN,ME,4786,S,N,97000,8.5,2850,0
Huatian,Matthijssen,585,176-1625,FAR ROCKAWAY,NY,11693,M,Y,19500,4.066616,0,1000
Gilberto,Assche,775,180-1791,LAS VEGAS,NV,89105,S,N,96000,0.0,0,0
Arnaud,Ramnath,603,132-1486,SANBORNVILLE,NH,3872,M,Y,24500,0.0,0,0
Eduard,Zuberek,716,182-1160,CAMBRIA HEIGHTS,NY,11411,M,N,82000,4.4286585,0,0
Arun,Lorch,208,145-1177,FENN,ID,83531,S,Y,77000,7.8,3300,3300
Hans,Mueller,203,124-2018,EAST LYME,CT,6333,M,N,20500,5.0,0,0
Rishiyur,Milgram,808,147-1915,KUNIA,HI,96759,M,Y,1000,1.4,0,1040
Geof,Heckmann,208,127-1241,BOISE,ID,83712,S,Y,53500,7.8,3300,3300
Jayen,McCrosky,404,114-1232,TALKING ROCK,GA,30175,S,Y,96500,6.0,2700,3000
Reza,Puppe,814,153-1887,SLIPPERY ROCK,PA,16057,M,Y,63500,3.07,0,0
Zekeriya,Kadobayashi,505,125-1191,SAN ACACIA-typoBEACON FALLS,IA,87831,S,Y,68000,5.3,3300,3300
Changming,Livari,973,126-1735,GLEN GARDNER,NJ,8826,M,N,78500,2.3225937,0,0
Elspeth,Mercankosk,989,185-1944,FOSTORIA,MI,48435,S,Y,63500,3.9,3100,3100
Naresh,Leazer,505,190-1751,SANTA FE,NM,87592,S,N,53000,5.3,3300,0
Armen,Sokoler,478,109-1519,ATLANTA,GA,30396,M,N,75500,6.0,0,0
Bluma,Vrain,662,153-1811,LA VETA,MS-typoIA,38610,M,N,48000,5.0,0,0
Subash,Junnemann,787,141-1282,SAN LORENZO-typoALMONT,PR-typoIA,754,S,N,87500,0.0,0,0
Hirotani,Wiederhold,202,155-1671,WASHINGTON,DC,20431,S,Y,17000,6.075,1370,1370
Rusell,Masamoto,208,182-1099,BOISE,ID,83725,M,N,78500,7.8,0,0
Ryuzo,Acioly,551,112-1660,HARTMAN,MI,7019,M,Y,43000,1.7627292,0,1500
Sathiamoorthy,Borchering,701,103-1958,MENOKEN,ND,58558,M,Y,38500,2.2020116,0,3300
Shivraj,Mercer,660,107-1969,KANSAS CITY,MO,64139,S,Y,85000,6.0,2100,1200
Dharmaraja,Kaelbling,308,130-1735,CARROLL,NE,68723,M,Y,34500,6.84,0,103
Tru,Truscott,928,132-1665,SCOTTSDALE,AZ,85267,M,N,57000,3.5984998,0,0
Ascander,Reeds,701,163-1820,ROBINSON,ND,58478,S,Y,54500,2.3874876,3300,3300
Tich,Pemberton,605,131-1431,LYONS,SD,57041,S,N,25500,0.0,0,0
Jeremiah,Puustjarvi,971,131-1754,DEADWOOD,OR,97430,S,N,25500,9.0,159,0
Jaroslav,Penniman,401,165-1715,NARRAGANSETT,RI,2882,M,N,13500,0.0,0,0
Kyuseok,Langholm,979,109-1355,AUSTIN,TX,78755,S,N,31000,0.0,0,0
Lide,Piancastelli,618,150-1401,RIO,IL,61472,M,Y,59500,3.0,0,2000
Scot,Jouvelot,501,176-1331,MIDWAY,AR,72651,S,Y,57000,7.0,20,20
Ahmadreza,Holdridge,864,108-2008,MARIETTA,SC,29661,M,N,48500,7.0,0,0
Gil,Dagtas,907,115-1483,AMBLER,AK,99786,S,N,27000,0.0,0,0
Leighton,Kirchgaassner,351,180-1193,MARSTONS MILLS,MA,2648,M,N,16500,5.3,0,0
YaLing,Decatur,509,144-1255,GRAPEVIEW,WA,98546,S,Y,5500,0.0,0,0
Paramsothy,Canny,202,175-2030,WASHINGTON,DC,20531,M,N,28000,8.549999,0,0
Junehwa,Louri,862,123-1685,PORT REPUBLIC,NJ,8241,M,N,93000,2.551271,0,0
Weikang,Ducret,337,161-1174,INNIS,LA,70747,M,N,84000,6.0,0,0
Micheal,Giard,720,150-1047,AURORA,CO,80046,S,Y,96000,4.63,0,0
Shichao,Bellatreche,307,152-1959,WOLF,WY,82844,S,Y,85500,0.0,0,0
Raimond,Geppert,308,118-1187,OMAHA,NE,68116,S,Y,79000,6.84,103,103
Yoji,Pink,509,131-1609,GIFFORD,WA,99131,S,Y,91000,0.0,0,0
Astro,Berendt,218,148-2085,FINLAND,MN,55603,S,N,39500,6.3633404,3300,0
Sitt,Gelsema,939,135-1492,OROCOVIS,PR,720,S,N,5500,0.0,0,0
Gertrude,Dustdar,410,198-1143,RIDGELY,MD,21682,S,Y,67500,4.75,2400,2400
Maura,Sauers,918,107-1906,WILBURTON,OK,74578,M,N,38500,6.25,0,0
Nazanin,Cesareni,971,123-1563,SANDY,OR,97055,M,N,17000,9.0,0,0
Jiri,Tharp,619,109-1740,SACRAMENTO,CA,94297,S,Y,13000,2.5772314,87,272
Libor,Isshiki,502,104-1090,KIRKSEY,KY,42054,S,Y,23500,3.1388888,20,20
Hyoung,Biedassek,251,134-1018,SHELBY,AL,35143,S,N,35000,5.0,1500,0
Rajjan,Punter,701,159-1381,POWERS LAKE,ND,58773,S,N,22500,2.1,3300,0
Manoj,Jonckers,712,174-2088,GRAY,IA,50110,S,N,30500,4.872621,40,0
Liangjie,Taneja,406,164-1680,LEDGER,MT,59456,S,N,73500,6.9,1900,0
Make,Morreau,479,180-1459,WALNUT RIDGE,AR,72476,S,Y,78500,7.0,20,20
Srinivasa,Winkelmann,304,154-1630,CHARLESTON,WV,25331,M,N,85500,6.5,0,0
Emile,Bisiere,414,162-1406,MONTFORT,WI,53569,S,N,60000,5.488912,700,0
Gouhua,Trevathan,406,112-1108,WHITEHALL,MT,59759,M,Y,92000,6.9,0,1900
Pit,Nepomnjashchaja,615,108-1640,HOHENWALD,TN,38462,S,N,93500,0.0,0,0
Kenneth,Cavalieri,641,158-1511,THOMPSON,IA,50478,M,Y,69500,8.98,0,40
Bharadwaj,Macrosson,276,184-1130,CHESTERFIELD-typoMADISON LAKE,NV,23832,M,Y,59000,5.75,0,900
Ramakrishnan,Hoene,304,130-1054,HARTFORD,WV,25247,M,N,99500,6.5,0,0
Satyadeep,Binding,304,154-1645,MORGANTOWN,WV,26507,S,Y,54000,6.08,2000,2000
Keisuke,Auletta,651,165-1841,MONTICELLO-typoMADISON LAKE,IA,55585,M,N,30500,5.8830843,0,0
Dorbin,Lennartson,816,138-1507,NORTH FORT MYERS,NV,63954,M,Y,2000,2.0625,0,1200
Rok,Alves,551,131-1883,WAYNE-typoLA VETA,NJ-typoMI,7474,M,Y,3000,1.4,0,1500
Wonjun,Gerth,865,181-1742,LUTTRELL,TN,37779,M,Y,25000,0.0,0,0
Boyko,Woerkom,541,103-1567,BROTHERS,OR,97712,S,Y,92500,9.0,159,159
Asser,Petrovic,401,121-1814,PROVIDENCE,RI,2901,S,Y,6000,0.0,0,0
Veit,Margenstern,319,152-1510,WEST DES MOINES,IA,50265,S,N,78000,8.98,40,0
Albert,Zonno,502,149-1659,GRAND RIVERS,KY,42045,S,N,25500,3.25,20,0
Andrei,Braunmuhl,812,191-1212,MILROY-typoBEACON FALLS,CT,46156,S,Y,8500,3.4,1000,1000
Takuji,DeFouw,443,121-1165,MOUNT SAVAGE,MD,21545,M,N,39000,4.75,0,0
Elod,Klimko,202,128-1920,WASHINGTON-typoNORTH FORT MYERS,MI,20551,S,Y,90500,9.0,1370,1370
Ion,D'Auria,864,109-1264,NORWAY-typoHARTMAN,NV,29113,M,N,24000,7.0,0,0
Zine,Vittorini,301,188-1147,RIDGELY,MD,21685,M,N,92500,4.75,0,0
Margrit,Mussi,406,152-1762,RAMSAY,MT,59748,S,Y,45000,6.9,1900,1900
Frankie,Oates,802,166-1210,LYNDON,VT,5849,S,Y,88000,4.755926,3300,3300
Avraham,Davarian,304,190-1180,BURLINGTON,WV,26710,M,N,83000,6.5,0,0
Ashoke,Clint,909,196-1913,MORAGA,CA,94556,M,Y,31500,6.9446583,0,272
Raschid,Kourai,605,184-2079,WHITEWOOD,SD,57793,M,Y,79500,0.0,0,0
Kalappa,Gierl,228,169-2075,RIENZI-typoHARTMAN,MS-typoIA,38865,M,Y,36500,5.0,0,1500
Dale,Schmiedel,913,138-1938,FORT LEAVENWORTH,KS,66027,S,Y,48000,6.45,2250,2250
Friedrich,Yonezawa,719,181-1128,PUEBLO,CO,81004,M,Y,89500,4.63,0,0
Thanasis,Blaine,605,131-1025,DEADWOOD,SD,57732,S,N,92500,0.0,0,0
Shlomit,Kamo,978,111-2084,WORCESTER,MA,1603,S,Y,85000,5.3,3575,1000
Troy,Shanmugasundaram,207,106-1599,BROOKSVILLE,ME,4617,M,Y,41500,8.5,0,2850
Heidi,Hasker,615,178-2090,MEMPHIS,TN,38131,S,Y,36000,0.0,0,0
Daigo,Coupe,803,178-1017,PARKSVILLE-typoLA VETA,GA,29844,M,N,85500,7.0,0,0
Safa,Taka,985,192-1755,KEATCHIE,LA,71046,M,N,24500,5.84,0,0
Beth,Groger,913,177-1516,OVERLAND PARK,KS,66204,M,Y,3500,3.5,0,2250
Corey,Selenyi,865,158-1659,LA VETA,CT,37245,M,Y,85500,0.0,0,0
Yanhong,Wache,985,194-2006,LAFAYETTE,LA,70509,M,N,7000,2.0,0,0
Grigory,Womann,281,178-1155,IRVING,TX,75038,M,Y,49000,0.0,0,0
Ueli,Dieng,435,194-1870,MONUMENT VALLEY-typoBEACON FALLS,CT,84536,S,Y,96000,7.0,2475,2475
Oreste,Lienard,205,144-1966,NATURAL BRIDGE-typoALMONT,AL-typoGA,35577,M,N,17000,5.0,0,0
Otomar,Krychniak,787,139-1450,LAS MARIAS,PR,670,S,N,95500,0.0,0,0
Jake,Shippy,401,151-1277,WAKEFIELD,RI,2880,S,Y,36500,0.0,0,0
Iqbal,Lundelius,843,105-1893,GADSDEN,SC,29052,S,N,17500,7.0,3300,0
Glynn,Clemencon,304,176-1154,MASON,WV,25260,S,N,80000,6.5,2000,0
Yoshitomo,Tournassoud,307,136-1097,HANNA,WY,82327,M,Y,100000,0.0,0,0
Yehoshua,Abbasi,660,176-1285,OSBORN,MO,64474,M,Y,19500,6.0,0,1200
Sasikumar,Stanfill,859,125-1266,NORTH FORT MYERS,IA,41459,M,Y,41500,4.138889,0,20
Loren,Townsend,802,122-2096,MARLBORO,VT,5344,M,Y,89500,4.7857695,0,3300
Alfs,Acioly,402,143-1500,AINSWORTH,NE,69210,M,Y,41500,6.84,0,103
Ahwin,Munetoh,216,102-1462,WESTERVILLE,OH,43086,M,N,12500,0.9609616,0,0
Silvano,Samarati,402,125-1011,LA VETA,GA,69335,S,N,86000,6.84,103,0
Grigorii,Horinokuchi,702,118-1408,RENO,NV,89510,S,Y,93000,0.0,0,0
Madhav,Tagansky,423,167-1607,KNOXVILLE,TN,37939,M,Y,55500,0.0,0,0
Darrell,Dicky,803,111-1052,EDISTO ISLAND,SC,29438,S,Y,54000,7.0,3300,3300
Froduald,Linardis,678,140-1417,PERKINS,GA,30822,M,Y,84000,6.0,0,3000
Florentin,Qadah,774,105-2097,BOSTON,MA,2108,M,N,43000,5.3,0,0
Wonhee,Kampfer,608,173-1410,DARIEN,WI,53114,S,Y,67500,5.6192255,700,400
Sang,Reddi,812,162-2044,SAINT BERNICE,IN,47875,S,N,52500,3.4,1000,0
Suphachai,Vierhaus,573,121-1291,CLEARMONT,MO,64431,S,Y,82500,6.0,2100,1200
Noel,Kukimoto,406,171-1021,MISSOULA,MT,59812,S,Y,53000,6.9,1900,1900
Younwoo,Peres,939,151-1930,SAINT JUST,PR,978,S,N,63000,0.0,0,0
Takehiro,Augusteijn,337,172-1406,SUMMERFIELD,LA,71079,M,Y,97500,6.0,0,1000
Hidde,Klefstad,240,130-1485,THURMONT,MD,21788,M,Y,5000,4.75,0,2400
Frances,Tague,952,162-2026,NIELSVILLE,MN,56568,S,Y,91000,7.85,3300,3300
Guoqiang,Everling,805,102-1075,SAN FRANCISCO,CA,94103,M,Y,3000,1.0,0,272
Shohji,Gutta,701,195-1539,EDMORE-typoALMONT,GA,58330,S,Y,15500,2.1,3300,3300
Elisabetta,Billawala,808,122-1967,SCHOFIELD BARRACKS,HI,96857,M,N,74000,8.25,0,0
Elod,Anogianakis,808,132-1375,HONOLULU,HI,96813,M,N,89500,8.25,0,0
Joris,Zamperoni,862,107-1480,WALDWICK,NJ,7463,S,Y,73000,2.2358541,1000,1500
Ugis,Smaga,620,127-1317,KANSAS CITY,KS,66109,S,N,44000,6.45,2250,0
Rajesh,Lessing,907,190-1044,WHITE MOUNTAIN,AK,99784,M,Y,82000,0.0,0,0
Damien,Polo,540,102-1642,VIRGINIA BEACH,VA,23451,S,N,30500,5.75,900,0
Luisa,Ennals,203,125-1734,SOUTH WOODSTOCK,CT,6267,S,N,86000,5.0,12750,0
Jim,Madanlal,480,135-1464,PHOENIX,AZ,85054,M,Y,63000,3.6915,0,2300
Behrokh,Yanagida,208,160-1985,MOYIE SPRINGS,ID,83845,S,Y,95500,7.8,3300,3300
Ilan,Burgess,406,195-1796,ROUNDUP,MT,59073,M,Y,80500,6.9,0,1900
Zohar,Gartshore,360,176-1792,NORTHPORT,WA,99157,M,Y,96000,0.0,0,0
Noriyuki,Bashkow,678,153-1045,ROCKY FACE,GA,30740,M,N,22000,6.0,0,0
Takehisa,Olivier,401,180-1725,PROVIDENCE,RI,2901,S,Y,47000,0.0,0,0
Ard,Lahiri,202,120-1803,WASHINGTON,DC,20444,S,Y,22500,7.3125,1370,1370
Shengzong,Semmler,907,182-1270,NUNAM IQUA,AK,99666,M,N,14000,0.0,0,0
Malika,Legeard,212,174-1142,BEACON FALLS,NY-typoMI,12482,M,Y,53500,4.263567,0,1000
Ollivier,Braden,716,170-1958,MARION,NY,14505,M,N,58000,4.289634,0,0
Shailey,Grape,878,167-1897,POMEROY,PA,19367,S,N,44000,3.07,0,0
Moses,Birta,860,168-1536,TERRYVILLE,CT,6786,S,Y,69500,5.0,12750,0
Duro,McAllester,202,100-1689,WASHINGTON,DC,20062,S,N,52000,9.0,1370,0
Sergui,Graft,682,133-2055,MCKINNEY,TX,75071,M,Y,56500,0.0,0,0
Ra'ed,Shrader,801,126-1157,EDEN,UT,84310,S,Y,19500,7.0,2475,2475
Honesty,Kaes,480,186-1672,DRAGOON,AZ,85609,S,Y,22000,3.056,2100,2300
Adam,Erni,812,179-1671,BOWLING GREEN,IN,47833,M,Y,47500,3.4,0,1000
Fangzhen,Rensink,908,153-1164,NEWARK,NJ,7101,S,N,85500,2.4329896,1000,0
Harald,Toben,937,139-1774,CHAGRIN FALLS,OH,44022,M,Y,42000,1.9402103,0,1300
Dominik,Suchan,808,116-1666,HONOLULU,HI,96840,S,N,28000,6.086842,1040,0
Judi,Cavallo,570,180-1947,READING,PA,19611,S,N,41000,3.07,0,0
Doan,Scheffler,801,133-1048,AMERICAN FORK,UT,84003,S,Y,18500,7.0,2475,2475
Jorg,Crabtree,302,154-1322,NEWARK,DE,19714,S,N,53500,5.506818,110,0
Jagdish,Maluszynski,508,139-1960,ONSET,MA,2558,M,Y,41000,5.3,0,1000
Abelardo,Mundhenk,864,192-1320,GREENVILLE,SC,29603,M,Y,55000,7.0,0,3300
Tihomir,Kheradpir,646,165-1957,BEAVER FALLS,NY,13305,M,Y,19000,4.0637197,0,1000
Georgio,d'Alcantara,802,115-2063,WOODBURY,VT,5681,S,N,73500,4.467442,3300,0
Tanel,Sanada,907,164-1926,ELIM,AK,99739,M,Y,49000,0.0,0,0
Terresa,Whitebread,701,177-1603,FORDVILLE,ND,58231,S,Y,41000,2.2309923,3300,3300
Tsutomu,Kandlur,978,199-2093,LA VETA,MA-typoGA,2108,M,Y,43500,5.3,0,1000
Shin'ichi,Landi,704,118-1067,ROANOKE RAPIDS,NC,27870,S,Y,19500,6.141608,3300,3300
Kuninobu,Ural,330,142-1974,JACKSONVILLE,OH,45740,M,N,45000,2.039795,0,0
Aron,Simula,660,168-1142,SYRACUSE,MO,65354,M,N,51500,6.0,0,0
Fabian,Carrington,269,139-1216,BELDING,MI,48809,S,Y,41500,3.9,3100,3100
Gyungho,Zallocco,631,124-1012,AQUEBOGUE,NY,11931,M,Y,40500,4.188262,0,1000
Attilio,Stassinopoulos,605,121-1688,ASTORIA,SD,57213,S,Y,8500,0.0,0,0
Judee,Rackoff,360,149-1242,REDMOND,WA,98053,M,Y,44500,0.0,0,0
Sanja,Kirihata,906,160-1831,CASSOPOLIS,MI,49031,M,N,24000,3.9,0,0
Simone,Edupuganty,212,139-1274,ANNANDALE ON HUDSON,NY,12504,M,Y,30000,4.127439,0,1000
Kohei,McCrosky,939,180-2079,LAS MARIAS,PR,670,M,Y,57500,0.0,0,0
Jerold,Aygun,251,191-1326,SKIPPERVILLE,AL,36374,S,N,21000,5.0,1500,0
Icel,Wallgren,573,106-1808,KANSAS CITY,MO,64196,S,N,10500,6.0,2100,0
Dedre,Kachitvichyanukul,202,108-1344,WASHINGTON,DC,20065,M,N,54000,9.0,0,0
Yashishi,McCluskey,435,142-1200,LEHI,UT,84043,S,N,76000,7.0,2475,0
Tilak,Pleser,662,154-1570,HEIDELBERG,MS,39439,M,Y,64000,5.0,0,1500
Sadatoshi,Basarab,620,128-2090,MONTEZUMA,KS,67867,S,N,98500,6.45,2250,0
Aron,Streit,205,132-2022,LITTLE RIVER,AL,36550,S,Y,16500,5.0,1500,300
Raphael,Kobla,406,124-1854,BOULDER,MT,59632,M,N,38500,6.9,0,0
Couto,Fulcher,302,184-1842,NEWARK,DE,19715,S,N,34000,4.177273,110,0
Hichem,Takano,601,199-1709,JAYESS,MS,39641,M,Y,36500,5.0,0,1500
Younwoo,Goan,947,156-1073,GULLIVER,MI,49840,S,N,66500,3.9,3100,0
Michita,Herath,769,156-1987,BELZONI,MS,39038,S,Y,5500,3.2,6000,1500
Fredo,Jullig,859,196-1712,BLACKEY,KY,41804,S,Y,17500,2.8055556,20,20
Sugato,Schhwartz,913,169-1662,CHASE,KS,67524,M,N,2000,3.5,0,0
Lampros,Solovay,307,183-1282,COKEVILLE,WY,83114,M,Y,67500,0.0,0,0
Changfeng,Lebah,907,149-1365,SEWARD,AK,99664,M,N,19000,0.0,0,0
Rudi,Grundmann,308,186-1408,COLUMBUS,NE,68601,M,Y,93500,6.84,0,103
Dipayan,Bert,205,149-1496,LESTER-typoHARTMAN,GA,35647,S,Y,10000,5.0,1500,300
Pattie,Yanover,781,148-1031,NORTH FORT MYERS,MA-typoGA,1586,M,N,37500,5.3,0,0
Kish,McArthur,703,106-2003,GORDONSVILLE,VA,22942,M,N,30000,5.75,0,0
Frazer,Castellanos,808,139-1478,PUKALANI,HI,96788,S,Y,4500,1.8506579,1040,1040
Raghu,Tuchel,229,134-1405,ATLANTA,GA,30343,M,N,12000,6.0,0,0
Kyung,Gerdt,787,107-1871,MAYAGUEZ,PR,682,M,Y,88000,0.0,0,0
Atsuo,Bratten,202,183-1784,WASHINGTON,DC,20528,S,N,25500,7.9875,1370,0
Noemi,Gilleron,928,179-1277,PHOENIX,AZ,85025,S,N,94500,4.17975,2100,0
Warren,Skrikant,803,195-1041,PIEDMONT,SC,29673,M,Y,68500,7.0,0,3300
Curd,Auyong,808,162-1413,HONOKAA,HI,96727,M,N,48500,8.25,0,0
Jayasree,Boeck,203,191-1480,HARTFORD,CT,6199,S,N,78000,5.0,12750,0
Jere,Phua,605,163-1300,PIERPONT,SD,57468,M,Y,68000,0.0,0,0
Hugues,Hemmingsen,617,145-1984,EAST BOSTON,MA,2228,S,Y,12000,5.3,3575,1000
Firoz,Rusterholz,971,194-1748,TIMBER,OR,97144,M,Y,88000,9.0,0,159
Taisuke,Jeansoulin,503,194-1706,NEHALEM,OR,97131,S,N,83000,9.0,159,0
Kazunori,Benaissa,360,130-1629,WESTPORT,WA,98595,S,N,89500,0.0,0,0
Melissa,Kulisch,405,176-1510,CHOUTEAU,OK,74337,S,Y,70500,6.25,1000,1000
Piew,Oppenheim,307,150-1829,DEAVER,WY,82421,M,N,84000,0.0,0,0
Trent,Zambonelli,775,159-1359,NORTH LAS VEGAS,NV,89036,M,Y,74000,0.0,0,0
Pierto,Patrick,507,131-1856,FOXHOME,MN,56543,M,Y,66000,7.7774277,0,3300
Giap,Gusat,701,151-1775,KULM,ND,58456,S,Y,91500,2.816401,3300,3300
Roddy,Bouaziz,508,188-1035,NONANTUM,MA,2495,S,N,61000,5.3,3575,0
Ioanna,Pramanik,908,181-2049,OLD BRIDGE,NJ,8857,S,Y,40500,1.7233021,1000,1500
Yonhao,Chimia,225,184-1457,ALMONT,LA-typoCT,71007,S,Y,56500,6.0,4500,1000
Tassadit,Onuegbe,307,134-1852,LEITER-typoMADISON LAKE,GA,82837,M,N,35000,0.0,0,0
Cal,Openshaw,308,134-1914,STRATTON,NE,69043,S,Y,55000,6.84,103,103
Jackie,Mahboob,609,176-1077,WEST DEPTFORD,NJ,8096,M,N,40000,1.7154167,0,0
Gradimir,Lassalle,785,180-1339,REPUBLIC,KS,66964,M,N,96500,6.45,0,0
Shahaf,Coe,412,139-1947,ERNEST,PA,15739,S,Y,45000,3.07,0,0
Masuhiro,Nayani,985,108-1079,LAKE CHARLES,LA,70629,M,N,36000,6.0,0,0
Gregg,Antonacci,702,125-1910,NORTH LAS VEGAS,NV,89086,S,N,91500,0.0,0,0
Enric,Savaram,931,116-1050,ENGLEWOOD,TN,37329,S,Y,500,0.0,0,0
Goncalo,Getta,478,139-1625,PENDERGRASS,GA,30567,M,Y,72500,6.0,0,3000
Teruo,Rist,307,119-1420,ARVADA,WY,82831,M,Y,95000,0.0,0,0
Ilona,Donath,701,135-2070,HANSBORO,ND,58339,M,N,70500,2.5729637,0,0
Kai,Hamalainen,251,197-1085,MORVIN,AL,36762,S,N,25500,5.0,1500,0
Ruce,Worsch,270,185-1898,BEAR BRANCH,KY,41714,S,N,13000,2.5555556,20,0
Sudharsan,Salvadori,607,178-1705,BELLEROSE,NY,11426,M,N,19500,4.066616,0,0
Edwin,Michaylov,803,100-1250,WESTMINSTER,SC,29693,S,Y,21500,7.0,3300,3300
Tullio,Hammerle,305,165-1644,ALMONT,FL-typoNV,33761,S,Y,96500,0.0,0,0
Woody,Rosca,973,123-1777,PLAINFIELD,NJ,7060,S,N,69000,2.1727707,1000,0
Jacquelyn,Lieblein,863,178-1128,TAMPA,FL,33630,M,Y,83000,0.0,0,0
Ramayya,D'Auria,978,169-1362,BERNARDSTON-typoLA VETA,MA-typoWV,1337,M,Y,84000,5.3,0,1000
Fionn,Fadous,660,120-1040,STEELE,MO,63877,M,N,40000,6.0,0,0
Perry,Stanski,425,133-1360,TACOMA,WA,98492,M,Y,19000,0.0,0,0
Yannick,Melter,843,167-1476,COLUMBIA,SC,29292,M,N,89500,7.0,0,0
Hubert,Faour,307,138-1797,ALTA,WY,83414,M,Y,59000,0.0,0,0
Seungho,Brossler,406,182-1028,SUN RIVER,MT,59483,M,Y,29000,6.9,0,1900
Malur,Gumm,603,189-1388,SILVER LAKE,NH,3875,M,N,32500,0.0,0,0
Gesine,Hagemann,301,126-1007,TRAPPE,MD,21673,S,N,28000,4.75,2400,0
Ansgar,Erde,857,193-1601,SOUTH HARWICH,MA,2661,M,N,25000,5.3,0,0
Sovanna,Bickford,401,113-1311,NORTH KINGSTOWN,RI,2852,S,N,53500,0.0,0,0
Nanchang,Cacciabue,605,186-1738,NORRIS,SD,57560,M,N,43500,0.0,0,0
Kwun,Roytenberg,406,143-1604,MC ALLISTER-typoLA VETA,MT-typoIA,59740,S,N,100000,6.9,1900,0
Rongheng,Mandelberg,970,104-1486,RAMAH,CO,80832,M,N,29000,4.63,0,0
Hongsing,Plessier,304,178-1643,CHARLESTON,WV,25322,M,N,87000,6.5,0,0
Belle,Cannane,662,171-1064,JACKSON,MS,39271,M,Y,99000,5.0,0,1500
Boonsieng,Payton,207,189-1958,PORTLAND,ME,4112,S,N,97000,8.5,2850,0
Dany,Tourancheau,712,182-1031,LA VETA,IA-typoGA,51562,S,Y,98000,8.98,40,40
Zhijian,Alter,602,182-1885,MESA,AZ,85204,M,N,54000,3.552,0,0
Syuichi,Mooney,208,168-1018,PARMA,ID,83660,M,Y,96500,7.8,0,3300
Afsaneh,Tapken,505,137-1723,STANLEY,NM,87056,M,N,42000,5.3,0,0
Sofya,Imai,401,157-1376,PEACE DALE,RI,2883,S,N,43500,0.0,0,0
Shaw,Sucheston,304,100-1808,CHARLESTON,WV,25336,S,Y,28000,4.26,2000,2000
Chung,Henton,319,161-1746,RICKETTS,IA,51460,S,N,15000,2.479763,40,0
Yuehong,Dandapani,661,182-2024,NORTH FORT MYERS,CT,90397,S,Y,7000,1.1607685,87,272
Ajay,Trivedi,870,165-1930,SWIFTON,AR,72471,M,Y,84500,7.0,0,20
Pirjo,Novacek,702,111-2023,LAS VEGAS,NV,89136,S,Y,35000,0.0,0,0
Channah,Pils,712,112-1682,MADISON LAKE,GA,52255,S,Y,49500,7.805802,40,40
Chutimet,Ballinger,510,123-1969,ARNOLD,CA,95223,M,N,7000,1.1607685,0,0
Coimbatore,Ratz,878,105-1281,WORCESTER,PA,19490,S,Y,8000,3.07,0,0
Murat,Bruckman,865,135-1263,HIXSON,TN,37343,S,N,48500,0.0,0,0
Gjalt,Smale,208,102-1246,POST FALLS,ID,83854,S,Y,14500,5.387107,3300,3300
Xiaoyang,Farhi,479,166-2064,DIAZ,AR,72043,M,Y,96500,7.0,0,20
Clelia,Kreveld,662,135-1906,JACKSON,MS,39269,M,Y,85000,5.0,0,1500
Gunter,Lacoste,727,195-1692,WORTHINGTON SPRINGS,FL,32697,S,Y,37500,0.0,0,0
Mohamadou,Etzl,814,195-1136,HUNTINGDON,PA,16654,M,N,45500,3.07,0,0
Yibin,Aho,480,120-1922,DATELAND,AZ,85333,M,N,43500,3.3892498,0,0
Aiwei,Varman,352,132-1929,LAKELAND-typoMADISON LAKE,IA,33813,S,Y,65500,0.0,0,0
Viera,Angele,620,178-1398,MANKATO,KS,66956,M,N,100000,6.45,0,0
Tayloe,Marshall,218,104-1044,VERNON CENTER,MN,56090,S,N,28000,5.7496796,3300,0
Qiuming,Bay,931,114-2039,SILERTON,TN,38377,S,Y,79000,0.0,0,0
Clare,Geurts,757,107-2098,SHENANDOAH,VA,22849,S,Y,85000,5.75,900,900
Deepika,Denti,989,181-1926,SOUTHFIELD,MI,48076,M,N,15500,3.9,0,0
Phuoc,Kalkbrener,202,114-1214,WASHINGTON,DC,20389,S,N,41500,9.0,1370,0
Koushi,Swoboda,609,186-2061,COLOGNE,NJ,8213,M,Y,99000,2.645896,0,1500
Heejo,Ghelli,610,165-1182,LANSDOWNE,PA,19050,S,N,23000,3.07,0,0
Carolynn,Lambe,940,138-1375,ALMONT,MI,76177,S,Y,40000,0.0,0,0
Joobin,Brodman,208,148-1591,OLA,ID,83657,M,N,58500,7.8,0,0
Yichiang,Chepyzhov,541,139-1413,GRASS VALLEY,OR,97029,M,Y,97500,9.0,0,159
Saroja,Babb,864,110-1092,CLINTON,SC,29325,M,Y,26000,7.0,0,3300
Aurelio,Gutenmakher,802,174-1811,BROOKFIELD,VT,5036,S,Y,23000,3.6,3300,3300
Gunnvald,Zyryanov,541,102-1958,UKIAH,OR,97880,S,Y,43500,9.0,159,159
Suranjan,Alpin,323,158-1001,DIAMOND BAR,CA,91765,S,Y,80500,9.3,87,272
Bert,Deussen,205,153-1485,MONTGOMERY,AL,36135,M,Y,4500,5.0,0,300
Kunwadee,Chelton,216,165-1927,AKRON,OH,44398,M,Y,75000,3.0356412,0,1300
Soheil,Kotidis,980,198-1450,BOLIVIA,NC,28422,S,Y,79500,7.4003496,3300,3300
Xihao,Bentzien,567,182-1031,OVERPECK,OH,45055,M,Y,6500,0.7617923,0,1300
Usha,Gudeman,401,181-1843,PROVIDENCE-typoNORTH FORT MYERS,RI-typoIA,2912,S,N,8000,0.0,0,0
Yulun,Kadokura,435,108-1218,SANTAQUIN-typoNORTH FORT MYERS,NV,84655,S,Y,11500,7.0,2475,2475
Chiemi,Christinaz,410,108-1094,LONACONING,MD,21539,S,Y,2000,3.375,2400,2400
Kazuo,Nohmi,662,163-2076,VICKSBURG,MS,39183,M,N,72000,5.0,0,0
Irmtraut,Alblas,205,151-1783,MAYLENE,AL,35114,S,N,25000,5.0,1500,0
Anders,Amrhein,202,145-1012,NAVAL ANACOST ANNEX,DC,20373,M,Y,57000,9.0,0,1370
Mitsunori,Barr,208,160-1836,BANCROFT,ID,83217,S,Y,82500,7.8,3300,3300
Umesh,Melville,773,184-1948,EVANSVILLE,IL,62242,S,N,98500,3.0,2000,0
Maryse,Osborn,662,122-1584,ACKERMAN-typoMADISON LAKE,NV,39735,M,Y,30500,5.0,0,1500
Suresh,O'Haver,862,126-1053,RIVERTON,NJ,8076,M,Y,85000,2.4251041,0,1500
Stephane,Rodman,248,172-1145,FERRYSBURG,MI,49409,S,Y,90000,3.9,3100,3100
Ostap,Lafortune,917,194-1596,NEW SUFFOLK,NY,11956,S,Y,30000,4.127439,0,1000
Paitoon,Bochicchio,828,115-1088,PENDLETON,NC,27862,M,Y,12500,6.0,0,3300
Lundy,Castro,580,198-1869,SENTINEL,OK,73664,M,Y,80500,6.25,0,1000
Maribel,Tanida,228,108-1679,GLENDORA,MS,38928,S,N,30500,5.0,6000,0
Phill,Soderston,971,135-1142,MADISON LAKE,NV,97130,S,Y,47500,9.0,159,159
Ningda,Demichelis,859,118-1688,FRANKFORT,KY,40604,M,Y,23000,3.1111112,0,20
Pui,Schuchardt,573,183-1471,CARTERVILLE,MO,64835,M,Y,79000,6.0,0,1200
Masanori,Bitner,509,193-1403,RONALD,WA,98940,M,N,78500,0.0,0,0
Gianluigi,Getta,228,138-1418,TERRY,MS,39170,M,N,50500,5.0,0,0
Jafar,Araki,229,117-1400,SCOTLAND,GA,31083,M,Y,6000,5.2,0,3000
Channah,Muldner,740,199-2019,BURBANK,OH,44214,S,N,98000,3.7991233,1300,0
Yonghuai,Noth,775,116-1622,BAKER,NV,89311,S,Y,38000,0.0,0,0
Songjie,Potharst,229,168-1744,NORTH METRO,GA,30029,S,N,86000,6.0,2700,0
Shalitha,Gahlot,507,109-1165,GREENBUSH,MN,56726,M,N,53500,7.1104054,0,0
Geza,Piccinini,918,199-1289,HENNESSEY,OK,73742,M,N,8000,4.9722223,0,0
Rosziati,Iochpe,310,108-1503,PETALUMA,CA,94952,S,Y,52500,9.3,87,272
Ranjan,Tzannes,605,176-1029,BISON,SD,57620,S,N,19000,0.0,0,0
Ishwar,Spirk,878,197-1923,POCONO MANOR,PA,18349,M,Y,27000,3.07,0,0
Bhu,Bemmerl,786,158-1245,LARGO,FL,33779,S,Y,91000,0.0,0,0
Hoi,Vasanthakumar,808,178-1834,KAILUA KONA,HI,96740,M,Y,67500,8.25,0,1040
Sergei,Welling,787,102-1196,VEGA BAJA,PR,694,S,N,59500,0.0,0,0
Amund,Buzzard,971,137-1156,NYSSA,OR,97913,S,Y,17500,9.0,159,159
Josyula,Fouks,701,173-1243,ELGIN,ND,58533,M,N,98500,2.8975468,0,0
Alexius,Rande,541,139-1342,MADRAS,OR,97741,M,N,35000,9.0,0,0
Pesech,Losch,978,102-1214,MALDEN,MA,2148,S,N,10500,5.3,3575,0
Yacov,Hoenkamp,802,154-1453,DORSET,VT,5251,M,Y,93000,4.855404,0,3300
Taylor,Paleczny,808,136-1785,KAPAAU,HI,96755,S,N,5500,2.030921,1040,0
Hollyn,Hadar,601,176-1837,BENOIT-typoLA VETA,MS-typoNV,38725,M,N,15000,5.0,0,0
Susanta,Poix,228,187-1795,MORTON,MS,39117,M,Y,84000,5.0,0,1500
Lishing,Fedunok,402,194-1759,OMAHA,NE,68114,M,Y,30500,6.84,0,103
Shervin,Cimikowski,301,132-1895,CLARKSBURG,MD,20871,M,Y,9000,4.75,0,2400
Maheswara,Parascandalo,205,162-1431,RED LEVEL,AL,36474,S,N,94500,5.0,1500,0
Dinkar,Rensink,505,182-1098,GALLINA,NM,87017,S,Y,8500,2.7285714,3300,3300
Miryam,Opdahl,804,165-1164,HUME,VA,22639,M,N,80000,5.75,0,0
Tamal,Tollander,757,136-2099,CHESAPEAKE,VA,23323,M,Y,59000,5.75,0,900
Erven,Koszlajda,802,108-1816,LOWER WATERFORD,VT,5848,S,Y,56500,4.129219,3300,3300
Musaravakkam,Levenshtein,610,166-1765,WARRINGTON,PA,18976,M,Y,3000,3.07,0,0
Abilio,DeBellis,305,131-1234,BOCA RATON-typoALMONT,WV,33429,M,Y,47000,0.0,0,0
Deganit,Koiso,913,161-1484,MARIENTHAL,KS,67863,S,Y,96500,6.45,2250,2250
Nieves,Lukaszewicz,501,132-1250,GLENCOE,AR,72539,S,Y,58500,7.0,20,20
Montse,Mutschke,219,130-1602,BLOOMINGTON,IN,47405,M,N,96500,3.4,0,0
Morakot,Greibach,802,178-1961,COLCHESTER,VT,5446,S,Y,91000,4.815613,3300,3300
Paraskevi,Pion,443,154-2082,BETHESDA,MD,20814,M,N,44500,4.75,0,0
Mokhtar,Scaife,801,118-2099,LEAMINGTON,UT,84638,M,N,82500,7.0,0,0
Shietung,Hoofman,302,146-1380,WILMINGTON,DE,19801,S,Y,64500,5.95,110,110
Thoshiro,Cherian,802,174-1436,EAST DORSET,VT,5253,M,Y,28500,3.6,0,3300
Lorien,Attimonelli,256,150-1744,BERRY,AL,35546,S,N,48000,5.0,1500,0
Kouchi,Batliner,515,148-1144,DAVENPORT,IA,52804,M,Y,1000,0.36,0,40
Neven,Noonan,402,120-1392,OMAHA,NE,68182,S,Y,68500,6.84,103,103
Pimitivo,Cochrane,206,154-1467,RONALD-typoMADISON LAKE,WA-typoMI,98940,S,N,24500,0.0,0,0
Hannu,Maskas,787,104-1609,GUAYAMA,PR,784,M,N,73500,0.0,0,0
Klemens,Beounes,337,142-1300,MANSURA,LA,71350,M,Y,82000,6.0,0,1000
Mariano,Schlegelmilch,218,126-1514,LONG LAKE,MN,55356,M,Y,84500,7.85,0,3300
Byungki,Daudenarde,504,112-1562,GRAND CHENIER,LA,70643,M,Y,62500,6.0,0,1000
Chebel,Padiou,864,140-1514,HODGES,SC,29695,S,Y,46000,7.0,3300,3300
Yury,Nisiyama,802,196-1379,WARDSBORO,VT,5355,M,Y,18500,3.6,0,3300
Huaqing,Rivett,225,128-1603,HOSSTON,LA,71043,M,Y,56500,6.0,0,1000
Aditya,Kinouchi,931,158-1666,BENTON,TN,37307,S,Y,62500,0.0,0,0
Umberto,Laventhal,702,119-1691,INCLINE VILLAGE,NV,89452,M,Y,90000,0.0,0,0
Yiftach,Siler,985,187-1299,MONROE,LA,71217,M,N,97500,6.0,0,0
Luiz,Buttazzo,270,198-1735,LEXINGTON,KY,40581,S,N,2500,2.0,20,0
Xingong,Viereck,801,132-1879,REDMOND,UT,84652,M,N,80500,7.0,0,0
Arjen,Bondorf,731,185-1473,IRON CITY,TN,38463,S,Y,25000,0.0,0,0
Xiaoxiong,Emmes,775,191-1414,NORTH LAS VEGAS,NV,89085,M,N,28500,0.0,0,0
Mandaly,Popp,304,110-1675,MATEWAN,WV,25678,S,Y,63000,6.5,2000,2000
Yki,Baowen,203,184-1358,MILFORD,CT,6461,S,Y,68000,5.0,12750,0
Chongkye,Kass,406,157-1994,HUNTLEY,MT,59037,M,N,46000,6.9,0,0
Kostas,Shmuely,615,123-1539,NASHVILLE,TN,37219,S,N,28500,0.0,0,0
Eshrat,Stiemerling,505,187-1673,CLAYTON,NM,88415,M,Y,47500,5.3,0,3300
Lurdes,Taniar,440,109-2066,GRATIS,OH,45330,S,Y,7500,0.7949872,1300,1300
Yuke,Bax,270,143-1765,LOUISVILLE,KY,40219,M,Y,97000,6.0,0,20
Sakke,Castella,980,170-1474,TUXEDO,NC,28784,S,Y,90000,7.6206293,3300,3300
Claudionor,Samarapungavan,202,142-1141,WASHINGTON,DC,20075,S,N,53500,9.0,1370,0
Hongji,Freedom,801,172-1499,SYRACUSE,UT,84075,M,N,16500,7.0,0,0
Haibin,Gruenwald,203,167-1157,WATERBURY,CT,6706,M,N,22500,5.0,0,0
Fredj,O'Cinneide,501,154-1629,NEW EDINBURG,AR,71660,S,N,76500,7.0,20,0
Cary,Arbia,610,173-1945,NEFFS,PA,18065,S,Y,39500,3.07,0,0
Mingsen,Welker,769,161-1384,JONESTOWN,MS,38639,M,N,62000,5.0,0,0
Arnim,Sirmakessis,910,149-1754,SAPPHIRE,NC,28774,S,N,49500,6.770979,3300,0
Jiyuan,Braham,405,180-1643,HOLLISTER,OK,73551,M,N,93000,6.25,0,0
Meilir,Higuchi,763,111-1597,SAINT PAUL,MN,55166,M,N,80500,7.85,0,0
Lorrie,Maslov,541,196-1067,COOS BAY,OR,97420,S,Y,63500,9.0,159,159
Gert,Nussche,541,165-1577,DAMASCUS,OR,97089,S,Y,3500,5.8717947,159,159
Tsvetan,Gammill,843,179-1015,DUNCAN,SC,29390,S,Y,11000,6.190175,3300,3300
Rafik,Cohoon,603,184-1725,ATKINSON,NH,3811,S,Y,7000,0.0,0,0
Sissel,Dongen,304,143-1147,HUNTINGTON,WV,25719,S,Y,74500,6.5,2000,2000
Fumitake,Gold,559,181-1203,SURFSIDE,CA,90743,M,Y,7000,1.1607685,0,272
Yale,Wolovich,505,109-2012,ROCIADA,NM,87742,M,Y,4500,1.7,0,3300
Edleno,Reeken,704,196-1891,GOLD HILL,NC,28071,S,Y,60000,6.9912586,3300,3300
Eiji,Koyama,727,151-1949,LAKELAND,FL,33805,S,Y,73000,0.0,0,0
Margot,Kayssi,605,110-1248,SIOUX FALLS-typoHARTMAN,SD-typoNV,57197,S,N,61000,0.0,0,0
Margita,Dayhoff,563,116-1170,WEST BEND,IA,50597,M,Y,26000,4.1779203,0,40
Christino,Furedi,816,135-1159,QUEEN CITY,MO,63561,S,N,24000,6.0,2100,0
Vasudha,Czarnecki,410,186-1387,FRIENDSVILLE,MD,21531,S,N,7000,4.75,2400,0
Uma,O'Young,812,139-1315,CHURUBUSCO,IN,46723,M,N,66500,3.4,0,0
Juan,Heinze,206,175-1805,MEAD,WA,99021,M,N,80500,0.0,0,0
Zvonko,Drawin,603,120-1883,SOUTH SUTTON,NH,3273,S,Y,98500,0.0,0,0
Miyeon,Bittianda,608,172-1419,STOUGHTON,WI,53589,M,Y,40000,5.1414094,0,400
Nectaria,Zettsu,308,174-2076,AXTELL,NE,68924,M,Y,60000,6.84,0,103
Thanos,Gornas,859,186-1474,MYRA,KY,41549,S,N,91500,6.0,20,0
Rafi,Henftling,952,131-1420,ALDEN,MN,56009,M,N,91500,7.85,0,0
Kongshi,Osman,615,188-1225,KNOXVILLE-typoLA VETA,NV,37919,S,Y,67500,0.0,0,0
Gardiner,Blomer,601,133-2059,PASCAGOULA-typoMADISON LAKE,WV,39568,M,Y,6500,3.6,0,1500
Jefry,Gursel,843,125-2034,LANDO,SC,29724,M,N,83000,7.0,0,0
Unal,Burgess,606,148-1708,SHELBY GAP,KY,41563,M,N,72000,5.833333,0,0
Loan,Daneels,580,160-1831,HOLLIS,OK,73550,M,N,35000,6.25,0,0
Shiro,Cannata,701,164-1613,HARTMAN,ND-typoGA,58260,M,Y,4000,2.1,0,3300
Anant,Lieshout,816,187-1930,ROCKY MOUNT,MO,65072,M,Y,1500,1.78125,0,1200
Dimitros,Dunki,720,136-1614,IGNACIO,CO,81137,S,N,64500,4.63,0,0
Trent,Mandviwalla,505,135-1100,PINEHILL,NM,87357,M,N,83500,5.3,0,0
Alfred,Wittich,828,174-1635,MOORESVILLE,NC,28117,M,Y,46000,6.6975527,0,3300
Gerge,Geppert,541,168-1905,SPRAGUE RIVER,OR,97639,M,N,47000,9.0,0,0
Jongsuk,Gotz,269,128-1231,ALDEN,MI,49612,M,Y,65500,3.9,0,3100
Shriram,Lovelady,754,131-1115,MIAMI,FL,33102,S,Y,69000,0.0,0,0
Natividad,Rassart,315,185-1459,OAKLAND GARDENS,NY,11364,M,Y,83500,4.4373474,0,1000
Rafik,Akaho,406,126-1100,ULM,MT,59485,S,Y,7500,3.6448276,1900,1900
Miche,Bard,646,157-2020,COBLESKILL,NY,12043,S,Y,26000,4.104268,0,1000
Yap,Lebah,251,198-1660,HOLLY POND,AL,35083,S,N,24000,5.0,1500,0
Sreekumar,Freundlich,775,116-1264,LAS VEGAS-typoNORTH FORT MYERS,WV,89129,M,Y,6000,0.0,0,0
Enid,Hammerle,302,155-1517,LINCOLN,DE,19960,S,N,50000,5.268182,110,0
Premsyl,Biagini,702,146-1960,MADISON LAKE,NV-typoIA,89446,S,Y,96000,0.0,0,0
Sigenobu,Kalorkoti,650,186-1354,RIVERSIDE,CA,92504,M,N,75500,9.3,0,0
Hyongmuk,Goodenday,304,124-1869,PETERSTOWN,WV,24963,S,Y,64000,6.5,2000,2000
Michiharu,Nemeti,316,180-2057,TREECE,KS,66778,M,Y,8500,3.5,0,2250
Jagesh,Bloedorn,308,106-1328,MURDOCK,NE,68407,M,Y,67500,6.84,0,103
Euthimios,Rosenbaum,314,189-2076,EAGLEVILLE,MO,64442,M,N,14000,6.0,0,0
Hratchia,Joobbani,787,185-1745,SAN JUAN,PR,919,S,N,81500,0.0,0,0
Motokazu,Ertel,919,135-1377,ASHEVILLE,NC,28804,M,Y,55500,6.8968534,0,3300
Wubin,Kurien,907,142-1152,MOOSE PASS,AK,99631,M,N,15000,0.0,0,0
Makram,Daskalova,928,177-2049,GLENDALE,AZ,85301,M,Y,61000,3.6604998,0,2300
Serafino,Marchukov,405,142-1128,OKMULGEE,OK,74447,S,Y,2000,1.1388888,1000,1000
Carisa,Olken,701,130-1837,HARVEY,ND,58341,S,N,58000,2.4280605,3300,0
Jaeho,Givaty,406,129-1507,HUNGRY HORSE,MT,59919,S,N,28500,6.9,1900,0
Ramadan,Shklar,651,165-1307,JASPER,MN,56144,S,Y,3500,5.35,3300,3300
Shamik,Leroudier,605,113-1833,SELBY,SD,57472,S,N,64000,0.0,0,0
Chittur,Fleet,202,183-1111,WASHINGTON,DC,20370,S,N,31000,9.0,1370,0
Vitit,Birke,302,192-1575,ODESSA,DE,19730,M,N,63000,5.95,0,0
Siddarth,Molyneaux,509,129-1097,BOW,WA,98232,S,N,33500,0.0,0,0
Predrag,Iivonen,561,195-1218,PANAMA CITY,FL,32404,S,N,32500,0.0,0,0
Guorong,Kabuo,208,165-1334,ASHTON,ID,83420,M,Y,85000,7.8,0,3300
Nicolaas,Skansholm,563,105-1651,WEBSTER CITY,IA,50595,S,N,88500,8.98,40,0
Ryotaro,Chu,406,124-1935,LIVINGSTON-typoNORTH FORT MYERS,MT-typoNV,59047,S,N,21000,6.9,1900,0
Toyohide,Stafford,318,172-1829,ARCADIA,LA,71001,S,Y,71500,6.0,4500,1000
Tomonari,Prokopowicz,980,182-1014,OXFORD,NC,27565,S,Y,40000,6.571678,3300,3300
Alagu,Worz,561,176-1287,MIAMI,FL,33179,M,N,99000,0.0,0,0
Vlado,Belanger,409,190-1734,DALLAS,TX,75201,S,Y,52000,0.0,0,0
Ashish,Gaitonde,210,156-1501,TROUP,TX,75789,M,N,44000,0.0,0,0
Jacek,Spinrad,414,113-1649,ALMONT,WI-typoWV,54302,S,N,57000,5.4367867,700,0
Arjan,Nannarelli,414,123-1424,APPLETON,WI,54919,S,N,55000,5.4020367,700,0
Amani,Lally,414,164-1859,WHITELAW,WI,54247,S,Y,24000,4.863407,700,400
Yezdi,Petterson,605,173-1013,AMHERST,SD,57421,S,Y,39000,0.0,0,0
Wenyu,Wendorf,414,177-1596,MILWAUKEE,WI,53223,S,N,23000,4.846032,700,0
Andry,Biolsi,716,126-1611,BEAR MOUNTAIN-typoALMONT,IA,10911,S,Y,50500,4.246189,0,1000
Barbora,Rebizant,567,106-1662,BUCYRUS,OH,44820,M,N,94000,3.6663437,0,0
Meenakshy,Pawlikowski,503,175-1724,MILL CITY,OR,97360,S,Y,11000,9.0,159,159
Wellington,Depommier,509,109-1392,LONGBRANCH,WA,98351,S,N,92000,0.0,0,0
Mehryar,Olveszky,606,187-1683,BUTLER,KY,41006,M,Y,54000,4.833333,0,20
Gongxian,Langtangen,412,173-1101,HADLEY,PA,16130,M,N,9000,3.07,0,0
Ymte,Romijn,228,144-1318,GRENADA,MS,38902,M,Y,44500,5.0,0,1500
Fionn,Deokar,503,188-1973,DREWSEY,OR,97904,M,Y,48000,9.0,0,159
Borko,Delugach,701,137-1395,CANDO,ND,58324,S,Y,86000,2.7526436,3300,3300
Shalesh,Kamphusmann,316,105-1130,LENEXA,KS,66227,M,N,95500,6.45,0,0
Joanthan,Caugne,339,120-1692,WORCESTER,MA,1614,S,N,93500,5.3,3575,0
Talia,Bari,520,131-1333,WICKENBURG,AZ,85390,M,Y,44500,3.4047499,0,2300
Judea,Wolff,925,179-1692,CHULA VISTA,CA,91912,S,Y,12500,2.4591928,87,272
Khun,Spauster,859,144-1928,LA VETA,WV,42001,S,N,50500,4.638889,20,0
Bas,Guenter,240,103-1495,BALTIMORE,MD,21230,S,N,8000,4.75,2400,0
Marianthi,Lovelady,406,153-1592,BILLINGS,MT,59114,S,N,94000,6.9,1900,0
Gajanana,Gilmore,904,132-1210,HIGH SPRINGS,FL,32655,M,Y,30500,0.0,0,0
Hiroya,Goad,302,186-1366,YORKLYN,DE,19736,M,Y,44000,4.859091,0,110
Alejandro,Newhagen,860,117-1598,HADLYME-typoHARTMAN,CT-typoNV,6439,S,N,95500,5.0,12750,0
Raimondas,Artelt,862,154-1688,IRONIA-typoHARTMAN,WV,7845,M,N,12000,1.4,0,0
Ljiljana,Libkin,708,151-2005,SULLIVAN,IL,61951,S,Y,36000,3.0,2000,2000
Zhongyang,Baru,717,144-1407,WEST SALISBURY,PA,15565,S,N,53000,3.07,0,0
Georgy,Gonzales,319,120-1052,AMES,IA,50010,M,N,59500,8.98,0,0
Sigalit,Petrounias,603,139-1780,NORTH WALPOLE,NH,3609,M,N,27500,0.0,0,0
Hayo,Ulman,304,175-1651,ENTERPRISE,WV,26568,S,N,93000,6.5,2000,0
Yonhao,Vlachantonis,660,115-1193,HALLTOWN,MO,65664,S,Y,72500,6.0,2100,1200
DeWLitt,Widenauer,417,185-1415,BELTON,MO,64012,S,N,15000,6.0,2100,0
Martyn,d'Astous,843,179-1890,GREENVILLE,SC,29604,M,N,12500,6.84679,0,0
Morton,Brodley,307,141-1065,NEWCASTLE,WY,82701,S,Y,81000,0.0,0,0
Rustam,Trudel,763,143-1122,STACY,MN,55079,M,Y,64500,7.6973853,0,3300
Ursel,Jelonek,702,106-2068,LAS VEGAS,NV,89159,S,N,68000,0.0,0,0
Arunabha,Hertweck,630,124-2032,CHICAGO,IL,60607,M,N,17000,3.0,0,0
Randal,Yetim,339,188-1415,BOSTON,MA,2128,M,N,51000,5.3,0,0
Kek,Smallbone,207,141-1182,HANCOCK,ME,4640,S,Y,98500,8.5,2850,2850
Gisela,Lagendijk,901,175-1714,RIPLEY,TN,38063,S,N,29000,0.0,0,0
Shaleah,Erdmenger,862,188-1528,MONTVALE,NJ,7645,S,Y,78000,2.3147082,1000,1500
Grantham,Radzik,307,143-1972,LAGRANGE,WY,82221,M,N,73000,0.0,0,0
Koh,Bocchetti,207,167-2053,STEEP FALLS,ME,4085,M,N,31500,8.5,0,0
Hausi,Ittner,907,158-1015,ANCHOR POINT,AK,99556,S,N,15000,0.0,0,0
Shaygan,Giarratana,302,151-1833,WILMINGTON,DE,19895,S,N,74000,5.95,110,0
Jianxiu,Goodenough,803,193-1011,AIKEN-typoALMONT,SC-typoGA,29805,M,Y,78000,7.0,0,3300
Emilo,Hylton,857,153-1077,BECKET,MA,1223,S,Y,11000,5.3,3575,1000
Haldun,Erde,719,186-1646,DOLORES,CO,81323,S,Y,62000,4.63,0,0
Ric,Vernadat,386,173-1162,OTTER CREEK,FL,32683,M,Y,21000,0.0,0,0
Antonis,Wygladala,202,105-1304,WASHINGTON,DC,20080,S,Y,55000,9.0,1370,1370
Sichen,Lejter,401,174-1000,PROVIDENCE,RI,2901,S,Y,90500,0.0,0,0
Tito,Thall,208,160-1934,LUCILE,ID,83542,M,Y,53000,7.8,0,3300
Asbjorn,Nissenbaum,608,169-1764,SENECA,WI,54654,M,Y,91000,6.0275416,0,400
Csaba,Stafylopatis,530,195-1140,LAKEWOOD,CA,90713,S,Y,23000,4.9380026,87,272
Nathaniel,Berend,240,174-1275,MOUNT VICTORIA,MD,20661,M,Y,100000,4.75,0,2400
Cornelis,Cappi,228,149-1596,MIZE,MS,39116,S,Y,2000,3.0,6000,1500
Yongkyun,Hedayat,339,112-1093,HANSON,MA,2341,M,Y,6000,5.3,0,1000
Haldon,Pries,864,117-1904,HUGER,SC,29450,S,N,38500,7.0,3300,0
Rom,Schaad,727,106-1713,BRADENTON,FL,34201,S,Y,67000,0.0,0,0
Ljubomir,Bisiere,304,120-1691,CLARKSBURG,WV,26301,S,Y,74500,6.5,2000,2000
Jayson,Drabenstott,910,187-1988,CHARLOTTE,NC,28217,S,N,98500,7.798951,3300,0
Nestoras,Cestnik,417,183-2084,BRINKTOWN,MO,65443,M,Y,28500,6.0,0,1200
Rupak,Springer,212,107-1068,NEW YORK,NY,10117,S,Y,87500,4.4605184,0,1000
Reza,Perritt,207,171-1442,PERRY,ME,4667,M,Y,91000,8.5,0,2850
Raimond,Cannata,808,176-1123,KIHEI,HI,96753,M,N,17500,4.194079,0,0
Weixin,Hinnebusch,201,112-1765,NORTH FORT MYERS,WV,7108,S,N,68500,2.1648855,1000,0
Fun,Vouillon,808,130-1775,HANAPEPE,HI,96716,M,N,4500,1.8506579,0,0
Rade,Baig,802,176-1206,LOWER WATERFORD,VT,5848,S,N,51000,4.0197945,3300,0
Tarek,Tascini,443,192-1787,BRUNSWICK,MD,21716,S,Y,23000,4.75,2400,2400
Olle,Uren,803,192-1850,SUMMERTON-typoLA VETA,NV,29148,S,Y,54000,7.0,3300,3300
Saeeiab,Mitkas,225,130-1578,SAINT FRANCISVILLE-typoNORTH FORT MYERS,CT,70775,S,N,44000,6.0,4500,0
Janine,Zaimov,785,156-1343,OKETO,KS,66518,S,N,61000,6.45,2250,0
Alongkrit,Imataki,401,114-1958,NEWPORT,RI,2841,S,Y,46500,0.0,0,0
Hafedh,Dreux,605,123-1467,KEYSTONE,SD,57751,S,Y,7500,0.0,0,0
Femke,Kniesel,262,179-1088,ROSENDALE,WI,54974,M,N,80000,5.836415,0,0
Nobuyuki,Gentina,701,176-1808,GARDNER,ND,58036,M,N,92000,2.822197,0,0
Bahaa,Hilliard,801,177-2088,SARATOGA SPRINGS,UT,84045,M,Y,16500,7.0,0,2475
Dalibor,Sidje,910,196-1181,JAMESVILLE,NC,27846,M,Y,93500,7.694056,0,3300
Hanspeter,Hisano,701,106-1249,SARLES,ND,58372,M,N,58500,2.4338567,0,0
Mandira,Ercolani,501,199-1592,MONTROSE,AR,71658,M,Y,53500,7.0,0,20
Chaisak,Middeldorp,808,127-1342,KAILUA,HI,96734,S,Y,91000,8.25,1040,1040
Jarek,Suessmith,808,194-1669,CAPTAIN COOK,HI,96704,S,N,58000,8.25,1040,0
Laurian,Khoshnevisan,701,104-1956,WOLFORD,ND,58385,S,N,71000,2.5787597,3300,0
Benedita,Kaarela,808,110-1887,HONOLULU,HI,96806,S,Y,94000,8.25,1040,1040
Xian,Waksman,859,101-1535,LEXINGTON,KY,40577,S,Y,21500,3.0277777,20,20
Xenofon,Drenth,267,165-1968,DOYLESTOWN,PA,18902,M,Y,84000,3.07,0,0
Heiki,Halper,651,169-1975,MINNEAPOLIS,MN,55468,M,Y,42500,6.5234256,0,3300
Soumitra,Murta,509,167-1478,BELLINGHAM,WA,98228,S,Y,44000,0.0,0,0
Roch,Hoppenstand,302,192-2051,WILMINGTON,DE,19889,S,N,48000,5.131818,110,0
Demosthenes,Tarabout,207,191-1882,LEBANON,ME,4027,M,Y,61500,8.5,0,2850
Huiqun,Wahba,802,123-1284,FAIRLEE,VT,5045,M,N,84000,4.6763444,0,0
Starr,Gotzinger,302,133-2021,WILMINGTON,DE,19896,S,N,66500,5.95,110,0
Simmi,Denna,801,135-1983,CLEARFIELD,UT,84089,M,Y,86000,7.0,0,2475
Jade,Masini,303,132-2094,COALDALE,CO,81222,M,N,53500,4.63,0,0
Ladislav,Pollatschek,907,164-1907,WILLOW,AK,99688,S,N,54000,0.0,0,0
Shreesh,Nemytykh,623,185-1286,TUMACACORI,AZ,85640,M,N,65500,3.73025,0,0
Pascalin,Tavares,956,186-1517,EL PASO,TX,88563,M,N,59500,0.0,0,0
Osher,Sowizrai,864,189-2041,PORT ROYAL,SC,29935,S,N,34000,7.0,3300,0
Risto,Papaconstantinou,405,117-1429,GLENCOE,OK,74032,M,Y,59000,6.25,0,1000
Guiseppe,Libkin,610,143-1505,PHILADELPHIA,PA,19120,S,Y,4000,3.07,0,0
Raimonds,Palacharla,605,193-1198,DUPREE,SD,57623,M,Y,96000,0.0,0,0
Nesime,Chatterji,910,198-2013,GREENSBORO,NC,27405,M,N,54000,6.8653846,0,0
Simo,Thomassen,785,132-1652,KANSAS CITY,KS,66119,S,N,88000,6.45,2250,0
Sivan,Konstan,617,104-1237,SOMERVILLE,MA,2144,S,N,62500,5.3,3575,0
Dragomir,Buescher,307,126-1533,BANNER,WY,82832,M,N,61500,0.0,0,0
Fox,Porenta,401,168-2075,BARRINGTON,RI,2806,S,N,75000,0.0,0,0
Youji,Stiliadis,702,120-1951,LAS VEGAS,NV,89146,M,N,82500,0.0,0,0
Xuerong,Guangyi,618,195-1883,OAKDALE,IL,62268,M,N,45000,3.0,0,0
Sandor,Berger,912,187-1750,CLINCHFIELD,GA,31013,M,Y,62500,6.0,0,3000
Zhixing,Berdichevsky,775,160-1302,HENDERSON,NV,89015,M,Y,78500,0.0,0,0
Markus,Kambhampati,937,138-1121,BLUFFTON,OH,45817,M,N,79000,3.1684208,0,0
Shigeyyoshi,Guski,563,144-1352,NORTH FORT MYERS,IA-typoGA,52554,M,Y,30000,4.795432,0,40
Stina,Wijk,706,145-1840,ATLANTA,GA,30331,S,Y,73000,6.0,2700,3000
Venkatram,Layer,406,178-1437,TERRY,MT,59349,S,N,44000,6.9,1900,0
Eliezer,Snelgrove,207,115-1715,FRENCHBORO,ME,4635,M,N,61500,8.5,0,0
Safa,Gupte,812,183-1749,PORTAGE,IN,46368,M,Y,80500,3.4,0,1000
Georges,Haddley,307,169-2050,CHEYENNE,WY,82001,S,Y,40500,0.0,0,0
Lance,Vierhaus,787,180-1250,TRUJILLO ALTO,PR,977,M,N,15500,0.0,0,0
Spiridon,Kennamer,719,132-1327,OHIO CITY,CO,81237,S,Y,96000,4.63,0,0
Burkhard,Poggio,609,193-2054,ALMONT,NJ-typoMI,7513,S,Y,10500,1.4,1000,1500
Mohamad,Schoder,720,193-2064,KITTREDGE,CO,80457,M,N,62500,4.63,0,0
Tsunetoshi,Salvesen,401,188-1468,EAST GREENWICH,RI,2818,M,N,33500,0.0,0,0
Shohei,Printista,307,169-1016,KEMMERER,WY,83101,S,Y,51500,0.0,0,0
Maryann,Pieper,520,119-1990,SURPRISE,AZ,85388,M,Y,98500,4.24175,0,2300
Jayson,Jiafu,817,169-1057,LEANDER,TX,78646,S,N,67500,0.0,0,0
Aino,Scattergood,712,119-1639,DES MOINES-typoALMONT,MI,50311,M,Y,74500,8.98,0,40
Iabelle,Pauthner,213,188-2076,MADISON LAKE,CA-typoNV,94521,M,N,8000,1.3968457,0,0
Kenan,Heusch,971,166-1415,NORTH BEND,OR,97459,M,Y,36000,9.0,0,159
Lalit,Majors,662,107-1411,BILOXI,MS,39531,S,Y,33500,5.0,6000,1500
Bosco,Skuppin,701,162-2049,DOUGLAS-typoLA VETA,ND-typoMI,58735,M,N,87000,2.7642357,0,0
Toneluh,Meacham,318,103-1368,OSCAR,LA,70762,S,Y,33000,6.0,4500,1000
Giannis,Wirl,636,182-1876,DEVILS ELBOW,MO,65457,M,N,65000,6.0,0,0
Ishai,Labarthe,214,151-2091,SNOOK-typoBEACON FALLS,TX-typoIA,77878,M,N,37000,0.0,0,0
Nipun,Laver,754,171-1881,DEERFIELD BEACH,FL,33443,S,N,28000,0.0,0,0
Flemming,Wnek,239,125-1210,WEST PALM BEACH,FL,33417,S,Y,72500,0.0,0,0
Shohji,Tsukuda,316,176-1051,WOODSTON,KS,67675,S,N,52000,6.45,2250,0
Chikara,Ludovice,701,109-1362,MANVEL,ND,58256,M,Y,14500,2.1,0,3300
Cong,Craske,208,166-1736,OSBURN,ID,83849,M,N,10500,4.251628,0,0
Takao,Hirschman,913,132-2007,HARTMAN,KS-typoIA,67661,M,Y,96000,6.45,0,2250
Ghasem,Rios,334,172-2094,MILLERVILLE,AL,36267,S,Y,88000,5.0,1500,300
Eugenia,Capani,225,185-1277,SHREVEPORT,LA,71118,M,Y,45000,6.0,0,1000
Fei,Langholm,567,122-1475,PETERSBURG,OH,44454,S,N,43500,1.9900026,1300,0
Wladslaw,Molenaar,802,123-1948,SOUTH LONDONDERRY,VT,5155,M,N,15000,3.6,0,0
Dragomir,Wiel,360,111-1857,CLEARLAKE,WA,98235,S,N,5500,0.0,0,0
Jeremy,Grotschel,252,152-1026,BOOMER,NC,28606,M,N,60000,6.9912586,0,0
Hirohisa,Pinker,907,146-1559,PORT ALEXANDER,AK,99836,M,Y,65500,0.0,0,0
Joonsoo,Ruget,786,140-1049,LA VETA,GA,33345,M,Y,4000,0.0,0,0
Schuyler,Paczkowski,703,165-1657,DALEVILLE,VA,24083,S,N,43000,5.75,900,0
Sampalli,MacLean,772,188-1711,MIAMI BEACH,FL,33154,S,Y,26500,0.0,0,0
Manoel,D'Hooge,301,139-1545,BALTIMORE,MD,21203,S,N,90000,4.75,2400,0
Yael,Eichenberger,787,124-1484,COTO LAUREL,PR,780,S,N,24500,0.0,0,0
Chilukuri,Witschorik,904,153-1616,NORTH FORT MYERS,FL,33918,M,N,90500,0.0,0,0
Lex,Palfreyman,770,155-1111,NASHVILLE,GA,31639,M,Y,59000,6.0,0,3000
Vikrant,Matheis,701,107-1009,FINLEY,ND,58230,M,N,77000,2.6483133,0,0
Ehric,Sucheston,228,155-1346,PARIS,MS,38949,M,N,22500,5.0,0,0
Heeseok,Hendrix,301,171-2051,ROCKVILLE,MD,20848,M,N,2500,4.0625,0,0
Hillary,Rajgopal,203,150-1667,SOUTH BRITAIN,CT,6487,M,Y,34000,5.0,0,0
Sylvian,Grundmann,304,140-1789,MORGANTOWN,WV,26508,M,Y,26000,4.12,0,2000
Clinton,Daescu,307,115-2020,YELLOWSTONE NATIONAL PARK,WY,82190,M,Y,27500,0.0,0,0
Shir,Gwertzman,563,181-1294,EXLINE,IA,52555,S,N,43500,6.879534,40,0
Shunji,Glockner,970,166-1068,CLIFTON,CO,81520,M,Y,73000,4.63,0,0
Jatin,Kemp,660,109-1510,STURGEON,MO,65284,S,N,6000,4.3125,2100,0
Hanja,Rennels,504,120-1400,IDA-typoALMONT,LA-typoIA,71044,S,N,98000,6.0,4500,0
Jermy,Aichinger,701,172-2067,RUSO,ND,58778,S,Y,13000,2.1,3300,3300
Seungyup,Risk,515,167-2036,NEW HARTFORD,IA,50660,M,Y,73500,8.98,0,40
Aahok,Haraldsson,208,179-1794,HORSESHOE BEND,ID,83629,S,N,82500,7.8,3300,0
Saumya,Wasacz,304,178-1491,ALMONT,WV-typoNV,26325,S,N,49000,5.73,2000,0
Khurram,Roncato,203,157-1151,BETHLEHEM,CT,6751,M,Y,96500,5.0,0,0
Pantelis,Haahr,864,161-1943,AWENDAW,SC,29429,M,Y,92500,7.0,0,3300
Kyogji,Koperczak,208,132-1747,IONA,ID,83427,M,N,69500,7.8,0,0
Venkata,Lepage,701,112-1703,ESMOND,ND,58332,S,N,70500,2.5729637,3300,0
Bommadevara,Partee,308,127-1918,OMAHA,NE,68131,S,Y,63000,6.84,103,103
Milo,Gruenefeldt,701,137-1597,MINTO,ND,58261,S,N,17000,2.1,3300,0
Bagirath,Walrand,906,151-1898,REED CITY,MI,49677,S,N,53000,3.9,3100,0
Elin,Deo,860,161-1785,NORTH FORT MYERS,MI,6378,S,N,66500,5.0,12750,0
Attilio,Recce,435,101-1336,SALT LAKE CITY,UT,84158,M,N,15500,7.0,0,0
Hiroki,Bayraktar,541,123-1073,PLUSH,OR,97637,S,N,8000,9.0,159,0
Baher,Perko,520,156-1770,MESA-typoNORTH FORT MYERS,GA,85205,S,N,67000,3.7535,2100,0
Maryalice,Schuschel,360,185-1903,SPOKANE,WA,99224,S,N,90500,0.0,0,0
Tetsuro,DiGiano,828,174-1563,MEBANE,NC,27302,M,Y,20500,6.1625876,0,3300
Shangzhi,Murrill,505,197-1840,CROWNPOINT,NM,87313,M,Y,66500,5.3,0,3300
Chaitali,Azarbod,256,132-1037,SWEET WATER,AL,36782,M,Y,55500,5.0,0,300
Arlene,Rasse,304,197-1688,VALLEY GROVE,WV,26060,S,Y,88000,6.5,2000,2000
Hosame,Wrigley,802,191-1588,NORTH FORT MYERS,VT-typoNV,5488,M,Y,34500,3.691519,0,3300
Motomichi,Abello,214,184-1078,EL PASO,TX,88525,M,Y,7000,0.0,0,0
Kaninda,Shinozaki,701,146-1932,PORTLAND,ND,58274,S,Y,72000,2.590352,3300,3300
Nelma,Drobnic,978,142-1860,EAST ORLEANS,MA,2643,S,N,51000,5.3,3575,0
Dara,Vitthal,501,194-1941,ADONA,AR,72001,M,N,47500,7.0,0,0
Anja,McFarlin,574,164-1017,LIBERTY,IN,47353,M,N,73000,3.4,0,0
Yoshito,Mihok,440,164-1274,WINCHESTER,OH,45697,M,N,65500,2.7202897,0,0
Look,Orlandi,509,180-1155,WILSON CREEK,WA,98860,S,N,55500,0.0,0,0
Myungwhan,Popien,276,141-1726,NORFOLK,VA,23512,M,Y,20000,5.75,0,900
Hironobu,Halova,319,197-1467,CONESVILLE,IA,52739,M,Y,49000,7.728613,0,40
Volker,Tash,224,152-1010,VANDALIA,IL,62471,S,Y,29000,3.0,2000,2000
Gottfried,Delgrossi,971,124-2084,THURSTON,OR,97482,S,N,26500,9.0,159,0
Aida,Torrigiani,864,188-1337,HONEA PATH,SC,29654,M,N,70500,7.0,0,0
Liu,Gelsey,334,193-1759,MOBILE,AL,36690,S,N,20500,5.0,1500,0
Susana,Araki,612,136-1842,SAINT PAUL-typoALMONT,GA,55120,M,Y,86500,7.85,0,3300
Shigeo,Yasuda,269,156-1124,CENTRAL LAKE,MI,49622,S,Y,55000,3.9,3100,3100
Zicheng,Antonakopoulos,808,151-1882,HONOLULU,HI,96850,S,Y,9500,2.7519736,1040,1040
Nivio,Lukanowicz,774,180-1088,SUTTON,MA,1590,M,Y,48000,5.3,0,1000
Nasir,Silva,567,174-2080,BELMONT,OH,43718,M,Y,35500,1.7244437,0,1300
Yufeng,Juvan,605,168-1126,AGAR,SD,57520,S,N,27000,0.0,0,0
Tatsuki,Houssain,508,110-1818,SIASCONSET,MA,2564,M,N,46500,5.3,0,0
Magy,Varsek,404,103-1068,GIBSON,GA,30810,S,N,87500,6.0,2700,0
Tiziana,Anderssen,609,182-1673,DEMAREST,NJ,7627,M,Y,25000,1.4788542,0,1500
Tremaine,Rauzy,406,184-1853,ZURICH,MT,59547,S,Y,16000,6.9,1900,1900
Jengchin,Frattolillo,360,160-1795,ORTING,WA,98360,M,N,7000,0.0,0,0
Nematollaah,Tuecke,410,105-1866,HARTMAN,GA,21050,M,Y,61000,4.75,0,2400
Arlindo,Kamiyama,931,187-1734,FRANKLIN,TN,37069,M,N,23000,0.0,0,0
Sadanand,Cherifa,630,143-1734,PALATINE,IL,60094,S,Y,40500,3.0,2000,2000
Heggere,Mitkas,231,159-1373,PERRINTON,MI,48871,S,N,60000,3.9,3100,0
Aarne,Bottoni,203,169-1141,MERIDEN,CT,6450,M,N,24000,5.0,0,0
Kendall,Stornetta,469,164-1386,MOUNT VERNON,TX,75457,S,Y,57000,0.0,0,0
Agnes,Seppanen,417,144-1691,ALMONT,MO-typoIA,63171,S,Y,57500,6.0,2100,1200
Dulcineia,Shinagawa,603,126-1131,WINCHESTER,NH,3470,M,N,49000,0.0,0,0
Chikako,Gribble,319,159-1519,WATERLOO,IA,50703,S,N,24500,3.9463534,40,0
Tesuro,Seyfer,234,165-1878,ROSS,OH,45061,S,N,74000,3.0024462,1300,0
Cinzia,Tierney,302,108-1636,WINTERTHUR,DE,19735,S,Y,63500,5.95,110,110
Ismailcem,Waroquier,734,171-1855,KEEGO HARBOR,MI,48320,S,N,60500,3.9,3100,0
Dikran,Palensky,503,144-1910,SHEDD,OR,97377,S,N,75000,9.0,159,0
Chinying,Peyre,308,103-1782,BRIDGEPORT,NE,69336,M,Y,11000,4.087303,0,103
Aleks,Souquieres,443,139-1736,BITTINGER,MD,21522,S,N,87000,4.75,2400,0
Filipe,Gazzotti,435,188-1854,BLANDING,UT,84511,S,N,19500,7.0,2475,0
Moiez,Emiris,202,173-1024,WASHINGTON,DC,20091,M,N,11500,4.8375,0,0
Pierdaniele,Stredney,208,138-2095,WESTON,ID,83286,M,Y,83500,7.8,0,3300
Amrit,Skillicorn,202,189-2051,WASHINGTON,DC,20201,S,Y,74000,9.0,1370,1370
Lip,Gill,910,124-2086,GRANTSBORO,NC,28529,M,N,21000,6.173077,0,0
Nihar,Huffman,720,117-1326,BAYFIELD,CO,81122,M,N,6500,4.63,0,0
Shoichi,Bourcier,603,155-1483,COLEBROOK,NH,3576,S,N,45000,0.0,0,0
Abdullah,Venugopal,623,119-1045,PHOENIX,AZ,85021,S,Y,37500,3.2962499,2100,2300
Odinaldo,Rettelbach,985,149-1166,FLORA,LA,71428,S,N,61500,6.0,4500,0
Jayakrishnan,Hooper,603,168-1891,FRANCONIA,NH,3580,M,Y,49000,0.0,0,0
Lorraine,Viallet,912,109-1072,POWDER SPRINGS,GA,30127,S,Y,79500,6.0,2700,3000
Vishu,Griwodz,402,149-1156,HARTMAN,GA,68954,S,Y,84000,6.84,103,103
Jonna,Tolly,808,130-1071,MOUNTAIN VIEW,HI,96771,S,N,14000,3.5631576,1040,0
Judy,Devlin,607,159-1874,STEPHENTOWN,NY,12169,M,Y,35000,4.1564026,0,1000
Reimund,Poggio,312,188-1189,RICHVIEW,IL,62877,S,N,97500,3.0,2000,0
Saugata,Tripakis,970,167-1177,VONA,CO,80861,S,N,39500,4.63,0,0
Klichiro,Deo,770,120-1628,DULUTH,GA,30096,M,N,41500,6.0,0,0
Koti,Coppini,251,136-1623,PENNINGTON,AL,36916,M,N,86500,5.0,0,0
Sharad,Hagglund,406,105-1000,OLIVE,MT,59343,M,Y,31500,6.9,0,1900
Elefterios,Christinaz,704,107-1051,ELK PARK,NC,28622,M,Y,19500,6.141608,0,3300
Rajagopalan,Groenboom,502,165-1896,MOUNT SHERMAN,KY,42764,M,Y,21500,3.0277777,0,20
Ladislas,Carrigan,443,169-1249,COBB ISLAND,MD,20625,S,Y,83000,4.75,2400,2400
Kerttu,McAlister,303,138-2064,BOULDER,CO,80306,M,Y,41500,4.63,0,0
Guido,Ramsden,210,152-1048,MANSFIELD,TX,76063,S,N,29000,0.0,0,0
Ina,Soleimanipour,270,199-1961,BEE SPRING,KY,42207,M,Y,27000,3.3333335,0,20
Erina,Soreide,614,179-1295,MACKSBURG,OH,45746,M,Y,58000,2.4713283,0,1300
Gillis,Grama,505,148-1761,RUIDOSO DOWNS,NM,88346,M,N,12500,4.1000004,0,0
Sonal,Dunzinger,603,137-2019,CLAREMONT-typoMADISON LAKE,NH-typoGA,3743,M,N,41500,0.0,0,0
Qirui,Seibert,203,184-1335,EASTFORD,CT,6242,M,N,98500,5.0,0,0
Ray,Rumelhart,701,147-1277,MINOT,ND,58703,M,N,78000,2.6599054,0,0
Jochem,Thies,802,161-1591,BENNINGTON,VT,5201,S,N,90000,4.7957172,3300,0
Tru,Aitken,701,119-1228,SAWYER,ND,58781,S,N,66500,2.5265946,3300,0
Youzou,Kahn,480,149-1381,SAFFORD,AZ,85546,M,Y,76500,3.90075,0,2300
Masayoshi,Andraka,208,130-1001,IDAHO FALLS,ID,83405,S,Y,1500,1.6967996,3300,3300
Valtteri,Lindblad,307,105-1159,STORY,WY,82842,S,N,17500,0.0,0,0
Wuu,Adachi,952,131-1562,BOVEY,MN,55709,S,N,17000,5.35,3300,0
Badrul,Nonnenmacher,864,117-1964,HEATH SPRINGS,SC,29058,M,Y,92500,7.0,0,3300
Murad,Khair,207,105-1287,EAST BALDWIN,ME,4024,S,N,25500,8.5,2850,0
Yongun,Glas,732,195-1851,DENNISVILLE,NJ,8214,S,Y,72500,2.2279687,1000,1500
Dallas,Fratarcangeli,712,161-1989,TERRIL,IA,51364,M,N,12000,2.0166295,0,0
Eliana,Siegrist,563,161-1182,SIGOURNEY,IA,52591,M,Y,87500,8.98,0,40
Gererd,Foyster,712,146-2073,NORTH FORT MYERS,WV,50662,M,Y,99500,8.98,0,40
Claudia,Podilchuk,406,188-1393,HAUGAN,MT,59842,M,N,63500,6.9,0,0
Michihiro,Ricardo,430,140-1364,BEASLEY,TX,77417,M,N,70500,0.0,0,0
Nassrin,Bass,208,129-1013,BOISE,ID,83705,M,N,33000,7.8,0,0
Adadeji,Ziarko,808,152-1023,LAHAINA,HI,96761,S,N,88500,8.25,1040,0
YunLong,Maffray,870,190-1335,REYNO,AR,72462,S,Y,90500,7.0,20,20
Yarsun,Roussinov,939,127-1148,PALMER,PR,721,S,N,67000,0.0,0,0
Nabeel,Kossowski,248,182-1339,BUCKLEY,MI,49620,S,N,77500,3.9,3100,0
Anyuan,Nute,614,172-1477,WEST ALEXANDRIA,OH,45381,S,N,18000,1.1435333,1300,0
Peta,Weihrauch,207,122-1868,BEACON FALLS,ME-typoWV,4077,S,N,70000,8.5,2850,0
Xinglin,Litecky,256,115-1155,TUSCALOOSA,AL,35406,S,Y,35000,5.0,1500,300
Juris,Sahidar,304,197-1674,MOATSVILLE,WV,26405,M,Y,33500,4.645,0,2000
Kimihito,Ulery,614,173-1061,HARPSTER,OH,43323,M,N,86000,3.4007845,0,0
Miu,Wafin,816,147-1986,KANSAS CITY,MO,64198,S,Y,86000,6.0,2100,1200
Aksenti,Shokrollahi,651,129-1999,OGEMA,MN,56569,S,N,66500,7.8041086,3300,0
Holm,Lichtenecker,603,141-1751,PORTSMOUTH,NH,3803,M,N,79500,0.0,0,0
Juliet,Auyong,651,121-1654,NORWOOD,MN,55383,M,N,83000,7.85,0,0
Kerryn,Klette,913,196-1883,FOWLER,KS,67844,M,N,3500,3.5,0,0
Jayasree,Guetari,939,157-1950,JUNCOS,PR,777,M,Y,38000,0.0,0,0
Tateaki,Jesus,256,162-1343,VINEGAR BEND,AL,36584,M,Y,99500,5.0,0,300
Horacio,Shallit,443,161-1773,SILVER SPRING,MD,20906,S,N,88500,4.75,2400,0
Kuzuko,Newbery,207,165-1482,FORT FAIRFIELD,ME,4742,S,Y,66000,8.5,2850,2850
Stefanus,Bracchi,563,148-1927,GUERNSEY,IA,52221,S,N,71000,8.98,40,0
Nobuko,Yemenis,304,136-2045,CHARLESTON,WV,25362,M,Y,88000,6.5,0,2000
Prabhav,Balcer,623,130-1634,SUN CITY,AZ,85372,S,Y,97000,4.2185,2100,2300
Hwee,Rosinski,574,148-1183,CORYDON,IN,47112,M,N,9500,3.4,0,0
Samer,Haverkamp,601,163-1465,MERIDIAN,MS,39307,M,N,80500,5.0,0,0
Ewgeni,Cazalens,786,183-2073,ORLANDO,FL,32868,S,N,85500,0.0,0,0
Mitsuo,Reggia,401,197-1437,SLATERSVILLE,RI,2876,M,N,1500,0.0,0,0
Mriganka,Bentzien,603,192-1387,TAMWORTH,NH,3886,S,Y,36000,0.0,0,0
Servaas,Layne,302,101-1665,CHESWOLD,DE,19936,M,Y,74000,5.95,0,110
Laurel,Schwagereit,402,176-1401,ELWOOD,NE,68937,S,N,4000,2.8441494,103,0
Tsun,Wittlich,864,117-1450,PIEDMONT,SC,29673,M,Y,80000,7.0,0,3300
Stylianos,McMorrow,952,142-2094,DELAVAN-typoLA VETA,MN-typoIA,56023,M,Y,11000,5.35,0,3300
Maggie,Kleibomer,907,186-1099,NIKISKI,AK,99635,S,Y,58500,0.0,0,0
Vatsa,Weistroffer,401,110-1690,PROVIDENCE,RI,2908,M,N,65500,0.0,0,0
Nora,Malsburg,303,142-1003,BRUSH,CO,80723,M,N,71500,4.63,0,0
Jeane,Classe,731,179-1566,KINGSPORT,TN,37663,S,N,14000,0.0,0,0
Nabuo,Shillner,904,136-1404,NORTH PORT,FL,34288,S,N,63500,0.0,0,0
Aryya,Pinotti,203,101-1896,PINE MEADOW,CT,6061,S,Y,1000,3.0,12750,0
Yehoshua,Allison,607,101-1902,JAMESTOWN-typoNORTH FORT MYERS,NV,14702,M,Y,17500,4.0550303,0,1000
Nagui,Vignollet,802,110-1776,EDEN MILLS,VT,5653,S,Y,52000,4.0396895,3300,3300
Liyi,Rutkowski,907,164-1271,HAINES,AK,99827,S,N,85000,0.0,0,0
Xiaofa,Mikhajlov,339,198-1855,THORNDIKE,MA,1079,S,N,53000,5.3,3575,0
Torsten,Sobolewski,240,128-1377,TUSCARORA,MD,21790,S,Y,13500,4.75,2400,2400
Fay,Weusten,440,148-1007,GREENWICH,OH,44837,S,Y,20500,1.2265205,1300,1300
Eshrat,Ahr,505,109-1839,VALLECITOS,NM,87581,M,N,51500,5.3,0,0
Gillis,Wodon,612,129-1868,COTTONWOOD,MN,56229,S,Y,15000,5.35,3300,3300
Qingming,Seress,907,113-1499,EAGLE,AK,99738,M,Y,62000,0.0,0,0
Parthasarathy,Duncan,715,148-2092,MOUNT HOPE,WI,53816,S,Y,3500,4.6,700,400
Kehsiung,Mancoridis,605,106-1986,PIERPONT,SD,57468,S,Y,26000,0.0,0,0
Stefania,Krolokowski,907,169-1814,NOORVIK,AK,99763,M,N,42000,0.0,0,0
Yariv,Nastov,918,198-1686,ENID,OK,73705,S,Y,86000,6.25,1000,1000
Deekap,Houtsma,612,180-1648,ROSCOE,MN,56371,M,N,61500,7.5373,0,0
Wendy,Vasanthakumar,801,134-1929,CANNONVILLE-typoNORTH FORT MYERS,UT-typoCT,84718,M,Y,4500,7.0,0,2475
Percy,Lodder,605,102-1019,NORTH FORT MYERS,SD-typoWV,57239,M,Y,86000,0.0,0,0
Wunnava,Carra,256,181-1423,OHATCHEE,AL,36271,M,Y,44000,5.0,0,300
WonGye,Pagnutti,608,123-1260,CEDAR GROVE,WI,53013,M,N,75500,5.758227,0,0
Kunle,Wilhelm,308,102-1447,BRAINARD,NE,68626,M,N,89500,6.84,0,0
Alejandro,Meijer,801,102-1808,SALT LAKE CITY,UT,84117,S,N,31500,7.0,2475,0
Olle,Favero,515,198-1940,GRAVITY,IA,50848,M,N,43000,6.802345,0,0
Evelyn,Greenberger,304,101-1253,ERBACON,WV,26203,S,N,75000,6.5,2000,0
Sajal,Challenger,757,113-1317,MILLBORO,VA,24460,S,Y,50000,5.75,900,900
Tschera,Getov,615,136-1225,CROSS PLAINS,TN,37049,M,Y,46500,0.0,0,0
Yew,Haggerty,701,189-1596,RHAME,ND,58651,S,Y,46000,2.2889535,3300,3300
Shietung,Sabbagh,970,129-1786,BRIGHTON-typoMADISON LAKE,GA,80601,M,N,55500,4.63,0,0
Averill,Puterman,703,123-1005,HAMPTON,VA,23661,M,Y,26500,5.75,0,900
Jakob,Quinke,617,161-1346,SOUTHBRIDGE,MA,1550,S,N,91500,5.3,3575,0
Jungyun,Steketee,308,151-2068,LINCOLN,NE,68508,S,Y,45000,6.84,103,103
Jayantha,Winograd,405,170-2079,DEER CREEK,OK,74636,S,N,79000,6.25,1000,0
Fadila,Aghbari,207,182-1957,HARMONY,ME,4942,S,Y,53000,8.5,2850,2850
Ekawit,Melcarne,401,196-1266,PROVIDENCE,RI,2904,S,N,91500,0.0,0,0
Bishnu,Zinoviev,864,134-1425,SCRANTON,SC,29591,S,Y,18500,7.0,3300,3300
Iris,Pohm,757,173-1218,NASSAWADOX,VA,23413,S,Y,74500,5.75,900,900
Larry,Narasimhan,808,152-1311,HANAMAULU,HI,96715,M,N,2000,1.4,0,0
Wouter,Basarab,601,163-1642,SAUCIER,MS,39574,S,Y,93000,5.0,6000,1500
Michiel,Rotteler,302,128-1309,NEWARK,DE,19713,S,N,90500,5.95,110,0
Insup,McCann,616,134-1575,PORTAGE,MI,49081,M,N,82000,3.9,0,0
Lam,Kapralski,843,179-1253,WATERLOO,SC,29384,M,Y,22500,7.0,0,3300
Lihao,Strohmann,308,170-1373,LEIGH,NE,68643,S,Y,67000,6.84,103,103
Yuchang,Perl,518,153-1714,ROCHESTER,NY,14647,S,N,53500,4.263567,0,0
Cecily,VanderMeer,402,140-2054,BELLEVUE,NE,68147,M,N,40000,6.84,0,0
Vanio,Fontet,253,113-1571,MESA,WA,99343,S,N,38000,0.0,0,0
Yiwei,Weinreich,862,130-1196,SERGEANTSVILLE,NJ,8557,S,Y,2500,1.4,1000,1500
Rondall,Poor,207,197-2001,NORTH ANSON,ME,4958,S,N,62000,8.5,2850,0
Tatiana,Nori,701,199-1293,CALVIN,ND,58323,M,Y,24000,2.1,0,3300
Youji,Pinho,256,133-1621,NORTHPORT,AL,35476,M,Y,74000,5.0,0,300
Alistair,Turakainen,918,185-1582,OWASSO,OK,74055,S,N,6000,3.6944447,1000,0
Mitchel,Kemp,251,105-1201,ELBA,AL,36323,M,Y,74500,5.0,0,300
Colette,Zaccone,808,190-1803,J B P H H,HI,96853,S,Y,54000,8.25,1040,1040
Guoqiang,Brock,228,140-1371,MC LAIN,MS,39456,S,Y,86500,5.0,6000,1500
Rostam,Sueyoshi,302,155-1790,HOCKESSIN,DE,19707,M,Y,21500,3.325,0,110
Jaewoo,Leijenhorst,860,148-1765,HARTFORD,CT,6154,S,Y,95000,5.0,12750,0
Ashutosh,Katker,636,141-1080,NEW CAMBRIA,MO,63558,M,Y,11000,6.0,0,1200
Rashi,Easwarakumar,253,199-1096,TACOMA,WA,98403,M,N,85000,0.0,0,0
Lorette,Fouquere,505,179-1537,NAGEEZI,NM,87037,S,N,53500,5.3,3300,0
Havard,Bolzoni,435,113-1102,OGDEN,UT,84405,S,Y,49500,7.0,2475,2475
Tobias,Meinke,970,171-1514,BUENA VISTA,CO,81211,M,N,28000,4.63,0,0
Kathleen,Kanneganti,843,111-1378,FORT MILL,SC,29707,M,Y,16000,7.0,0,3300
Alin,Bozinovic,505,102-1563,MESILLA,NM,88046,M,Y,98000,5.3,0,3300
Tomohiro,Devai,262,184-1444,MINOCQUA,WI,54548,S,Y,5500,4.6,700,400
Chanathip,Bhar,715,188-1848,NELSONVILLE,WI,54458,S,Y,25500,4.8894696,700,400
Phoebe,Dendorfer,508,153-1951,WEST BRIDGEWATER,MA,2379,M,N,36500,5.3,0,0
Tetsushi,Tompa,602,163-1125,MUNDS PARK,AZ,86017,M,N,77500,3.91625,0,0
Kannan,Masiero,423,165-1100,MC LEMORESVILLE,TN,38235,M,N,77000,0.0,0,0
Helene,Miake,620,126-1105,ALLEN,KS,66833,S,Y,24000,5.27,2250,2250
Moses,Fokkink,843,168-1909,CAMDEN-typoHARTMAN,NV,29020,M,N,19000,7.0,0,0
Egon,Eiron,606,113-1662,WICKLIFFE,KY,42087,S,N,49000,4.5555553,20,0
Tyre,Ramaswamy,803,127-1689,LONG CREEK,SC,29658,S,Y,32000,7.0,3300,3300
Marisa,Ludascher,774,118-1870,MANCHAUG,MA,1526,S,N,7500,5.3,3575,0
Analia,Orleans,601,195-1528,COLUMBUS,MS,39704,M,Y,52000,5.0,0,1500
Barinderpal,Hatonen,612,184-1676,HARTLAND,MN,56042,M,N,43500,6.5767875,0,0
Khanh,Debackere,864,142-1376,CARLISLE,SC,29031,M,Y,82000,7.0,0,3300
Truman,Nagasaki,270,157-2076,RUSH-typoALMONT,IA,41168,S,N,86000,6.0,20,0
Erach,Anstee,603,187-2021,FRANCONIA,NH,3580,M,Y,90500,0.0,0,0
Branislava,Lahlou,808,103-1214,HANAPEPE,HI,96716,M,N,52000,8.25,0,0
Helge,Kruseman,515,111-1011,MARCUS,IA,51035,S,N,53000,8.346125,40,0
Kunihito,Heeffer,504,194-1528,CREOLE,LA,70632,S,N,57000,6.0,4500,0
Eliseu,Ostertag,803,170-1678,POMARIA,SC,29126,M,Y,12000,6.6279182,0,3300
Teruo,Relihan,440,185-1358,COVINGTON,OH,45318,S,Y,62500,2.6207051,1300,1300
Jeretta,Rajgopal,307,140-1142,BANNER,WY,82832,M,Y,500,0.0,0,0
Lingyuan,Dumitrescu,559,170-1775,NORTHRIDGE,CA,91330,M,Y,61000,9.3,0,272
Szymon,Leslie,501,155-1246,CALDWELL,AR,72322,S,N,72500,7.0,20,0
Bjajesh,Dienes,208,194-1737,SAINT CHARLES,ID,83272,S,N,12500,4.8193674,3300,0
Gunter,Chomsky,304,142-1316,DIANA,WV,26217,S,N,54500,6.115,2000,0
Lishin,Nojiri,702,142-1792,LA VETA,GA,89117,S,N,54500,0.0,0,0
Shao,Guzdial,216,100-1428,YOUNGSTOWN,OH,44504,S,N,23500,1.3261051,1300,0
Dragutin,Harllee,860,179-1629,DURHAM,CT,6422,S,N,13000,5.0,12750,0
Garimella,Migliorati,208,193-1767,PORTHILL,ID,83853,M,Y,51500,7.8,0,3300
Kave,Grahn,724,132-1073,PHILADELPHIA,PA,19101,S,Y,66500,3.07,0,0
Pak,Aylett,812,131-1173,LA CROSSE,IN,46348,S,Y,13500,3.4,1000,1000
Ryutarou,Baumslag,262,144-1344,AMBERG,WI,54102,S,N,63500,5.549725,700,0
Dhaval,Muchinsky,308,132-2009,BURR-typoMADISON LAKE,NV,68324,S,Y,23000,6.2184234,103,103
Rob,Boi,405,150-1318,OKLAHOMA CITY,OK,73196,M,Y,32500,6.25,0,1000
Yki,Vaquero,802,195-1011,NORTH FORT MYERS,VT-typoGA,5048,S,Y,4000,3.6,3300,3300
Seong,Lassagne,808,117-1014,HONOLULU,HI,96839,S,Y,10500,2.9322367,1040,1040
Ilona,Jaklic,207,125-1950,GREENE,ME,4236,S,Y,79000,8.5,2850,2850
Rajendran,Greif,402,128-1231,BASSETT,NE,68714,S,Y,54000,6.84,103,103
Debajyoti,Greca,402,119-1674,CRAWFORD,NE,69339,M,N,22500,6.1296268,0,0
Sriram,Robertson,612,155-1254,RANDOLPH,MN,55065,M,N,100000,7.85,0,0
Cornelius,Formella,412,101-1884,STATE COLLEGE,PA,16805,M,Y,10000,3.07,0,0
Nese,Stachniak,907,143-1423,SKWENTNA,AK,99667,S,Y,40500,0.0,0,0
Monty,Basaran,307,143-1897,LA VETA,WY-typoIA,83012,M,N,56000,0.0,0,0
Willa,Anton,407,122-1654,TAMPA,FL,33675,M,N,42500,0.0,0,0
Nobuji,Terekhov,606,130-1153,RINEYVILLE,KY,40162,M,N,67500,5.583333,0,0
Matthieu,Barvinok,952,199-1509,MINNEAPOLIS,MN,55485,M,N,53000,7.0837245,0,0
Chang,Varner,603,121-1920,PLYMOUTH,NH,3264,M,N,13500,0.0,0,0
Zhaojun,McGovern,828,130-1472,CEDAR MOUNTAIN,NC,28718,S,N,68500,7.1695805,3300,0
Yizhi,Hsiang,985,123-1017,KENNER,LA,70097,M,Y,38000,6.0,0,1000
Laurel,Yochum,262,156-1909,ELAND,WI,54427,S,Y,51500,5.3412237,700,400
eva,Cun,302,116-1981,PORT PENN,DE,19731,M,N,64000,5.95,0,0
Taylor,Thorelli,787,161-2095,CAROLINA,PR,981,M,N,59500,0.0,0,0
Yanqiang,Lampert,702,190-1814,WELLINGTON,NV,89444,S,N,99000,0.0,0,0
Innes,Nemeti,980,140-1919,CHARLOTTE,NC,28260,M,N,32500,6.4143357,0,0
Phong,Verpoorten,409,158-1748,IRVING,TX,75062,M,Y,89500,0.0,0,0
Nitsan,Borovoy,919,140-1942,LITTLETON-typoHARTMAN,NC-typoWV,27850,M,N,37000,6.5087414,0,0
Uttam,Kubota,202,187-1962,WASHINGTON,DC,20453,M,N,45500,9.0,0,0
DAIDA,Petterson,515,189-1263,CHARTER OAK,IA,51439,S,N,36500,5.7988887,40,0
Bhuvan,Okasaki,775,156-2031,PAHRUMP,NV,89048,M,N,49500,0.0,0,0
Miyuki,Viveros,808,133-1785,KURTISTOWN,HI,96760,M,N,36500,7.619079,0,0
Anneli,Dalphin,702,119-1017,ELKO,NV,89801,S,N,86500,0.0,0,0
Subhodev,Enomoto,939,136-1474,SAN JUAN,PR,920,M,N,73500,0.0,0,0
Solveig,Wuwongse,636,121-1628,SOUTH FORK,MO,65776,S,N,31000,6.0,2100,0
Shuho,Rayna,207,198-1994,RUMFORD,ME,4276,M,Y,26000,8.5,0,2850
Kaushik,Keim,302,198-1722,GEORGETOWN,DE,19947,M,N,92000,5.95,0,0
Gyungho,Stiefeling,309,127-1158,BLOOMINGTON,IL,61710,S,Y,33000,3.0,2000,2000
Dechang,Dairaine,251,153-2044,BIRMINGHAM,AL,35216,M,Y,97000,5.0,0,300
Gheith,Kshemkalyani,313,155-1067,DETROIT,MI,48206,M,N,73000,3.9,0,0
Rassul,Diderrich,781,159-1026,MADISON LAKE,NV,2766,M,N,24500,5.3,0,0
Ruairi,Insfran,562,151-1095,CHICO,CA,95928,S,Y,49000,9.3,87,272
Eelco,Adalal,925,119-1307,SOUTH PASADENA,CA,91031,M,Y,45000,9.3,0,272
Philips,Gatziu,808,168-1328,TRIPLER ARMY MEDICAL CENTER,HI,96859,S,Y,73000,8.25,1040,1040
Subash,Barnholdt,208,169-1313,TERRETON,ID,83450,S,Y,45500,7.8,3300,3300
Felip,Gottlieb,501,136-1515,WALCOTT,AR,72474,S,N,99500,7.0,20,0
Malini,D'Agostino,208,126-1984,EDEN,ID,83325,S,Y,92000,7.8,3300,3300
Jared,Spataro,860,124-1730,FARMINGTON,CT,6032,S,Y,95500,5.0,12750,0
Ingram,Neurohr,304,153-1230,MADISON LAKE,IA,26031,M,Y,34500,4.715,0,2000
Boyko,Emmerich,229,104-1406,COLUMBUS,GA,31904,S,N,7500,6.0,2700,0
Rasikan,Schaub,803,131-1192,TURBEVILLE,SC,29162,M,N,3000,2.6882296,0,0
Hannie,Speckmann,541,108-2016,FLORENCE,OR,97439,M,N,60500,9.0,0,0
Insup,Angele,574,137-1508,REELSVILLE,IN,46171,S,N,2000,3.4,1000,0
Feixiong,Anick,219,150-1771,NEWTOWN,IN,47969,S,N,42500,3.4,1000,0
Andrei,O'Cinneide,213,179-1562,SACRAMENTO,CA,94245,S,Y,30000,6.590543,87,272
Seungjin,Biryukow,480,193-1205,PRESCOTT VALLEY,AZ,86314,S,Y,40000,3.335,2100,2300
Bouchaib,Lester,928,105-1195,HUACHUCA CITY,AZ,85616,S,N,98500,4.24175,2100,0
Ryoichi,Guojun,907,109-1528,MOUNTAIN VILLAGE,AK,99632,S,Y,76000,0.0,0,0
Jeanleah,Speckmann,260,177-1737,SOUTH BEND,IN,46604,M,Y,87500,3.4,0,1000
Sverker,Rich,970,122-1795,FIRESTONE,CO,80520,M,Y,98000,4.63,0,0
Tarja,Riddall,502,156-1083,MEALLY,KY,41234,M,Y,98500,6.0,0,20
Dongping,Ziller,203,154-1367,STAFFORD,CT,6075,M,Y,92000,5.0,0,0
Kotagiri,Lybanon,316,119-1199,ELK FALLS,KS,67345,M,N,64500,6.45,0,0
Noritoshi,Arlazarov,787,187-1960,SAN JUAN,PR,955,M,N,55500,0.0,0,0
Sangho,Harloff,908,105-1699,BRIELLE,NJ,8730,M,N,84500,2.4172187,0,0
Jasminko,Gawecki,919,149-1258,HENDERSONVILLE,NC,28791,S,N,96000,7.7465034,3300,0
Gabriel,Chimia,253,133-1175,KEYPORT,WA,98345,S,N,26000,0.0,0,0
Arun,Wyckoff,843,168-1214,RAVENEL,SC,29470,M,N,85500,7.0,0,0
Dogan,Trachtman,602,162-1875,GLENDALE,AZ,85312,S,Y,50500,3.4977498,2100,2300
Kothuri,Kero,980,197-2067,CHARLOTTE,NC,28234,S,N,90500,7.631119,3300,0
Karina,Erie,918,108-1888,MOUNTAIN VIEW,OK,73062,S,Y,100000,6.25,1000,1000
Weigang,O'Dunlaing,915,173-1212,PASADENA,TX,77504,M,N,82000,0.0,0,0
Melanie,Goil,567,122-1647,BOWLING GREEN,OH,43402,S,Y,73500,2.985849,1300,1300
Rayman,Siddall,417,171-1459,COLUMBIA-typoNORTH FORT MYERS,MI,65299,S,Y,64000,6.0,2100,1200
Magy,Smail,406,101-1154,OLIVE,MT,59343,S,Y,90500,6.9,1900,1900
Bedabrata,Baade,202,101-1322,WASHINGTON,DC,20523,S,Y,51000,9.0,1370,1370
Amalendu,Lodderstedt,505,157-1869,TRAMPAS,NM,87576,M,N,52000,5.3,0,0
Corey,Kwedlo,234,130-1415,MALVERN,OH,44644,M,Y,48000,2.1393795,0,1300
Esteban,Abraham,573,142-1931,LA VETA,IA,65360,M,N,52500,6.0,0,0
Narain,Wuytack,856,159-1716,TOTOWA,NJ,7512,M,Y,33000,1.6050208,0,1500
Lalgudi,Bruha,202,167-1489,WASHINGTON,DC,20038,M,N,5000,4.5,0,0
Xiaorong,Rubia,337,180-1762,SHREVEPORT-typoHARTMAN,IA,71136,S,Y,74000,6.0,4500,1000
Tandy,Amsterdam,843,121-1237,CONWAY,SC,29528,S,Y,37500,7.0,3300,3300
Lila,Colliat,939,190-1652,BAYAMON,PR,956,S,N,31500,0.0,0,0
Diomidis,Dur,626,180-1485,CHATSWORTH,CA,91311,S,N,57000,9.3,87,0
Margaretha,Warwick,701,129-1888,BISMARCK,ND,58505,S,N,14000,2.1,3300,0
Gal,Saggurti,870,185-1160,HUMPHREY,AR,72073,S,N,32500,7.0,20,0
Mitsugu,Moshell,662,140-2073,PICKENS,MS,39146,S,N,27000,5.0,6000,0
Jaroslava,Morrin,860,135-1951,WALLINGFORD,CT,6492,S,Y,8000,3.0,12750,0
Zinovy,Scarborough,567,190-1988,BRILLIANT,OH,43913,S,N,62500,2.6207051,1300,0
Rayk,Saoudi,848,182-1978,CRANBURY,NJ,8512,M,N,9000,1.4,0,0
Vasudha,Tabet,240,104-1011,ALMONT,IA,21841,S,Y,19000,4.75,2400,2400
Saadia,Balder,908,178-1015,OCEAN CITY,NJ,8226,M,N,36500,1.6602187,0,0
Rupal,Bassiouni,402,133-1361,WALTON,NE,68461,S,Y,29500,6.84,103,103
Ute,Pascual,732,164-1228,PLAINSBORO,NJ,8536,M,Y,54500,1.9440937,0,1500
Viera,Graber,224,157-1978,BELKNAP,IL,62908,S,N,45000,3.0,2000,0
Demetri,Striel,207,194-1595,HULLS COVE,ME,4644,S,Y,15000,6.9580293,2850,2850
Anwar,Denecker,787,181-1225,CAROLINA,PR,988,M,N,30500,0.0,0,0
Tianxu,Tahi,478,172-1021,COLUMBUS,GA,31914,S,N,76000,6.0,2700,0
Yohtaro,Rasse,302,147-1922,DOVER,DE,19901,M,N,81000,5.95,0,0
Share,Dayang,717,153-2018,CREIGHTON,PA,15030,S,N,43500,3.07,0,0
Duke,Osoba,860,168-1299,WATERBURY,CT,6705,M,N,58500,5.0,0,0
Halit,Barjaktarovic,931,197-1058,LA VERGNE,TN,37089,S,Y,3500,0.0,0,0
Mathematics,Bashkow,605,170-1996,SIOUX FALLS,SD,57186,M,N,27500,0.0,0,0
Weixin,Anderaa,913,193-1130,JUNCTION CITY,KS,66441,S,N,28500,6.1549997,2250,0
Shekhar,Cooperstock,864,141-1489,HOLLY HILL,SC,29059,M,Y,23000,7.0,0,3300
Ella,Ozeki,702,195-1083,LAS VEGAS,NV,89127,M,Y,56000,0.0,0,0
Edyta,Kogure,210,127-1955,OLDEN-typoLA VETA,WV,76466,S,N,88000,0.0,0,0
Zuwang,Guerrieri,901,145-2055,MEMPHIS,TN,38131,M,Y,24500,0.0,0,0
Conal,Culpepper,603,162-1832,NASHUA,NH,3062,M,N,27500,0.0,0,0
Jakob,Redey,302,117-1585,WILMINGTON,DE,19806,M,N,78000,5.95,0,0
Pau,Olkin,229,128-1129,SAVANNAH,GA,31405,S,Y,62000,6.0,2700,3000
Carolynn,Mostrel,573,110-1013,CROSS TIMBERS-typoALMONT,GA,65634,M,N,17500,6.0,0,0
Shahrokh,Vanegas,229,117-1780,MORGANTON,GA,30560,S,N,22500,6.0,2700,0
Michaelis,Bruza,502,183-1999,SADIEVILLE,KY,40370,M,N,29500,3.4722223,0,0
Kjell,Binding,860,165-1700,WINDSOR,CT,6006,S,N,99000,5.0,12750,0
Liya,Zinoviev,803,199-1048,LYMAN,SC,29365,S,N,79000,7.0,3300,0
Hollie,Khalid,401,111-1122,GREENVILLE,RI,2828,M,N,41500,0.0,0,0
Bertjan,Arimoto,971,105-1896,THURSTON,OR,97482,M,Y,99000,9.0,0,159
Hyun,Burneau,501,125-1282,IDA,AR,72546,M,Y,59500,7.0,0,20
Nian,Gawlick,319,180-2043,WEBB,IA,51366,M,N,32500,5.181377,0,0
Kostoula,Lotti,651,169-2003,YOUNG AMERICA,MN,55553,S,Y,72000,7.85,3300,3300
Miranda,Tiemann,770,129-1736,DULUTH,GA,30095,M,N,65000,6.0,0,0
Radharamanan,Madanlal,260,156-2000,FORT WAYNE,IN,46868,S,N,88000,3.4,1000,0
Yingxu,Boudjlida,251,173-1419,LOCKHART,AL,36455,M,N,87500,5.0,0,0
Rana,Lehot,860,197-1515,NEW HAVEN,CT,6540,S,Y,52000,5.0,12750,0
Hguyen,Gubsky,859,103-1984,MISTLETOE,KY,41351,S,N,82000,6.0,20,0
Gopalan,Pomykalski,724,144-2025,BEDFORD,PA,15522,M,N,36500,3.07,0,0
Golamreza,Jezek,573,187-2013,MIDDLE BROOK,MO,63656,M,Y,48500,6.0,0,1200
Shyhtsun,Goes,207,184-2059,WEST PARIS,ME,4289,M,Y,12500,5.771898,0,2850
Naraig,Deogun,571,103-1167,ALMONT,IA,23488,M,N,32000,5.75,0,0
Seiichiro,Sakallah,314,131-1915,BRASHEAR,MO,63533,M,N,36000,6.0,0,0
Teemu,Krauser,702,135-2021,HARTMAN,NV-typoMI,89317,S,N,60000,0.0,0,0
Arkadi,Sione,302,127-1829,WILMINGTON,DE,19809,S,N,73500,5.95,110,0
Manju,Zafar,405,113-1871,SLICK,OK,74071,S,N,16000,6.25,1000,0
Satish,Graw,509,179-1590,SPOKANE,WA,99218,M,Y,88000,0.0,0,0
Jaakko,Amrhein,320,133-1903,YOUNG AMERICA,MN,55394,M,N,1500,5.35,0,0
Naohide,Justo,308,168-1910,RED CLOUD,NE,68970,S,Y,53500,6.84,103,103
Azriel,Smallbone,601,126-1504,SARAH-typoMADISON LAKE,MS-typoMI,38665,S,Y,23500,5.0,6000,1500
Stergios,Weinert,770,163-1509,ROCK SPRING,GA,30739,M,Y,98500,6.0,0,3000
Asanobu,Hovekamp,770,182-1843,ATHENS,GA,30609,S,N,38000,6.0,2700,0
Harjinder,Noack,830,178-1208,EL PASO,TX,88544,S,Y,5000,0.0,0,0
Miyoki,Wassenhove,415,180-1465,FRESNO,CA,93744,M,N,50500,9.3,0,0
Shizuo,Berend,207,135-2057,MOUNT VERNON,ME,4352,S,Y,8000,3.6368613,2850,2850
Yiqing,Pragasky,603,179-1870,OSSIPEE,NH,3864,S,N,52500,0.0,0,0
Lennart,Pezzoli,812,146-1137,INDIANAPOLIS,IN,46262,M,Y,85000,3.4,0,1000
Ramanathan,Rosenbaum,520,138-1185,BAPCHULE,AZ,85121,M,Y,30000,3.1799998,0,2300
Takeaki,Wiegley,323,187-1907,FRESNO,CA,93727,M,Y,38000,8.47916,0,272
Premsyl,Paragot,307,198-1610,FRONTIER,WY,83121,M,Y,40000,0.0,0,0
Maroua,Feuerman,434,170-2002,FORT DEFIANCE,VA,24437,M,Y,65500,5.75,0,900
Manohar,Wahls,307,190-1613,CASPER,WY,82609,M,Y,18000,0.0,0,0
Clizio,Orengo,304,172-1269,DUNBAR,WV,25064,M,Y,42500,5.2749996,0,2000
Christino,Hoest,425,161-1608,TACOMA,WA,98450,S,N,15000,0.0,0,0
Arco,Negoita,979,192-1229,LA JOYA-typoLA VETA,TX-typoWV,78560,S,Y,5000,0.0,0,0
Parick,Beydoun,774,127-1539,BURLINGTON,MA,1803,M,Y,6000,5.3,0,1000
Reriel,Bidulock,623,180-1000,LAKE HAVASU CITY,AZ,86406,M,Y,22000,3.056,0,2300
Upendra,Quarrie,580,164-1479,MADISON LAKE,OK-typoGA,74562,M,Y,91500,6.25,0,1000
Ramadan,Perkins,215,112-2098,PLEASANT MOUNT,PA,18453,M,Y,41000,3.07,0,0
Odette,Messick,217,134-1442,SPRINGFIELD,IL,62722,M,Y,92500,3.0,0,2000
Rama,Harbane,603,162-1642,CANAAN,NH,3741,M,Y,18500,0.0,0,0
Said,Geyer,316,196-1841,KINSLEY,KS,67547,S,N,10500,3.5,2250,0
Vivekananda,Altenkirch,208,185-1513,WHITE BIRD,ID,83554,S,N,85500,7.8,3300,0
Hsu,Ndiaye,816,185-1302,DUNNEGAN,MO,65640,S,Y,90500,6.0,2100,1200
Mosur,Tabor,608,194-1135,CAMP DOUGLAS,WI,54618,M,N,52000,5.349911,0,0
Rosana,Ajjanagadde,918,121-1186,OKLAHOMA CITY,OK,73109,M,Y,55500,6.25,0,1000
Nick,Towheed,219,160-1604,EVANSVILLE,IN,47712,M,N,99000,3.4,0,0
Vilas,Tanner,763,130-1551,WINNEBAGO,MN,56098,S,Y,79000,7.85,3300,3300
Ilja,Gerth,541,192-1832,HEREFORD-typoNORTH FORT MYERS,OR-typoWV,97837,M,Y,65000,9.0,0,159
Erven,Boddy,228,155-2077,WALLS,MS,38686,S,N,93000,5.0,6000,0
Dusan,Kaas,907,193-1659,HUSLIA,AK,99746,S,Y,17500,0.0,0,0
Haiming,Arazi,406,149-1215,BROWNING,MT,59417,M,N,76000,6.9,0,0
Peeter,Schiex,785,176-1133,NORWICH,KS,67118,M,N,18000,4.09,0,0
Shigekazu,Tahar,205,189-1208,TRUSSVILLE,AL,35173,M,Y,64000,5.0,0,300
Ying,Chandramouli,605,137-1189,NUNDA,SD,57050,M,Y,58500,0.0,0,0
Terresa,Marzano,308,191-1223,PALMYRA,NE,68418,M,N,15500,4.886473,0,0
Zuliang,Vasconcelos,765,136-1523,MONROE CITY,IN,47557,M,Y,41000,3.4,0,1000
Joze,Zwarico,603,199-1785,GILMANTON IRON WORKS,NH,3837,S,N,61000,0.0,0,0
Olle,Ledeniov,401,154-1953,ROCKVILLE,RI,2873,M,Y,3500,0.0,0,0
Kais,Touretzky,307,183-1380,HARTVILLE,WY,82215,S,N,78500,0.0,0,0
Piere,Grana,616,180-1049,POINTE AUX PINS-typoMADISON LAKE,CT,49775,M,N,20500,3.9,0,0
Shiva,Schill,401,155-2020,WAKEFIELD,RI,2879,M,N,67000,0.0,0,0
Keung,Suraj,985,152-1005,PERRY,LA,70575,M,Y,30500,6.0,0,1000
Yunshan,Rajanarayanan,401,129-1486,NEWPORT,RI,2840,S,N,52500,0.0,0,0
Mun,Prill,878,177-1274,BURNHAM,PA,17009,M,N,11000,3.07,0,0
Nello,Milewski,773,180-1047,HARTMAN,IL-typoWV,62023,S,Y,83500,3.0,2000,2000
Vincenzo,Sidhu,551,104-1917,NEWARK,NJ,7193,M,Y,4000,1.4,0,1500
Nandlal,Botten,702,133-1052,COYOTE SPRINGS,NV,89037,M,N,25500,0.0,0,0
Meilir,Buchinger,913,158-1684,PIEDMONT,KS,67122,S,N,23000,5.0733333,2250,0
Jongmoo,Hemaspaandra,717,150-1594,WESTMORELAND CITY,PA,15692,M,N,82000,3.07,0,0
Shreeram,Rinschede,307,112-1806,LA BARGE,WY,83123,S,N,18000,0.0,0,0
Samer,Vanherpe,208,176-1076,HARTMAN,GA,83215,M,Y,25000,7.8,0,3300
Qian,Hooper,414,197-1256,MADISON,WI,53702,S,N,93000,6.062292,700,0
Rob,Sueyoshi,314,110-1070,SPRINGFIELD,MO,65890,M,Y,63500,6.0,0,1200
Zhengping,Boeri,808,145-1527,CAMP H M SMITH,HI,96861,M,N,4500,1.8506579,0,0
Nobert,Beierle,505,174-1625,ALBUQUERQUE,NM,87199,M,N,49500,5.3,0,0
Zhi,Samlowski,508,198-1085,NORWELL-typoMADISON LAKE,MA-typoWV,2061,S,N,37500,5.3,3575,0
Gehad,Prahl,262,136-1907,OGEMA,WI,54459,S,Y,63000,5.5410376,700,400
Neophytos,Malolepszy,769,146-1251,VOSSBURG,MS,39366,M,Y,2000,3.0,0,1500
Ekow,Cappello,662,137-1377,SHERMAN,MS,38869,M,N,22500,5.0,0,0
Asanobu,Schewe,405,170-1353,OKLAHOMA CITY,OK,73121,S,N,70000,6.25,1000,0
Haesun,Pecuchet,505,183-1174,CHURCH ROCK,NM,87311,S,Y,31500,5.3,3300,3300
Mikiko,Noth,480,194-1257,FORT MOHAVE,AZ,86426,M,Y,18500,3.00175,0,2300
Kjell,Syme,262,162-1295,ALMONT,WI-typoIA,53154,S,N,99500,6.17523,700,0
Sanjit,Villani,316,100-1631,BELVUE,KS,66407,M,Y,75500,6.45,0,2250
Saburo,Skurczynski,321,160-1359,BELL,FL,32619,S,Y,21500,0.0,0,0
Jawahar,Pier,708,169-1601,OLYMPIA FIELDS,IL,60461,S,Y,29000,3.0,2000,2000
Adamantios,Stamp,304,184-1862,GLASGOW,WV,25086,M,Y,92000,6.5,0,2000
Bangqing,Bichler,207,169-1198,AUGUSTA,ME,4336,S,Y,71000,8.5,2850,2850
Karsten,Bashandy,808,157-1256,HONOLULU,HI,96817,M,Y,73000,8.25,0,1040
Minjae,Carmo,801,151-1073,PROVO,UT,84604,S,N,17000,7.0,2475,0
Xuguang,Aberer,314,153-1431,HUNTSVILLE,MO,65259,S,N,55000,6.0,2100,0
Nacer,Sanderson,210,199-1151,HOUSTON,TX,77272,S,N,65000,0.0,0,0
Wim,Utke,907,183-1940,KIVALINA,AK,99750,S,Y,74500,0.0,0,0
Maurelio,Kriegman,541,138-2068,PORTLAND,OR,97213,M,N,96000,9.0,0,0
Hakim,Blue,505,141-1937,EL RITO,NM,87530,M,Y,29500,5.3,0,3300
Waiman,Tetzlaff,401,175-1863,LITTLE COMPTON,RI,2837,S,Y,82500,0.0,0,0
Jaron,Sanderson,260,112-1977,NAPPANEE,IN,46550,S,Y,84500,3.4,1000,1000
Choonsik,Zuzuki,808,178-1480,HONOLULU,HI,96836,S,Y,66000,8.25,1040,1040
Judith,Seung,864,187-1231,COLUMBIA,SC,29209,S,N,38000,7.0,3300,0
Munenori,Leifert,802,104-1078,DERBY,VT,5829,M,N,73500,4.467442,0,0
Hinrich,Jostes,337,113-1470,GILBERT,LA,71336,S,N,89000,6.0,4500,0
Guoqing,Kavanagh,302,155-1872,NEW CASTLE,DE,19721,M,Y,71500,5.95,0,110
Hongchi,Elwasif,208,179-1299,DIETRICH,ID,83324,S,Y,21500,7.374195,3300,3300
Parker,Baucke,939,188-1501,CAGUAS,PR,726,M,N,1000,0.0,0,0
Pijush,Callen,361,149-1991,AUSTIN,TX,78769,M,N,14000,0.0,0,0
Moonwook,Wong,515,148-1591,BRYANT,IA,52727,M,Y,24500,3.9463534,0,40
eva,Gugerty,630,165-2034,BENLD,IL,62009,S,N,89500,3.0,2000,0
Faouzi,Miles,601,187-1032,MOSS,MS,39460,M,N,68500,5.0,0,0
Chaomei,Balazs,920,112-1987,WILLIAMS BAY,WI,53191,M,N,76000,5.7669144,0,0
Joy,Clack,971,140-1273,ONTARIO,OR,97914,M,Y,92000,9.0,0,159
Dudley,Skronn,757,153-1836,LYNCH STATION,VA,24571,M,Y,61000,5.75,0,900
Simeon,XueDong,573,124-1772,HELENA,MO,64459,M,Y,59500,6.0,0,1200
Yuan,Bergsten,216,155-1893,LA VETA,WV,45320,S,N,69500,2.8530693,1300,0
Alexei,Stata,651,163-1325,MINNEAPOLIS,MN,55441,S,Y,25000,5.5895944,3300,3300
Neelam,Kitaev,803,140-2094,HODGES,SC,29653,S,N,55500,7.0,3300,0
Piernicola,Kirkerud,262,157-1102,OAKDALE,WI,54649,S,N,65000,5.575788,700,0
Huzefa,Noice,318,198-1848,PRIDE,LA,70770,M,N,92000,6.0,0,0
Tomohiro,Cakir,304,188-1671,LEON,WV,25123,M,N,39000,5.0299997,0,0
Wenwey,Murdock,770,158-1299,ATLANTA,GA,30320,M,Y,65500,6.0,0,3000
Piergiorgio,Ananiadou,317,126-1695,KEMPTON,IN,46049,S,N,82000,3.4,1000,0
Biswanath,Ventsov,425,199-1009,NAHCOTTA,WA,98637,M,N,16000,0.0,0,0
Masadi,Belt,828,117-1949,CALABASH,NC,28467,S,N,12000,6.0,3300,0
Zhongde,Rezende,203,193-1827,BRIDGEPORT,CT,6650,S,N,47000,5.0,12750,0
Zissis,Bordogna,702,188-1303,NORTH LAS VEGAS,NV,89030,S,Y,87000,0.0,0,0
Viliam,Waldherr,202,143-1827,WASHINGTON,DC,20375,M,N,89500,9.0,0,0
Yongun,Apperley,207,179-1750,NAPLES,ME,4055,S,N,11000,5.060219,2850,0
Bryony,Molberg,337,108-1136,BATON ROUGE,LA,70809,M,N,8500,2.0,0,0
Jairus,Balboni,678,195-1391,DOUGLAS-typoALMONT,GA-typoIA,31535,S,N,72500,6.0,2700,0
Fabien,Mikov,605,135-1455,IPSWICH,SD,57451,S,N,66500,0.0,0,0
Yiya,Genin,607,192-1323,BELLVALE,NY,10912,M,Y,79500,4.414177,0,1000
Yuejun,Heyman,605,192-1961,CANOVA,SD,57321,M,N,70000,0.0,0,0
Vijay,Tautenhahn,312,106-1817,RIDGWAY,IL,62979,S,Y,16500,3.0,2000,2000
Pantung,Gibbens,808,135-1993,KUNIA,HI,96759,M,N,5000,1.9407895,0,0
Bennett,Mueller,716,195-1265,GILBERTSVILLE,NY,13776,S,N,28000,4.115854,0,0
Hsu,Qaraeen,808,195-1120,HONOLULU,HI,96824,S,N,94500,8.25,1040,0
Georgia,Armstead,775,140-1887,GABBS,NV,89409,S,N,64500,0.0,0,0
Nalvo,Debregeas,505,132-1376,NARA VISA,NM,88430,S,N,24000,5.3,3300,0
Olivera,Anlauff,913,149-2080,REDFIELD,KS,66769,M,Y,46000,6.45,0,2250
Kangwoo,Rieh,651,134-1075,MINNEAPOLIS,MN,55435,S,N,2500,5.35,3300,0
Kap,Leitman,808,143-1780,PAPAIKOU,HI,96781,M,N,38000,7.889474,0,0
Ryuichi,Ebanks,605,176-1090,SIOUX FALLS,SD,57108,S,Y,35000,0.0,0,0
Fuminori,Hogen,304,135-1397,LEWISBURG,WV,24901,M,N,80500,6.5,0,0
Svatopluk,Feldhoffer,907,117-1194,ALMONT,AK-typoWV,99564,S,N,25000,0.0,0,0
Jingke,Aboulnasr,516,130-1617,HARTMAN,MI,12823,S,N,20500,4.0724087,0,0
Dhaval,Neuburg,770,138-2067,WAVERLY HALL,GA,31831,S,Y,71000,6.0,2700,3000
YunLong,Delchamps,765,133-1843,JASPER-typoMADISON LAKE,IA,47549,S,Y,23000,3.4,1000,1000
Britta,Kasprzak,401,110-1454,PROVIDENCE,RI,2902,M,N,5000,0.0,0,0
Huzur,Lagnier,202,114-1709,WASHINGTON,DC,20546,M,N,28500,8.6625,0,0
Nadene,Saoudi,302,152-1726,TOWNSEND,DE,19734,S,Y,17500,3.0522728,110,110
Philippas,Baudin,602,130-1702,GLENDALE,AZ,85306,S,Y,58500,3.6217499,2100,2300
Yoshizumi,Siochi,208,189-1591,LEMHI,ID,83465,M,N,98500,7.8,0,0
Carmelo,Rudmann,304,141-1875,LA VETA,GA,24924,S,N,42500,5.2749996,2000,0
Jyoti,Kirkgoze,805,116-1813,SAN LUIS OBISPO,CA,93407,S,N,86500,9.3,87,0
Piyu,Quinet,626,102-1294,SACRAMENTO,CA,95894,M,N,17500,3.6395786,0,0
Raffaele,Schang,605,113-2063,STICKNEY,SD,57375,M,Y,63000,0.0,0,0
Annig,Majerski,828,191-1479,EDEN,NC,27288,S,Y,18500,6.1206293,3300,3300
Poornachandra,Karunanithi,570,137-1021,SUMNEYTOWN,PA,18084,M,Y,57500,3.07,0,0
Herward,Bitton,972,103-1629,DALLAS,TX,75226,M,N,90000,0.0,0,0
Ounissa,Boguraev,580,106-2098,STRINGTOWN,OK,74569,M,N,11500,6.25,0,0
Ewgeni,Morihara,980,131-2088,KINGS MOUNTAIN,NC,28086,S,N,16500,6.0786715,3300,0
Ayla,Sakauchi,386,173-1478,DEBARY,FL,32753,M,N,32500,0.0,0,0
Sanguthevar,Hodas,270,174-1647,GARNER,KY,41817,M,Y,75500,6.0,0,20
Anselm,Lapid,251,177-1313,ROCKFORD,AL,35136,M,N,33000,5.0,0,0
Katerina,Gaudioso,276,131-2065,SPERRYVILLE,VA,22740,S,Y,14500,5.0803576,900,900
Tetsuro,Keam,515,173-1202,WELDON,IA,50264,M,N,96000,8.98,0,0
Peretz,Greve,939,192-1689,AGUADILLA,PR,603,S,N,55500,0.0,0,0
Jianjun,Vajtersic,203,113-1162,NORTH FRANKLIN,CT,6254,M,N,64000,5.0,0,0
Mika,Sorribes,509,191-2037,PALOUSE,WA,99161,S,N,76000,0.0,0,0
Yichiang,Lyuu,351,192-1651,SOMERVILLE,MA,2145,M,N,2000,5.3,0,0
Parthasarathy,Bas,202,160-1409,WASHINGTON,DC,20442,M,Y,35000,9.0,0,1370
Somnath,Dimopoulos,251,176-2078,BREWTON,AL,36426,M,Y,43500,5.0,0,300
Anneke,Crescenzo,860,187-1499,NORTH GRANBY,CT,6060,S,N,98000,5.0,12750,0
Iraj,Waema,703,125-1645,SOUTH HILL,VA,23970,M,N,88500,5.75,0,0
Takatoshi,Goldschmidt,302,188-1195,HARTMAN,IA,19952,M,Y,62000,5.95,0,110
Kassem,Muhammad,731,149-1729,MEMPHIS,TN,38161,S,Y,57500,0.0,0,0
Taghi,Larfeldt,401,194-1698,COVENTRY,RI,2816,S,Y,44000,0.0,0,0
Vincent,Den,507,121-1051,KABETOGAMA,MN,56669,S,N,34500,6.0965314,3300,0
Nagesh,Seymour,775,144-1163,MC GILL,NV,89318,S,N,98500,0.0,0,0
Pierto,Cassel,859,187-1044,OWENSBORO,KY,42302,M,N,71500,5.8055553,0,0
Yurij,Dendorfer,563,150-1993,AUBURN,IA,51433,M,Y,95000,8.98,0,40
Kailasam,Matheis,401,177-1591,CHARLESTOWN,RI,2813,M,N,92500,0.0,0,0
Surath,Nakatake,260,180-1115,LEITERS FORD,IN,46945,M,N,47000,3.4,0,0
Martina,Ziavras,307,152-2015,AUBURN,WY,83111,S,N,25500,0.0,0,0
Guenter,Haldar,971,183-1914,ALBANY,OR,97322,M,N,81000,9.0,0,0
Stephen,DuBourdieux,302,122-1038,NEWARK-typoHARTMAN,WV,19726,S,N,59000,5.881818,110,0
Roma,Aygun,503,165-1417,TERREBONNE,OR,97760,M,Y,10000,9.0,0,159
Chakravarthy,Hashii,630,149-1921,BUDA,IL,61314,S,Y,26500,3.0,2000,2000
Moto,Weusten,603,146-1302,RUMNEY,NH,3266,M,N,16500,0.0,0,0
Marian,Breunig,401,199-2047,SMITHFIELD,RI,2917,M,N,41000,0.0,0,0
Libor,Guan,620,155-1673,QUENEMO,KS,66528,S,Y,32000,6.45,2250,2250
Gerco,Rabehasaina,401,148-1029,PROVIDENCE,RI,2906,S,Y,90500,0.0,0,0
Navin,Biryukov,405,102-1048,LEQUIRE,OK,74943,M,N,38500,6.25,0,0
Yossi,Jelonek,603,192-1257,ASHUELOT,NH,3441,M,Y,74000,0.0,0,0
Moni,Quinqueton,307,186-1155,PINE BLUFFS,WY,82082,M,N,14500,0.0,0,0
Okuhiko,Ramsdell,304,184-1692,OCEANA,WV,24870,M,Y,72500,6.5,0,2000
Heribert,Brush,478,183-1506,STONE MOUNTAIN,GA,30087,S,Y,1500,1.5999999,2700,3000
Michel,Sommer,830,115-1083,SEYMOUR,TX,76380,S,Y,13500,0.0,0,0
Sreekumar,Sreekantaswamy,769,178-1337,MADISON,MS,39110,M,N,32500,5.0,0,0
Hiroyoshi,Khasidashvili,605,140-1837,RALPH,SD,57650,S,Y,47000,0.0,0,0
Tetsushi,Lobjois,207,152-1111,PARSONSFIELD,ME,4047,S,Y,69500,8.5,2850,2850
Chihei,Susmaga,662,166-1057,BILOXI,MS,39533,S,N,77000,5.0,6000,0
Jouko,Sterren,501,197-1164,WILLIFORD,AR,72482,M,Y,90000,7.0,0,20
Tsang,Cicchetti,574,113-1993,PRAIRIE CREEK,IN,47869,S,Y,6500,3.4,1000,1000
Yuguo,Nomura,423,119-1236,CLEVELAND,TN,37312,M,N,67000,0.0,0,0
Adoracion,Franaszczuk,862,177-1989,HIGHTSTOWN-typoALMONT,MI,8520,M,N,63500,2.0860312,0,0
Zijian,Kurino,479,140-1183,CHEROKEE VILLAGE,AR,72529,M,Y,11000,2.8168998,0,20
Yimeng,Thede,605,133-1229,GARDEN CITY,SD,57236,S,N,83500,0.0,0,0
Juichi,Justin,406,162-1876,HARLEM,MT,59526,S,Y,71500,6.9,1900,1900
Tanja,Anguita,971,128-1666,ECHO,OR,97826,S,Y,78500,9.0,159,159
Adrain,Woit,505,108-1049,PAGUATE,NM,87040,M,N,75500,5.3,0,0
Xiaolang,Daudenarde,603,157-1215,CONTOOCOOK,NH,3229,S,N,22500,0.0,0,0
Oren,Krolokowski,574,140-1194,REELSVILLE,IN,46171,S,N,25500,3.4,1000,0
Tsz,Duran,719,121-1989,DENVER,CO,80262,S,N,82000,4.63,0,0
Merrell,Philippsen,503,196-1803,CANYON CITY,OR,97820,S,Y,500,5.0,159,159
Rohini,McAfee,205,111-1745,BIRMINGHAM,AL,35254,M,N,92500,5.0,0,0
Margherita,Mineiro,205,179-1343,PINCKARD,AL,36371,S,N,70500,5.0,1500,0
Kristo,Bies,240,124-1289,LA VETA,MD-typoNV,21087,M,N,70500,4.75,0,0
Jinhwan,Legay,228,137-1154,MONTICELLO,MS,39654,S,Y,30500,5.0,6000,1500
Roni,Vasukiammaiyar,603,183-1611,WEST STEWARTSTOWN,NH,3597,S,Y,40000,0.0,0,0
Christhard,Urbain,865,157-1843,ADAMS,TN,37010,S,N,89000,0.0,0,0
Anandeep,Haack,870,104-1456,BLUFFTON,AR,72827,M,Y,84000,7.0,0,20
Sachem,Tompa,775,152-1120,NORTH LAS VEGAS,NV,89033,M,N,17500,0.0,0,0
Shohji,Matzov,928,189-1118,HARTMAN,AZ-typoMI,85344,M,N,83000,4.0015,0,0
Sofus,Foong,219,144-1004,MUNCIE,IN,47307,M,Y,87500,3.4,0,1000
Debashish,Kanodia,484,135-1162,WHEATLAND,PA,16161,M,Y,43000,3.07,0,0
Leora,Khamsi,414,108-1113,GREEN BAY-typoALMONT,GA,54304,M,Y,43000,5.193535,0,400
Adly,Thiry,509,113-1286,CARLSBORG,WA,98324,S,N,69000,0.0,0,0
Mang,Campadelli,660,167-1608,TARKIO,MO,64491,S,N,47000,6.0,2100,0
Kazutaka,Appelfeller,918,149-1655,YUKON,OK,73099,S,N,13500,6.25,1000,0
Subhankar,Kappner,701,129-1692,PARK RIVER,ND,58270,S,Y,47500,2.306342,3300,3300
Dayanand,Dass,254,108-1183,HARLETON,TX,75651,S,N,85000,0.0,0,0
Joaquin,Adamek,605,119-1236,FORT MEADE,SD,57741,M,Y,14500,0.0,0,0
Mirka,Bernfeld,801,182-1561,TRIDELL,UT,84076,S,N,82500,7.0,2475,0
Zongming,Mamelak,650,171-1934,GARDEN GROVE,CA,92846,S,N,75000,9.3,87,0
Shri,Thomson,580,192-1187,ENID,OK,73706,S,N,88000,6.25,1000,0
Deidra,Pols,573,129-2077,WAVERLY,MO,64096,M,Y,57500,6.0,0,1200
Masasuke,Hoepner,215,164-1922,RED HILL,PA,18076,S,Y,3000,3.07,0,0
Torsten,Tanskanen,970,127-1070,VERNON,CO,80755,S,N,60500,4.63,0,0
Yanis,Hechler,706,196-1807,MOUNT AIRY,GA,30563,M,N,65500,6.0,0,0
Clara,Preishuber,202,104-1717,WASHINGTON,DC,20469,M,Y,89500,9.0,0,1370
Amund,Bronstein,406,162-1879,GRANTSDALE,MT,59835,S,N,9000,4.4077587,1900,0
Kozi,Willoner,603,189-1038,GILMANTON,NH,3237,M,Y,100000,0.0,0,0
Jerrold,Schedl,406,174-1387,EUREKA,MT,59917,M,Y,59500,6.9,0,1900
Gritta,Louly,630,190-1619,SPRINGFIELD,IL,62769,S,N,70000,3.0,2000,0
Chiradeep,Uemura,256,198-1870,COKER,AL,35452,M,N,7000,5.0,0,0
Cong,Mosedale,623,198-1735,TUCSON,AZ,85722,S,N,41000,3.3504999,2100,0
Reetinder,Poulakidas,785,165-1555,RANDOLPH,KS,66554,S,Y,46000,6.45,2250,2250
Vojin,Shumilov,301,141-1409,CURTIS BAY,MD,21226,S,Y,14500,4.75,2400,2400
Yishay,Shrager,907,190-1115,ANCHORAGE,AK,99509,S,N,31000,0.0,0,0
Surata,Ohsie,787,169-1071,VEGA BAJA,PR,693,M,N,39500,0.0,0,0
Liping,Cucka,318,198-1111,NEW ORLEANS,LA,70131,M,Y,8000,2.0,0,1000
Lorri,Wichert,330,156-1582,OHIO CITY,OH,45874,M,N,63000,2.6373026,0,0
Sasan,Osborn,205,117-1310,LOXLEY,AL,36551,M,N,84000,5.0,0,0
Luisa,Shimony,612,113-1741,MONTICELLO,MN,55590,M,Y,75000,7.85,0,3300
Vicent,Cecil,801,181-1179,FERRON,UT,84523,S,Y,98000,7.0,2475,2475
Vitus,Friedetzky,928,116-1359,TEMPE,AZ,85283,M,N,55000,3.5674999,0,0
Samy,Din,615,150-1155,ROCKWOOD,TN,37854,M,N,33500,0.0,0,0
Alon,Panwar,715,110-1176,DORCHESTER,WI,54425,S,Y,56000,5.4194117,700,400
Ratilal,Loiselle,307,160-2064,CASPER,WY,82605,S,N,12000,0.0,0,0
Manoli,Sutherland,316,113-1563,ATHOL,KS,66932,S,N,20000,4.483333,2250,0
Aran,Complak,414,185-1943,MILWAUKEE,WI,53227,M,Y,26500,4.906845,0,400
Eldar,Keil,517,147-2058,DETROIT,MI,48213,S,Y,51500,3.9,3100,3100
Venkatraman,Benanav,401,158-1121,CLAYVILLE,RI,2815,S,N,62000,0.0,0,0
Radek,Schwaller,406,139-1429,BUTTE,MT,59703,M,Y,19000,6.9,0,1900
Latha,Kneece,505,130-1595,LOS ALAMOS-typoALMONT,NV,87544,M,N,70500,5.3,0,0
Ender,Sztandera,337,150-1206,NEW ORLEANS,LA,70157,M,Y,66500,6.0,0,1000
Erzsebet,Petereit,939,194-1229,GARROCHALES,PR,652,S,N,27000,0.0,0,0
Francoise,Schlabach,828,135-2015,POTECASI,NC,27867,S,N,72500,7.253496,3300,0
Javam,Ropelewski,775,164-1587,LA VETA,CT,89017,S,N,43000,0.0,0,0
Giorgios,DiGiano,808,134-1757,HONOLULU,HI,96817,M,Y,88500,8.25,0,1040
Weiwei,Canas,262,169-1159,OGEMA,WI,54459,S,N,48500,5.289098,700,0
Goetz,Mallorqui,954,197-1593,MIAMI,FL,33124,M,N,45000,0.0,0,0
Veit,Berghe,202,109-1078,WASHINGTON,DC,20207,S,Y,73000,9.0,1370,1370
Iwen,Fergany,847,171-1017,LOCKPORT,IL,60441,S,Y,66500,3.0,2000,2000
Adwin,Uselton,304,172-1163,MADISON LAKE,MI,26443,S,Y,34000,4.68,2000,2000
Alexandros,Kaas,813,116-2083,INTERLACHEN,FL,32148,S,Y,60000,0.0,0,0
Hidehito,Welham,262,117-1519,REESEVILLE,WI,53579,M,Y,8500,4.6,0,400
Derwent,Courtenage,205,129-1120,NEW CASTLE,AL,35119,M,N,80500,5.0,0,0
Vempala,Vosburgh,573,186-2042,HARDIN,MO,64035,M,N,11500,6.0,0,0
Zdravko,Rebeuf,202,145-1307,WASHINGTON,DC,20586,M,N,500,4.5,0,0
Zhaokeng,Bogliolo,620,111-1675,PORTIS,KS,67474,S,N,8000,3.5,2250,0
Susana,Pflugrad,720,163-2088,FRISCO,CO,80443,M,Y,13500,4.63,0,0
Usko,Strayer,603,100-1038,SALISBURY,NH,3268,S,N,26500,0.0,0,0
Garimella,Spauster,414,157-1920,WOODWORTH,WI,53194,M,Y,25500,4.8894696,0,400
Duong,Sivarajan,419,122-1939,SENECAVILLE,OH,43780,M,Y,29500,1.5252744,0,1300
Xiaobin,Tarditi,609,163-1578,KEANSBURG,NJ,7734,S,Y,54000,1.9362082,1000,1500
Wessel,Begiun,504,142-1719,ENTERPRISE,LA,71425,M,N,19500,4.24,0,0
Jarallah,Dongha,939,101-1227,LOIZA,PR,772,S,Y,64000,0.0,0,0
Piers,Sensen,208,161-1073,BOISE,ID,83727,M,N,74000,7.8,0,0
Raimund,Fandrianto,803,142-2093,BLACKSTOCK,SC,29014,M,N,55000,7.0,0,0
Vilmar,Paritong,859,168-1349,PADUCAH,KY,42003,M,Y,24000,3.1666665,0,20
Cecile,Stary,214,176-1756,GILMER,TX,75644,S,N,21500,0.0,0,0
Carlo,Peir,541,157-1809,INDEPENDENCE,OR,97351,S,N,25500,9.0,159,0
Goutham,Herder,505,154-1799,BOSQUE,NM,87006,S,N,88000,5.3,3300,0
Eswaran,Riha,304,199-1963,CHARLESTON,WV,25396,M,N,41000,5.17,0,0
Andrey,Tolba,605,157-1478,MADISON,SD,57042,S,Y,18000,0.0,0,0
Aino,Lunbeck,678,136-2021,RANGER,GA,30734,M,N,31000,6.0,0,0
Giuliano,Kirchgaassner,901,150-1261,JOELTON,TN,37080,S,N,81000,0.0,0,0
Falk,Ashman,918,129-1123,WEWOKA,OK,74884,M,Y,26000,6.25,0,1000
Desmond,Devroye,256,136-1608,BIRMINGHAM,AL,35283,S,Y,58500,5.0,1500,300
Amihai,Wijk,907,163-1779,GUSTAVUS,AK,99826,S,N,68500,0.0,0,0
Madjid,Swift,256,184-1666,BIRMINGHAM,AL,35290,S,N,45500,5.0,1500,0
Ambuj,Frattolillo,425,144-1697,FEDERAL WAY,WA,98063,S,Y,15500,0.0,0,0
Qijia,Glockner,225,177-1025,BETHANY,LA,71007,S,N,37000,6.0,4500,0
Rodnay,Dittert,319,180-1759,TIFFIN,IA,52340,S,N,17500,2.8657079,40,0
Genoveffa,Sreerama,302,198-1795,REHOBOTH BEACH,DE,19971,S,Y,2500,2.2,110,110
Yuhji,Martindale,401,180-1669,PROVIDENCE,RI,2903,S,Y,69500,0.0,0,0
Marvin,Quisquater,939,149-1453,NORTH FORT MYERS,PR-typoIA,736,S,Y,51500,0.0,0,0
Horacio,Wiggers,208,176-1255,KENDRICK,ID,83537,M,Y,78000,7.8,0,3300
Oran,Bazgan,786,169-1564,WAVERLY,FL,33877,M,N,30500,0.0,0,0
Keung,Aloia,904,168-1393,ALMONT,FL-typoIA,33848,M,N,2500,0.0,0,0
Wladyslaw,Beh,304,107-1197,GLEN DALE,WV,26038,S,Y,10000,3.0,2000,2000
Rayk,Rauhe,660,157-1989,MINDENMINES,MO,64769,M,Y,55500,6.0,0,1200
Ryuichi,Hitzenberger,480,194-1211,TUBAC,AZ,85646,S,Y,67500,3.76125,2100,2300
Puri,Peir,401,155-1637,WOOD RIVER JUNCTION,RI,2894,S,N,63000,0.0,0,0
Brewster,Hohenstein,601,183-1340,CRENSHAW,MS,38621,M,Y,97500,5.0,0,1500
Jerrell,Mumford,859,112-1342,WARSAW,KY,41095,M,N,79000,6.0,0,0
Fengjie,Welham,615,164-1070,DRESDEN,TN,38225,S,Y,38000,0.0,0,0
Yonghong,Lipton,239,175-1486,PORT ORANGE-typoNORTH FORT MYERS,CT,32129,S,Y,34000,0.0,0,0
Aksenti,Feldmesser,702,121-2099,BAKER,NV,89311,M,N,89000,0.0,0,0
Panagiotis,Quesada,603,106-1293,SUNAPEE,NH,3782,M,Y,11500,0.0,0,0
Itai,Chung,714,163-1275,FORESTHILL,CA,95631,S,N,81500,9.3,87,0
Denise,Greco,304,110-1042,MONTGOMERY,WV,25136,S,N,44000,5.38,2000,0
Masakage,Ablaeyv,202,112-1219,WASHINGTON,DC,20500,S,Y,99000,9.0,1370,1370
Dagmar,Milgram,207,109-1011,OXBOW,ME,4764,M,Y,79000,8.5,0,2850
Carma,Kienzler,251,169-1747,BIRMINGHAM,AL,35206,S,N,78000,5.0,1500,0
Reuven,Karczmarczuk,360,135-1398,BELLEVUE,WA,98004,S,Y,55000,0.0,0,0
Supot,Laurillard,651,152-1435,GOODHUE,MN,55027,S,N,4000,5.35,3300,0
Linus,Wiel,410,150-1032,SNOW HILL,MD,21863,M,Y,17000,4.75,0,2400
Alberto,Kleinosky,276,110-1281,GAINESVILLE,VA,20155,S,Y,48000,5.75,900,900
Melinda,Kniesel,406,182-1257,LOLO,MT,59847,S,N,74000,6.9,1900,0
Declan,Parfitt,802,150-1720,EAST BURKE,VT,5832,S,N,64000,4.278435,3300,0
Aluzio,Ramshaw,620,105-1323,MORGANVILLE,KS,67468,M,Y,41500,6.45,0,2250
Devindra,Gurzhiv,501,123-1348,GENTRY,AR,72734,M,N,30500,7.0,0,0
Gihyun,Anson,208,151-1305,POCATELLO,ID,83206,M,Y,72500,7.8,0,3300
Niraj,Berghel,443,195-2063,MECHANICSVILLE,MD,20659,M,N,94000,4.75,0,0
Yixiu,Schwanke,406,125-1365,HELENA,MT,59625,M,Y,44000,6.9,0,1900
Aditi,Eugenio,443,152-1333,WALDORF,MD,20601,S,N,60500,4.75,2400,0
Masako,Carriere,304,197-1326,WIDEN,WV,25211,M,Y,26000,4.12,0,2000
Jere,Zendler,219,181-1608,EVANSVILLE,IN,47704,S,N,92000,3.4,1000,0
Mountaz,Jungmann,518,137-1035,NEW YORK,NY,10276,S,N,5000,4.0,0,0
Shigeichi,Smithline,701,150-1024,HALLIDAY,ND,58636,M,N,87000,2.7642357,0,0
Nasser,Delannoy,802,116-1476,EAST DOVER,VT,5341,S,N,3500,3.6,3300,0
Tammy,Falco,251,100-1788,ANNEMANIE,AL,36721,S,N,17000,5.0,1500,0
Caolyn,Mackenthun,406,183-1596,BALLANTINE,MT,59006,M,Y,44000,6.9,0,1900
Ria,Livadas,321,156-1962,SAINT MARKS,FL,32355,S,Y,56500,0.0,0,0
Amelia,Clo,971,156-1740,MOUNT VERNON,OR,97865,S,N,35000,9.0,159,0
Marnix,Roizen,571,164-1808,NORFOLK,VA,23503,S,N,75500,5.75,900,0
Karon,McKinnon,501,121-1751,STUTTGART,AR,72160,S,N,31500,7.0,20,0
Sartaj,Lacoste,802,198-1582,PLYMOUTH,VT,5056,M,Y,34500,3.691519,0,3300
Yiannakis,Crelier,319,137-1066,HAMILTON,IA,50116,M,Y,14000,2.3253853,0,40
Kouji,Percebois,702,124-1884,LAS VEGAS,NV,89137,S,Y,58000,0.0,0,0
Gongzhu,Waroquier,304,170-1763,ROCKPORT,WV,26169,S,Y,7000,3.0,2000,2000
Otomar,Gersonde,228,152-1771,HORN LAKE,MS,38637,S,N,64500,5.0,6000,0
Orran,Flann,515,119-2047,MILLERTON,IA,50165,S,Y,69500,8.98,40,40
Alessia,Magnier,415,150-1124,NORTH FORK,CA,93643,S,Y,73000,9.3,87,272
Arlindo,Aygun,907,146-1635,NENANA,AK,99760,M,N,87500,0.0,0,0
Miroslava,Atrawala,941,155-1992,WINTER HAVEN,FL,33881,S,Y,51500,0.0,0,0
Iannis,Mottet,603,197-1611,CENTER STRAFFORD,NH,3815,M,Y,19500,0.0,0,0
Shelia,Chattopadhyay,208,124-1917,PINGREE,ID,83262,S,N,63500,7.8,3300,0
Dietmar,Clouse,808,118-1648,HONOLULU,HI,96844,S,N,23000,5.185526,1040,0
Guoqing,Worley,859,169-1391,THOUSANDSTICKS,KY,41766,M,N,49000,4.5555553,0,0
Regina,Reus,802,119-1749,LOWELL,VT,5847,M,Y,40500,3.8108919,0,3300
Mones,Eichenberger,503,103-1137,OTIS,OR,97368,S,Y,87500,9.0,159,159
Romuald,Thacker,914,103-1759,PLAINVILLE,NY,13137,S,Y,93500,4.4952745,0,1000
Tetsuya,Hoede,256,161-1616,RAMER,AL,36069,M,N,65000,5.0,0,0
Tripatinder,Bocca,970,104-2035,CHROMO,CO,81128,S,N,6000,4.63,0,0
Chebel,Melanson,860,161-1707,MADISON,CT,6443,M,N,90500,5.0,0,0
Rubby,Fahnrich,208,129-1435,CONDA,ID,83230,M,N,11500,4.5354977,0,0
Chengzhong,Pesch,937,169-2036,LA VETA,IA,44106,M,N,62000,2.6041079,0,0
Albert,Rutschlin,939,126-1427,CAROLINA,PR,988,S,Y,54000,0.0,0,0
Debin,Crubille,808,100-2003,HONOLULU,HI,96838,M,Y,89000,8.25,0,1040
Yanis,Aso,636,150-1451,GASCONADE,MO,65036,S,N,48500,6.0,2100,0
Yehoshafat,Nota,727,121-1273,WEWAHITCHKA,FL,32465,S,Y,66500,0.0,0,0
Omid,Pool,410,152-1254,WORTON,MD,21678,M,N,24500,4.75,0,0
Yardena,Baum,302,115-1161,FENWICK ISLAND,DE,19944,M,N,93000,5.95,0,0
Vaidy,Feurzeig,270,171-2034,ARGILLITE,KY,41121,M,N,24000,3.1666665,0,0
Sahin,Hartroth,414,189-1887,LA CROSSE,WI,54601,S,Y,18000,4.759156,700,400
Sidd,Thede,308,111-1363,DAVID CITY,NE,68632,S,N,57500,6.84,103,0
Sebastian,Melville,712,198-1692,DUNCOMBE,IA,50532,S,Y,9000,1.5534958,40,40
Wuudiann,Grunberger,308,112-1735,ALBION,NE,68620,S,Y,37000,6.84,103,103
Heuey,Puustjarvi,715,147-1154,MILWAUKEE,WI,53259,S,N,15500,4.7157183,700,0
Ned,Qizhong,939,130-1150,COTO LAUREL,PR,780,S,Y,15500,0.0,0,0
Brigitte,Greenberger,316,198-1990,MISSION,KS,66222,S,Y,2500,3.5,2250,2250
Gererd,Spoerri,860,133-1903,WALLINGFORD,CT,6494,M,Y,14500,5.0,0,0
Tsong,Kriebel,919,148-1939,MANNS HARBOR,NC,27953,S,Y,13500,6.015734,3300,3300
Peiyti,Obtulowicz,304,154-1728,LOOKOUT,WV,25868,S,Y,1000,3.0,2000,2000
Giap,Amendola,605,163-1377,LA VETA,SD-typoWV,57645,S,Y,6500,0.0,0,0
Asher,Livadas,502,124-1192,LYNCH,KY,40855,M,Y,49500,4.583333,0,20
Taeko,Scattergood,240,113-2014,BETHESDA,MD,20816,M,N,94000,4.75,0,0
Shan,Mahmud,585,167-1275,BUFFALO,NY,14269,M,Y,25000,4.0984755,0,1000
Sadahiro,Sciarra,620,134-2043,MORROWVILLE-typoALMONT,CT,66958,S,N,48500,6.45,2250,0
Micheline,Henftling,701,196-1776,FARGO,ND,58106,M,Y,48000,2.312138,0,3300
Mandira,Buchter,561,176-1254,MC INTOSH,FL,32664,M,Y,28500,0.0,0,0
Theron,Hodzic,939,187-1328,CIDRA,PR,739,M,N,80500,0.0,0,0
Jinsong,Fleischanderl,402,179-1219,HICKMAN,NE,68372,S,Y,54000,6.84,103,103
Mona,Obtulowicz,843,165-1307,STARR,SC,29684,M,N,47000,7.0,0,0
Darren,Drettakis,623,118-1674,APACHE JUNCTION,AZ,85219,M,Y,68000,3.769,0,2300
Luke,Gorzig,636,110-1850,LEES SUMMIT,MO,64002,S,Y,100000,6.0,2100,1200
Paicheng,Wossner,256,183-1766,HARTMAN,AL-typoWV,36045,S,N,4500,5.0,1500,0
Gehad,Buisson,903,113-1104,CONROE,TX,77384,S,N,64000,0.0,0,0
Gerth,Ridley,206,162-1352,BATTLE GROUND,WA,98604,M,N,56000,0.0,0,0
Oddvar,Meilijson,936,110-1676,EL PASO,TX,88527,S,N,71000,0.0,0,0
Paitoon,Hopcroft,870,162-1429,SOLGOHACHIA,AR,72156,M,N,29500,7.0,0,0
Joycelyne,Jevtic,702,191-1209,LAS VEGAS,NV,89142,S,Y,27000,0.0,0,0
Jacopo,Wessel,423,100-1404,ELIZABETHTON,TN,37644,S,N,18000,0.0,0,0
Gyungho,Witschorik,601,131-2058,UNION-typoLA VETA,WV,39365,M,Y,50500,5.0,0,1500
Kahoru,Kottmann,617,106-1878,WEST FALMOUTH,MA,2574,M,Y,16500,5.3,0,1000
Rom,Gunal,302,136-1463,MONTCHANIN-typoMADISON LAKE,DE-typoCT,19710,M,N,66500,5.95,0,0
Ramadan,Manderick,501,113-2019,MONTICELLO,AR,71655,M,N,60000,7.0,0,0
Dipak,Picht,870,158-1142,BISCOE,AR,72017,M,Y,69500,7.0,0,20
Jianjian,Heikes,207,155-1040,LEE,ME,4455,M,Y,29500,8.5,0,2850
Noe,Camacho,202,185-1886,WASHINGTON,DC,20012,M,N,22000,7.2,0,0
Erach,Minshall,603,164-1710,GRANTHAM,NH,3753,S,N,45000,0.0,0,0
Marion,Nassef,210,108-1920,FORT WORTH,TX,76196,S,Y,29000,0.0,0,0
Yongdong,Gallivan,302,170-1445,REHOBOTH BEACH,DE,19971,M,N,6500,2.3022728,0,0
Sasikumar,Jette,304,189-1627,CEDARVILLE,WV,26611,S,N,24000,3.98,2000,0
Nawaaz,Warschat,573,163-1506,HIGHLANDVILLE,MO,65669,S,N,77000,6.0,2100,0
Frantz,Genssler,518,124-1838,BILLINGS,NY,12510,M,Y,48500,4.234604,0,1000
Xiaoqiu,Ariyoshi,603,152-1152,BELMONT,NH,3220,S,N,99500,0.0,0,0
Amin,Lovell,862,160-1056,HARTMAN,GA,7627,S,Y,86500,2.4487605,1000,1500
Miroslawa,Bathgate,907,166-1248,THORNE BAY,AK,99919,S,Y,72000,0.0,0,0
Asha,Heinen,605,119-1785,KAYLOR,SD,57354,S,N,15000,0.0,0,0
Brigitta,Heyderhoff,415,119-1032,SACRAMENTO,CA,95819,M,Y,31500,6.9446583,0,272
Kazuki,Hapanyengwi,608,174-1728,COTTAGE GROVE,WI,53527,S,N,91000,6.0275416,700,0
Bern,Lorie,478,107-1855,PINE MOUNTAIN VALLEY,GA,31823,M,Y,82500,6.0,0,3000
Ole,Gerstenkorn,740,190-2057,RIO GRANDE,OH,45674,M,N,80500,3.218213,0,0
Yehoshua,Gotoda,808,126-2033,HILO,HI,96721,M,Y,5000,1.9407895,0,1040
Jochen,Jacopini,417,168-1045,PARK HILLS,MO,63601,M,N,65000,6.0,0,0
Preeti,Klerer,478,118-1316,HINESVILLE,GA,31310,M,Y,43000,6.0,0,3000
Mostefa,Lindenbaum,712,105-1775,GILMORE CITY,IA,50541,M,Y,23500,3.7919755,0,40
Bing,Usoh,925,183-1216,STOCKTON,CA,95219,M,N,13000,2.5772314,0,0
Liane,Nakakoji,303,132-1641,GILL,CO,80624,M,Y,23000,4.63,0,0
Juhana,Famili,253,139-1672,BOTHELL,WA,98012,M,N,1000,0.0,0,0
Trent,Falkerngerg,907,140-1043,MEYERS CHUCK,AK,99903,S,N,41000,0.0,0,0
Zhongwei,Dey,401,139-1238,SLOCUM,RI,2877,M,N,42000,0.0,0,0
Yongmin,Rebbapragada,719,113-1471,NORTH FORT MYERS,CO-typoNV,80751,S,N,72500,4.63,0,0
Raqui,Dreger,501,109-1093,WHELEN SPRINGS,AR,71772,M,Y,2500,1.0,0,20
Tokunbo,Lafora,337,131-1801,THIBODAUX,LA,70302,M,N,44000,6.0,0,0
Cecil,Feder,501,150-1351,GARNER,AR,72052,M,Y,19500,4.8486915,0,20
Philip,Furlanello,413,182-1349,NORFOLK,MA,2056,M,Y,70500,5.3,0,1000
Celina,Tuecke,409,159-2015,DENISON,TX,75020,S,Y,74500,0.0,0,0
Madge,Kishino,786,118-1799,HOMESTEAD,FL,33033,S,N,80000,0.0,0,0
Jaeun,Romeuf,901,192-1592,JACKSON,TN,38305,M,Y,36000,0.0,0,0
Gwendal,Lichtenecker,703,180-1318,CULLEN,VA,23934,M,N,15000,5.214286,0,0
Shianyow,Hemenway,848,168-1483,AUDUBON,NJ,8106,S,N,74500,2.2595105,1000,0
Jaejoon,Fujisaki,860,169-1714,NEW HAVEN,CT,6511,S,N,62000,5.0,12750,0
Nariman,Noor,208,103-1549,SAINT CHARLES,ID,83272,M,Y,92000,7.8,0,3300
Niki,Brunk,312,124-1296,MAPLETON,IL,61547,S,N,38500,3.0,2000,0
Dorbin,Simons,701,148-1109,MADISON LAKE,IA,58622,S,N,22500,2.1,3300,0
Dongdai,Farreny,256,144-1845,MONTGOMERY,AL,36113,S,N,94000,5.0,1500,0
Veda,Manacher,808,151-1146,PEARL CITY,HI,96782,S,Y,99500,8.25,1040,1040
Hyuncheol,Pettit,719,112-1790,HOLLY,CO,81047,S,Y,76000,4.63,0,0
Gerbert,Ittner,787,107-1490,CAROLINA,PR,979,S,Y,65000,0.0,0,0
Noberto,Daudenarde,425,136-1180,MANSON,WA,98831,M,Y,35000,0.0,0,0
Premal,Winn,631,119-1091,CORINTH,NY,12822,M,Y,45000,4.2143292,0,1000
Egon,Alberga,804,116-1284,STANLEY,VA,22851,S,N,71500,5.75,900,0
Zhuojun,Danlos,928,105-1923,PRESCOTT,AZ,86304,M,Y,53000,3.5365,0,2300
Bhanu,Kloeden,206,122-1862,INDIANOLA-typoALMONT,NV,98342,S,Y,56500,0.0,0,0
Cixiang,Nekvinda,918,157-2048,SASAKWA,OK,74867,M,N,51000,6.25,0,0
Vivek,Akkermans,207,101-1993,NORTH FORT MYERS,ME-typoGA,4921,S,N,5000,2.2135036,2850,0
Vassilka,Mersereau,337,105-1834,GRAMERCY,LA,70052,M,Y,92500,6.0,0,1000
Fouzia,Whiteley,360,191-1056,KALAMA,WA,98625,M,Y,82500,0.0,0,0
Scarlet,Tibrook,724,130-1738,WALTERSBURG,PA,15488,S,N,98000,3.07,0,0
Mukund,Tokunaga,702,171-1922,NORTH LAS VEGAS,NV,89084,S,Y,4500,0.0,0,0
Zigmantas,Rohlicek,802,184-1525,NORTH THETFORD,VT,5054,M,N,58000,4.1590624,0,0
Yingfei,Krotopoulou,605,121-1270,GREGORY,SD,57533,M,N,48500,0.0,0,0
Spira,Streitz,860,112-1320,ALMONT,MI,6053,M,Y,28500,5.0,0,0
Xenofon,Ashish,801,145-1201,OGDEN,UT,84404,S,Y,59500,7.0,2475,2475
Roland,Stetina,650,115-1823,BUENA PARK,CA,90620,S,N,65500,9.3,87,0
Aki,Riet,435,137-1586,BRYCE CANYON,UT,84717,M,Y,29000,7.0,0,2475
Bennett,Falin,641,120-2019,WALCOTT,IA,52773,S,Y,91500,8.98,40,40
Charlotte,Darell,580,113-1850,BEAVER,OK,73932,S,Y,65500,6.25,1000,1000
Fatimah,Bik,614,100-1816,WESTON,OH,43569,S,Y,20500,1.2265205,1300,1300
Mavis,Pierre,302,194-1251,WILMINGTON,DE,19802,M,Y,1500,2.2,0,110
Aashu,Baum,605,146-1959,ONIDA,SD,57564,S,Y,94000,0.0,0,0
Maristella,Nuzman,317,183-1507,KINGSBURY,IN,46345,M,N,59500,3.4,0,0
Tayeb,Protzel,612,124-1627,GRAND RAPIDS,MN,55744,M,Y,49500,6.8969584,0,3300
Tyll,Zeilberger,251,145-1530,BIRMINGHAM,AL,35282,M,Y,68500,5.0,0,300
Chitra,Delchamps,970,131-1361,DENVER,CO,80244,S,Y,23500,4.63,0,0
Ossama,Nisiyama,701,187-1464,TRENTON,ND,58853,S,N,36000,2.173031,3300,0
Slawomir,Donald,641,147-1680,TRAER,IA,50675,S,Y,35000,5.567322,40,40
Masanao,Scharf,608,147-1102,BEACON FALLS,CT,54157,S,Y,30500,4.9763455,700,400
Hidenori,Podgurski,551,194-2057,SEA ISLE CITY,NJ,8243,S,N,39000,1.6996458,1000,0
Tarcisio,Weghorst,701,149-2028,FOREST RIVER,ND,58233,S,Y,49500,2.3295264,3300,3300
Eitan,Brodsky,717,147-1822,GIBSON,PA,18820,S,N,81500,3.07,0,0
Phill,Roubiere,319,183-1260,MISSOURI VALLEY,IA,51555,M,Y,43000,6.802345,0,40
Parosh,Hertzberg,401,128-1257,NORTH PROVIDENCE,RI,2911,M,N,86500,0.0,0,0
Daniil,Plummer,402,184-1659,KIMBALL,NE,69145,S,N,3500,2.7553527,103,0
Shlomi,Obermaier,970,103-2016,TABERNASH,CO,80478,M,Y,42500,4.63,0,0
Jarrellann,Hilburn,781,141-1542,BOSTON,MA,2297,M,N,66500,5.3,0,0
Hiraku,Gabalda,864,198-1872,COLUMBIA-typoHARTMAN,SC-typoMI,29222,M,Y,49500,7.0,0,3300
Huan,Alpay,408,194-1938,SACRAMENTO,CA,94267,M,N,80500,9.3,0,0
Courtland,Vinar,574,151-1329,EVANSVILLE,IN,47728,S,Y,11500,3.4,1000,1000
Arve,Breuleux,425,139-1935,USK,WA,99180,M,Y,32500,0.0,0,0
Devesh,Merabti,430,115-1790,HEDLEY,TX,79237,S,Y,12000,0.0,0,0
Sampalli,Strohmeir,907,119-1396,SAND POINT,AK,99661,S,N,19000,0.0,0,0
Henrietta,Marazakis,402,107-2046,HASTINGS,NE,68901,S,Y,63000,6.84,103,103
Hakan,Shimodaira,301,138-1372,PARSONSBURG,MD,21849,S,N,51000,4.75,2400,0
Sadasaburoh,Marinova,907,127-1634,ANDERSON,AK,99744,S,Y,47000,0.0,0,0
Min,Karasik,406,109-1075,WESTBY,MT,59275,M,Y,72500,6.9,0,1900
Nimmagadda,Casas,267,142-1988,FORCE,PA,15841,M,N,98000,3.07,0,0
Bon,Tausch,334,121-1683,PLEASANT GROVE,AL,35127,M,Y,66000,5.0,0,300
Slavian,Patkar,816,165-1365,MAYSVILLE,MO,64469,M,N,500,1.5,0,0
Abdelmajid,Niizuma,603,161-1723,PIERMONT,NH,3779,M,Y,90000,0.0,0,0
Asbjorn,Nagashima,701,172-1280,KULM,ND,58456,S,Y,64500,2.50341,3300,3300
Shumeet,Protasov,202,195-1427,WASHINGTON,DC,20439,S,Y,71000,9.0,1370,1370
Abdesselam,Morrison,605,119-1995,BRANDT,SD,57218,S,N,17000,0.0,0,0
Kenichi,Chauche,931,131-2009,NASHVILLE,TN,37205,M,Y,25500,0.0,0,0
Alia,Holthofer,612,190-2068,STURGEON LAKE,MN,55783,S,N,22500,5.45619,3300,0
Hannu,Maquelin,208,141-1431,JULIAETTA,ID,83535,S,Y,29500,7.8,3300,3300
Francois,Ebcioglu,406,147-1779,LLOYD,MT,59535,S,Y,82500,6.9,1900,1900
Aristid,Pietak,651,197-1584,MEADOWLANDS,MN,55765,M,N,82500,7.85,0,0
Monika,Guvenir,770,101-1080,TENNILLE,GA,31089,S,Y,71500,6.0,2700,3000
Janusz,Heemskerk,253,190-1511,METALINE,WA,99152,M,Y,34500,0.0,0,0
Birte,Tinhofer,302,187-1733,WILMINGTON,DE,19808,S,N,55000,5.609091,110,0
Styliani,Shrira,478,106-1541,LOUISVILLE,GA,30434,S,Y,10500,6.0,2700,3000
Christo,Larin,878,163-1360,MC CLELLANDTOWN,PA,15458,S,Y,12000,3.07,0,0
Tomoaki,Kahana,520,107-1844,SAHUARITA,AZ,85629,M,Y,10000,2.87,0,2300
Jasper,Dunfee,207,170-1918,PHIPPSBURG,ME,4562,S,Y,54000,8.5,2850,2850
Shizuo,Kaki,573,173-1213,UTICA,MO,64686,S,Y,76500,6.0,2100,1200
Youcef,Alippi,202,148-1433,WASHINGTON,DC,20007,M,Y,68500,9.0,0,1370
Mic,Ciesielski,256,173-1001,GRAND BAY,AL,36541,S,N,67500,5.0,1500,0
M'hamed,Naroska,978,158-1700,ARLINGTON,MA,2474,M,N,30000,5.3,0,0
Tarak,Stoller,608,180-1786,SAUKVILLE,WI,53080,S,Y,84500,5.914603,700,400
Tefko,Lampe,910,169-1610,WHITE OAK,NC,28399,S,Y,27500,6.3094406,3300,3300
Takehito,Haselbock,217,143-1662,NORTH AURORA,IL,60542,M,N,81000,3.0,0,0
Armin,Spataro,334,109-1768,MONTGOMERY,AL,36130,S,N,49500,5.0,1500,0
Sebastiaan,English,252,155-1869,JULIAN,NC,27283,S,N,65500,7.106643,3300,0
Tejo,Ebbinghaus,979,161-2006,LUBBOCK,TX,79409,M,Y,81000,0.0,0,0
Ezra,Mausberg,763,119-1640,ADAMS,MN,55909,S,Y,27000,5.696318,3300,3300
Raqui,Creveuil,207,107-1987,OAKLAND,ME,4963,M,Y,2500,2.0,0,2850
Leandro,Bavuso,251,176-2025,HARTMAN,IA,35801,S,Y,31000,5.0,1500,300
Siamak,Plutat,808,187-1869,HONOLULU,HI,96804,M,Y,31000,6.6276317,0,1040
Mabo,Goel,878,127-1253,BRACKNEY,PA,18812,M,N,56500,3.07,0,0
Kazumaro,Grizzle,719,172-1642,LONGMONT,CO,80501,M,N,78500,4.63,0,0
Petrisor,Dhagat,307,105-1476,CARPENTER,WY,82054,M,Y,26000,0.0,0,0
ShouHan,Hofman,225,122-1099,BATON ROUGE,LA,70803,M,N,77500,6.0,0,0
Khurshid,Paseman,406,112-1653,VANDALIA,MT,59273,S,Y,24000,6.9,1900,1900
Shelli,Billaud,225,148-1900,MORGAN CITY,LA,70381,S,N,53000,6.0,4500,0
Sankar,Crabtree,770,136-1779,TIGER,GA,30576,S,N,38000,6.0,2700,0
Tilak,Rest,980,180-1683,HARTMAN,NC-typoNV,28607,S,N,52500,6.833916,3300,0
Roger,Caron,318,125-1493,MARION,LA,71260,S,N,96000,6.0,4500,0
Stamatis,Abdulazizoglu,617,180-2075,WEST ROXBURY,MA,2132,S,Y,42500,5.3,3575,1000
Vinodh,Pierro,602,124-1242,FOUNTAIN HILLS,AZ,85268,M,Y,47000,3.4435,0,2300
Talal,Battaglia,215,195-1357,WORCESTER,PA,19490,S,Y,94000,3.07,0,0
Jake,Szanser,410,180-1626,COLUMBIA,MD,21045,M,Y,39500,4.75,0,2400
Xinyao,Protasov,701,145-1083,MINOT,ND,58702,S,Y,86000,2.7526436,3300,3300
Liangchun,Rabi,937,193-1223,PINEY FORK,OH,43941,S,Y,47000,2.1061845,1300,1300
Ken,Moeller,337,143-1530,ACME-typoNORTH FORT MYERS,LA-typoWV,71316,S,N,40500,6.0,4500,0
Norwin,Hashii,228,132-1420,TILLATOBA,MS,38961,M,N,88500,5.0,0,0
Sigbjorn,Jording,434,142-1987,WEEMS,VA,22576,M,Y,31500,5.75,0,900
Dingchao,Gavril,706,169-1312,GAINESVILLE,GA,30507,M,Y,44500,6.0,0,3000
Yacoub,Loewenstern,843,105-1047,NINETY SIX,SC,29666,S,N,64500,7.0,3300,0
Chiemi,Gregoire,703,176-1022,WHITE HALL,VA,22987,M,N,87000,5.75,0,0
Arunabha,Gimbel,614,160-1392,HINCKLEY,OH,44233,S,Y,72000,2.9360566,1300,1300
Takuji,Sadanandan,207,167-1894,HARRINGTON,ME,4643,M,Y,56000,8.5,0,2850
Pamela,Straney,202,107-2096,WASHINGTON,DC,20591,M,Y,84000,9.0,0,1370
Michial,Hashemian,413,197-1325,LEEDS,MA,1053,S,N,52000,5.3,3575,0
Hyongmuk,Feeley,406,120-1328,CONDON-typoMADISON LAKE,MT-typoGA,59826,M,Y,47000,6.9,0,1900
Cathrine,Goni,651,133-1919,MAZEPPA,MN,55956,S,N,61500,7.5373,3300,0
Mallory,Kilgour,641,160-1339,SCHALLER,IA,51053,S,N,88000,8.98,40,0
Dionisios,Rani,636,108-1208,CHADWICK,MO,65629,M,N,63000,6.0,0,0
Aryya,Loyola,520,171-1084,PHOENIX,AZ,85043,S,N,89000,4.0945,2100,0
InduShobha,Seguel,907,133-1387,RUBY,AK,99768,S,Y,99000,0.0,0,0
Joper,Raschle,410,106-1190,BALTIMORE,MD,21231,M,N,69000,4.75,0,0
Shukri,Uludag,864,146-1243,DUNCAN,SC,29334,M,Y,73000,7.0,0,3300
Torgrim,Getis,505,162-1450,RODEO,NM,88056,S,N,44500,5.3,3300,0
Alaa,Fendler,479,162-2063,BERGMAN,AR,72615,S,N,90000,7.0,20,0
Jayang,Gulliver,571,135-1263,RICHMOND,VA,23279,M,Y,18000,5.75,0,900
Jermy,Kwasny,843,192-1806,MOUNTVILLE,SC,29370,S,Y,37500,7.0,3300,3300
Eamonn,Kogan,614,176-1481,NEW STRAITSVILLE,OH,43766,S,N,30500,1.5584693,1300,0
Zhoujun,Villa,907,181-1973,AMBLER,AK,99786,S,N,41000,0.0,0,0
Steen,Kutylowski,775,183-1473,LAS VEGAS,NV,89116,M,N,30000,0.0,0,0
Rory,Ducloy,808,151-1187,KAUMAKANI,HI,96747,M,N,28500,6.176974,0,0
Satinder,Flatley,848,138-1366,CEDAR KNOLLS,NJ,7927,M,Y,18000,1.4,0,1500
Remy,Fraysse,970,139-1115,HASWELL,CO,81045,M,Y,96500,4.63,0,0
Jianli,Heystek,607,122-1453,ROCHESTER,NY,14683,S,Y,52000,4.254878,0,1000
Karni,Cassell,757,182-1351,LEON,VA,22725,S,Y,50500,5.75,900,900
Karakunakara,Roetter,443,110-1172,NEW WINDSOR,MD,21776,M,N,28000,4.75,0,0
Mostafa,Musliner,307,180-1674,BURNS,WY,82053,M,Y,19500,0.0,0,0
Sergui,Castellani,701,191-1961,DES LACS,ND,58733,M,N,78500,2.6657016,0,0
Sanjay,Noda,870,118-1632,LITTLE ROCK,AR,72221,M,N,29500,7.0,0,0
Damodar,Pole,256,151-1971,GERALDINE,AL,35974,M,N,53000,5.0,0,0
Ilana,Monnier,205,191-1052,NORTHPORT,AL,35475,M,Y,16000,5.0,0,300
Tasuro,Godo,312,165-1959,MADISON LAKE,NV,62549,S,Y,98500,3.0,2000,2000
Toine,Rosenmann,501,132-1317,ETOWAH,AR,72428,M,Y,27500,6.760966,0,20
Olov,Ishisone,949,131-1463,FRESNO-typoMADISON LAKE,CA-typoNV,93760,S,N,64500,9.3,87,0
Tirza,Schwagereit,701,154-1780,SAINT MICHAEL,ND,58370,S,Y,17000,2.1,3300,3300
Bir,Berglund,706,138-1321,AUGUSTA,GA,30913,M,Y,69500,6.0,0,3000
Hideto,Tisato,801,166-1691,SPANISH FORK,UT,84660,M,Y,62000,7.0,0,2475
Chakravarthy,Abeln,516,152-1219,RANSOMVILLE,NY,14131,S,Y,28500,4.11875,0,1000
Hanene,Spira,717,180-1663,PHILADELPHIA,PA,19196,M,N,12000,3.07,0,0
Yezdi,Hanover,901,156-1251,CARYVILLE,TN,37714,M,Y,33500,0.0,0,0
Aleksandr,Mikitiuk,406,126-1329,TROY,MT,59935,S,Y,34000,6.9,1900,1900
Yoo,Suska,479,199-1908,WILLISVILLE,AR,71864,M,Y,42000,7.0,0,20
Hao,Kohling,270,111-1095,LEXINGTON,KY,40515,S,Y,38500,3.9722223,20,20
Sherine,Flatebo,603,156-1690,HAVERHILL-typoNORTH FORT MYERS,WV,3765,M,N,95500,0.0,0,0
Syunichiro,Court,218,185-1085,WELCH,MN,55089,S,N,82500,7.85,3300,0
Kit,Boersma,402,170-1753,CHAMBERS,NE,68725,S,N,65500,6.84,103,0
Georgios,Calude,540,151-1995,NATURAL BRIDGE,VA,24578,M,Y,46500,5.75,0,900
Tomaoo,Yakhnis,303,143-1013,COLORADO SPRINGS,CO,80936,M,N,61000,4.63,0,0
Goli,Goodrum,832,107-1349,EL PASO,TX,88515,S,Y,62000,0.0,0,0
Behrokh,Holenderski,360,130-1796,BELLEVUE,WA,98007,M,Y,79500,0.0,0,0
Stylianos,Spence,302,122-2097,LEWES,DE,19958,M,N,500,2.2,0,0
Vikraman,Schieder,351,107-1993,ROCKLAND,MA,2370,M,Y,35500,5.3,0,1000
Jeeho,Tayi,435,134-1742,HERRIMAN,UT,84096,M,N,87500,7.0,0,0
Yeshayahu,Jacquart,702,110-1793,NORTH LAS VEGAS,NV,89087,M,Y,60500,0.0,0,0
Hayato,Duijvestijn,717,198-1379,MYERSTOWN,PA,17067,M,Y,82500,3.07,0,0
Kornel,Blue,757,176-1368,STERLING,VA,20164,S,Y,83000,5.75,900,900
Wolfgang,Zaiane,202,167-1038,WASHINGTON,DC,20504,S,N,30500,9.0,1370,0
Branka,Danley,787,169-1829,GUAYAMA-typoNORTH FORT MYERS,CT,784,M,N,16000,0.0,0,0
Hiroyuji,McWilliams,573,124-1572,NOEL,MO,64854,M,Y,61500,6.0,0,1200
Sajjad,Domenig,802,141-1713,WHITE RIVER JUNCTION,VT,5001,S,Y,59000,4.178958,3300,3300
Prabhakaran,Shiloh,206,193-1907,NEILTON,WA,98566,S,N,83500,0.0,0,0
Vesselin,Pehl,775,171-1366,LAS VEGAS,NV,89140,S,N,24500,0.0,0,0
Raghuram,Hettesheimer,701,167-1522,SYKESTON,ND,58486,S,Y,60000,2.451245,3300,3300
Maniel,Nassef,240,129-1530,CUMBERLAND,MD,21504,S,Y,56500,4.75,2400,2400
Nadjiba,Keohane,603,169-1455,NASHUA,NH,3060,S,Y,69000,0.0,0,0
Surojit,Renault,414,144-1854,MOUNT STERLING-typoLA VETA,CT,54645,S,N,22000,4.8286567,700,0
Belaid,Blakeley,202,174-1785,WASHINGTON,DC,20416,M,N,22500,7.3125,0,0
Gael,Erdi,516,155-1705,HICKSVILLE,NY,11819,M,Y,87000,4.457622,0,1000
Redha,Landherr,864,141-1295,LEESVILLE,SC,29070,M,Y,55000,7.0,0,3300
Mohamed,Remington,360,161-1097,SEATTLE,WA,98171,S,N,64500,0.0,0,0
Ernesto,Muharemagic,949,133-1323,MENTONE,CA,92359,M,N,39500,8.833276,0,0
Kieron,Golgstein,405,115-1700,CONNERVILLE,OK,74836,S,N,96500,6.25,1000,0
Zosimo,Mihara,713,119-1617,SILVER,TX,76949,M,N,88000,0.0,0,0
Sany,Everling,253,121-2045,SPOKANE,WA,99207,M,Y,100000,0.0,0,0
Saleh,Strole,701,161-1016,PORTAL,ND,58772,M,N,74500,2.6193328,0,0
Yaron,Bashian,603,164-1455,WARNER,NH,3278,S,N,51500,0.0,0,0
Simeon,Boulier,612,116-1693,ELLENDALE,MN,56026,S,Y,49500,6.8969584,3300,3300
Ildiko,Ochuodho,701,126-1309,MARSHALL,ND,58644,M,Y,64000,2.4976141,0,3300
Tatyana,Hogen,734,130-1634,ALMONT,MI-typoGA,48188,M,N,29500,3.9,0,0
Evgenia,Tsumoto,772,139-1966,MIAMI,FL,33125,S,N,25500,0.0,0,0
Abdelillah,Renault,505,186-1213,HOLLOMAN AIR FORCE BASE,NM,88330,S,N,69500,5.3,3300,0
Wayne,Reusch,410,169-1703,DAMASCUS,MD,20872,M,Y,4500,4.75,0,2400
Narushige,Spieker,414,151-1448,POPLAR,WI,54864,S,Y,47000,5.2630353,700,400
Rephael,Hockney,971,150-1399,PORTLAND,OR,97239,S,N,4000,6.3846154,159,0
Asger,Mistrik,408,153-1461,CARSON,CA,90746,S,Y,25500,5.5281954,87,272
Imre,Feber,337,113-1118,LAWTELL,LA,70550,S,Y,96500,6.0,4500,1000
Collin,Arizio,901,163-1642,CLEVELAND,TN,37364,S,Y,99000,0.0,0,0
Diederik,Vigoda,740,143-1328,CHRISTIANSBURG,OH,45389,S,N,19500,1.1933256,1300,0
Morry,Ruano,508,188-1106,NEW BEDFORD,MA,2746,S,N,23500,5.3,3575,0
Nahla,Stack,208,175-1741,MURRAY,ID,83874,S,N,90000,7.8,3300,0
Pedro,Panagaden,928,152-1408,TEMPE,AZ,85284,S,N,46500,3.43575,2100,0
Alan,Yach,972,183-1405,AFTON,TX,79220,M,N,70000,0.0,0,0
Srilatha,Keck,913,192-1936,HUTCHINSON-typoHARTMAN,KS-typoIA,67502,S,N,26000,5.663333,2250,0
Rogerio,Kingston,773,142-1315,CALEDONIA,IL,61011,S,Y,35500,3.0,2000,2000
Betsy,Pistor,202,174-1963,WASHINGTON,DC,20428,M,N,10500,4.6125,0,0
Amarendra,Esposito,727,147-1356,ORLANDO,FL,32893,S,N,78500,0.0,0,0
Yuguo,Woehl,909,182-2066,BOULEVARD,CA,91905,M,Y,84500,9.3,0,272
Thony,Lanzi,712,141-1843,HIGHLANDVILLE,IA,52149,S,Y,54500,8.577691,40,40
Wenjian,Rela,251,157-1081,LOCKHART,AL,36455,M,Y,40000,5.0,0,300
Monagur,Lamont,417,187-1605,TUNAS,MO,65764,S,N,86000,6.0,2100,0
Yung,Pederson,920,139-1496,TWO RIVERS,WI,54241,S,N,33000,5.0197835,700,0
Toshio,Klaeren,202,141-1524,WASHINGTON,DC,20082,S,Y,61000,9.0,1370,1370
Astrid,Karton,443,125-1184,RHODESDALE,MD,21659,M,N,53500,4.75,0,0
Ericka,Toledo,719,106-1900,LITTLETON,CO,80129,M,Y,86000,4.63,0,0
Taesoon,Cremilleux,413,107-1048,ANDOVER,MA,1810,M,N,19000,5.3,0,0
Arlene,Pavlova,918,101-1717,WARNER,OK,74469,S,Y,71000,6.25,1000,1000
Nachum,Marrevee,701,101-1749,MANDAN,ND,58554,M,Y,42500,2.2483807,0,3300
SangMin,Smiraglia,401,151-1282,PROVIDENCE,RI,2908,S,N,81500,0.0,0,0
Divine,Weijland,405,180-1709,OKLAHOMA CITY,OK,73144,S,Y,37000,6.25,1000,1000
Hermann,Porenta,402,182-1240,HAIGLER,NE,69030,M,Y,68000,6.84,0,103
Honari,Hutter,361,114-1460,BEAUMONT,TX,77720,M,Y,78500,0.0,0,0
Nobuhiro,Sindoni,234,134-1798,DAYTON,OH,45439,M,N,68000,2.803277,0,0
Paddy,Koshimizu,509,113-1641,HUNTERS,WA,99137,S,N,48000,0.0,0,0
Elisha,Cover,617,143-1556,WEST WARREN,MA,1092,M,Y,88500,5.3,0,1000
Hank,Aigrain,610,171-1714,GRATZ,PA,17030,S,N,22500,3.07,0,0
Ales,Luttermann,208,151-1379,ROGERSON,ID,83302,M,N,72500,7.8,0,0
Sachin,Pion,703,170-1653,BURR HILL,VA,22433,S,N,12500,4.5446424,900,0
Sami,Czapiewski,701,145-1576,ADAMS,ND,58210,M,Y,66500,2.5265946,0,3300
Boudewijn,Lattin,307,147-1722,ARAPAHOE,WY,82510,S,N,83500,0.0,0,0
Mou,Klassen,702,155-1995,RENO,NV,89504,M,Y,98500,0.0,0,0
Shumeet,Bonniger,207,161-1214,MONROE,ME,4951,M,N,40000,8.5,0,0
Ahlem,Kohda,580,177-1434,OKLAHOMA CITY,OK,73144,S,Y,35500,6.25,1000,1000
Kui,Bachus,252,179-1287,MERRY HILL,NC,27957,S,N,100000,7.8304195,3300,0
Zongyan,Schieder,401,112-2055,PROVIDENCE,RI,2918,S,N,73500,0.0,0,0
Veronica,Kesselman,305,168-1617,TITUSVILLE,FL,32783,S,Y,78000,0.0,0,0
Yibing,Forys,860,135-1224,WINSTED,CT,6098,M,Y,97000,5.0,0,0
Mathis,Keck,620,126-1984,INGALLS,KS,67853,M,Y,61500,6.45,0,2250
Roy,Nagano,219,104-1963,WYATT,IN,46595,M,Y,46000,3.4,0,1000
Sairam,Krauter,334,122-1144,BRYANT,AL,35958,M,N,31500,5.0,0,0
Kazuto,McReynolds,952,147-1349,BIG LAKE,MN,55309,M,Y,47500,6.7902346,0,3300
Donall,Ruder,603,112-1964,WHITEFIELD-typoNORTH FORT MYERS,NH-typoIA,3598,S,Y,6000,0.0,0,0
Jaroslava,Cohoon,567,112-1298,MECHANICSBURG,OH,43044,M,N,65000,2.7036924,0,0
Naeem,Luan,870,169-1254,CARTHAGE,AR,71725,S,N,11000,2.8168998,20,0
Ildiko,Validov,202,179-1379,WASHINGTON,DC,20023,M,N,35500,9.0,0,0
Lorin,Abels,714,139-1017,VICTORVILLE,CA,92393,M,Y,35500,7.888967,0,272
Ramasamy,D'Ambra,334,107-1205,GOODSPRINGS,AL,35560,S,Y,93000,5.0,1500,300
Vilas,Lavin,567,179-1872,WOODVILLE,OH,43469,S,N,82500,3.2846026,1300,0
Gottfried,Shinomoto,414,102-1372,NECEDAH,WI,54646,S,N,2500,4.6,700,0
Len,Corey,414,157-2044,POUND,WI,54161,M,Y,92000,6.0449166,0,400
Jang,Hercksen,419,137-1172,COLUMBUS,OH,43230,M,Y,90000,3.533564,0,1300
Ilana,Sabadini,206,112-1389,SEATTLE,WA,98108,S,Y,99500,0.0,0,0
Kripasindhu,Leask,205,169-1107,CAMP HILL,AL,36850,S,N,34000,5.0,1500,0
Aniruddha,Kruschinski,603,116-1435,BETHLEHEM,NH,3574,S,Y,9500,0.0,0,0
Kerstin,Eskesen,304,134-1768,CORINNE,WV,25826,S,N,41000,5.17,2000,0
Kentaru,Tacic,808,120-1476,WHEELER ARMY AIRFIELD,HI,96854,M,Y,66000,8.25,0,1040
Gernod,Glynn,225,186-1107,EROS,LA,71238,M,Y,37500,6.0,0,1000
Jorge,Gerling,775,142-1432,RENO,NV,89508,S,N,39500,0.0,0,0
Jianyang,D'Silva,316,183-1394,NORTH FORT MYERS,KS-typoCT,66215,M,Y,5000,3.5,0,2250
Melek,Bub,732,122-1743,GLASSER,NJ,7837,S,Y,97500,2.6222396,1000,1500
Yumi,Miyachi,315,164-1244,LA VETA,GA,13737,M,N,69000,4.3533535,0,0
Amalendu,Joslin,423,161-1368,RAMER,TN,38367,S,N,66500,0.0,0,0
Cevdet,Fetvedt,208,148-1297,BOISE,ID,83725,S,Y,42000,7.8,3300,3300
Akhileswaran,Stylianou,603,185-1227,CHICHESTER,NH,3258,M,Y,75500,0.0,0,0
Carisa,Kamber,802,104-1810,LOWELL,VT,5847,S,Y,96500,4.925038,3300,3300
Kozi,Callan,636,130-1514,LEBANON,MO,65536,S,Y,41500,6.0,2100,1200
Hillol,Tano,785,146-2046,WILMORE,KS,67155,M,N,24500,5.3683333,0,0
Luk,Pavlotskaya,704,113-1820,WINSTON SALEM,NC,27113,M,Y,65000,7.0961537,0,3300
Benhur,Rijn,307,146-1078,WILSON,WY,83014,S,Y,32000,0.0,0,0
Yoshimoto,Rispoli,701,156-1877,CARSON,ND,58529,S,Y,60000,2.451245,3300,3300
Thucydides,Smaragdakis,662,174-1831,CRAWFORD,MS,39743,M,N,20500,5.0,0,0
Sieger,Stark,401,136-1233,GREENVILLE,RI,2828,M,Y,81000,0.0,0,0
Shamkant,Miner,417,133-1363,WHEATON,MO,64874,S,Y,18500,6.0,2100,1200
Frode,Neighbors,828,195-1962,RALEIGH,NC,27602,M,Y,89500,7.61014,0,3300
Shusaku,Mikkilineni,870,132-1570,BEEDEVILLE,AR,72014,S,Y,2000,1.0,20,20
Guven,Lavecchia,980,114-1721,WINSTON SALEM,NC,27157,S,Y,5000,6.0,3300,3300
Binghuan,Whiteley,774,117-1830,RAYNHAM,MA,2767,S,N,95500,5.3,3575,0
Seraphin,Awong,623,167-1782,TUCSON,AZ,85744,M,N,80000,3.955,0,0
Etsuji,Maffray,810,147-1762,RICHVILLE,MI,48758,S,N,37500,3.9,3100,0
Zdzislaw,Schusler,505,175-1156,CARRIZOZO,NM,88301,S,N,5500,1.7,3300,0
Jerri,Eastman,803,107-1802,PELION,SC,29123,S,Y,36500,7.0,3300,3300
Williaam,Gyorkos,507,152-1065,MINNEAPOLIS,MN,55407,M,Y,4000,5.35,0,3300
Edisanter,Rebbapragada,302,180-1630,NEWARK,DE,19718,M,N,54000,5.540909,0,0
Raphael,Peltason,419,199-1611,DILLONVALE,OH,43917,S,N,18500,1.1601307,1300,0
Shudong,Rubia,719,160-2063,DILLON,CO,80435,M,N,76000,4.63,0,0
Paulien,Pantano,769,152-2032,REDWOOD,MS,39156,S,N,7000,3.8,6000,0
Shipei,Rengarajan,304,168-1328,GORMANIA,WV,26720,S,Y,30000,4.4,2000,2000
Melinda,Kheradpir,218,197-1270,BRUNO,MN,55712,M,Y,86500,7.85,0,3300
Toshiro,Serra,651,150-1558,CASTLE ROCK,MN,55010,M,N,14000,5.35,0,0
Yoshioki,Ash,608,196-1998,LODI-typoHARTMAN,IA,53555,M,Y,64500,5.5671005,0,400
Srinivas,Bogle,802,111-1649,BURLINGTON,VT,5405,M,Y,16500,3.6,0,3300
Krasimir,Feierbach,406,116-1511,LODGE GRASS,MT,59050,S,Y,71500,6.9,1900,1900
Prabandham,Mondadori,410,115-1280,ROCK POINT,MD,20682,M,N,40500,4.75,0,0
Cherri,Crestin,501,155-1287,TIMBO,AR,72657,M,Y,24000,5.9243455,0,20
Kwangyoen,Fedou,607,127-1069,PLATTSBURGH,NY,12901,S,Y,68500,4.350457,0,1000
Takamoto,Dongha,210,191-1836,ABILENE,TX,79602,S,Y,86500,0.0,0,0
Etsuya,Nishanov,202,133-1627,WASHINGTON,DC,20223,S,Y,25500,7.9875,1370,1370
Kyoo,Lance,435,113-1886,SANTAQUIN,UT,84655,S,Y,48500,7.0,2475,2475
Hitofumi,Brotman,847,100-1596,CYPRESS,IL,62923,M,N,68500,3.0,0,0
Nicolaos,Angot,307,188-1717,EVANSVILLE,WY,82636,M,Y,17500,0.0,0,0
Thiagarajan,Dimitroff,205,118-1071,IRVINGTON,AL,36544,S,Y,12000,5.0,1500,300
Amanda,Cazalens,551,166-1264,MADISON LAKE,NJ-typoGA,7851,M,Y,34500,1.628677,0,1500
Lide,Nemetz,224,195-1552,DOWNERS GROVE,IL,60516,S,Y,72500,3.0,2000,2000
Fanica,Streitz,701,135-1732,WILDROSE,ND,58795,M,N,96500,2.8743622,0,0
Teruaki,Kasi,205,103-1176,ENTERPRISE,AL,36331,S,Y,76500,5.0,1500,300
Shooichi,Prieur,978,134-1653,EASTON,MA,2334,S,Y,79000,5.3,3575,1000
Jent,Arizio,740,170-1540,ALMONT,IA,45069,M,Y,86000,3.4007845,0,1300
Cay,Trudel,202,115-2036,WASHINGTON,DC,20018,S,N,50500,9.0,1370,0
Lawrence,BaronLaurie,918,155-1912,PONCA CITY,OK,74601,M,N,76500,6.25,0,0
Tsuneo,Cooperband,678,177-1707,ALPHARETTA,GA,30022,S,Y,12500,6.0,2700,3000
Alvy,Vaitis,307,167-1583,MANDERSON,WY,82432,M,Y,79000,0.0,0,0
Imara,Behm,504,105-1025,MOREAUVILLE,LA,71355,M,N,30000,6.0,0,0
Yki,Rahmeh,302,169-1974,WILMINGTON-typoHARTMAN,GA,19885,S,N,10500,2.575,110,0
Gudula,Rodman,414,178-1071,ROSENDALE,WI,54974,M,N,67000,5.6105385,0,0
Hidehito,Ashton,704,149-1706,DALLAS,NC,28034,S,Y,36500,6.498252,3300,3300
Ludomir,Hruby,845,150-1953,CARLE PLACE,NY,11514,S,N,71000,4.364939,0,0
Birol,Prodrodmidis,248,101-1754,JACKSON,MI,49204,S,N,52000,3.9,3100,0
Sukho,Juvin,270,127-1920,COLUMBIA-typoNORTH FORT MYERS,KY-typoCT,42728,S,N,95000,6.0,20,0
Sitt,Poythress,860,150-1804,PLANTSVILLE,CT,6479,S,Y,56500,5.0,12750,0
Icel,Dervos,202,101-1148,PARCEL RETURN SERVICE,DC,56904,S,Y,74000,9.0,1370,1370
Sizheng,Goil,307,141-1992,CLEARMONT,WY,82835,M,Y,44000,0.0,0,0
Nectaria,Streng,203,152-1873,OAKVILLE,CT,6779,S,N,38500,5.0,12750,0
Fuqing,Machesky,443,161-1156,HUNT VALLEY,MD,21031,M,N,2000,3.375,0,0
Ettore,McCaskey,207,142-1218,MORRILL,ME,4952,M,N,73000,8.5,0,0
Evan,Denny,812,160-1041,NEW RICHMOND,IN,47967,S,Y,70000,3.4,1000,1000
Sinikka,Muluszynski,907,165-1482,KONGIGANAK,AK,99545,S,N,21500,0.0,0,0
Roberta,Mitchusson,484,181-1621,ATLANTIC,PA,16111,S,Y,98000,3.07,0,0
Marl,Druffel,502,194-1123,FORT KNOX,KY,40122,M,N,88500,6.0,0,0
Basant,Tsotras,270,144-1876,MOOREFIELD,KY,40350,M,N,67000,5.5555553,0,0
Balasubramaniam,Stuempfle,828,146-1002,WINSTON-SALEM,NC,27156,S,Y,22000,6.194056,3300,3300
Heeseok,Kotani,920,104-1571,GREEN BAY,WI,54302,S,Y,7500,4.6,700,400
Jonathan,Burneau,334,100-1678,GADSDEN,AL,35901,M,Y,84000,5.0,0,300
Kensaku,Hambrick,878,151-1036,ZION GROVE,PA,17985,S,N,74000,3.07,0,0
Teruo,Coscia,520,172-2014,PHOENIX,AZ,85030,M,Y,58000,3.6139998,0,2300
Ibibia,Laxer,260,120-1489,INDIANAPOLIS,IN,46259,M,Y,42500,3.4,0,1000
Sandy,Stanger,401,119-1013,PEACE DALE,RI,2883,S,Y,80500,0.0,0,0
Paraskevas,Sloman,865,106-1257,SILERTON,TN,38377,M,Y,3000,0.0,0,0
Joacheim,Larue,406,144-1715,HELENA,MT,59602,S,Y,83500,6.9,1900,1900
Gil,Marietta,615,130-1092,MADISONVILLE,TN,37354,S,Y,17500,0.0,0,0
Demosthenis,Zinoviev,641,173-1694,MANSON,IA,50563,S,N,97000,8.98,40,0
Zhaokeng,Bercovich,612,146-1979,MC GRATH,MN,56350,M,Y,28500,5.7763605,0,3300
Sreerupa,Tamesada,202,115-1120,WASHINGTON,DC,20212,S,N,38500,9.0,1370,0
Janina,Nieuwejaar,860,110-1398,MANSFIELD DEPOT,CT,6251,M,N,54500,5.0,0,0
Satya,Sinicrope,971,136-1965,FLORENCE,OR,97439,M,N,11500,9.0,0,0
ChingYen,Wrigley,775,170-1665,RENO,NV,89521,S,Y,53500,0.0,0,0
Berardina,Lafond,319,174-1661,DES MOINES,IA,50328,M,Y,94500,8.98,0,40
Balachander,Escriba,205,192-1071,FRANKVILLE,AL,36538,M,Y,9000,5.0,0,300
Jeremy,Orengo,860,172-1527,WEST HAVEN,CT,6516,S,Y,66500,5.0,12750,0
Hank,Choobineh,505,141-1884,HOLMAN,NM,87723,S,Y,36000,5.3,3300,3300
Shiva,Staffelbach,949,109-1828,NOVATO,CA,94945,S,N,47500,9.3,87,0
Kwok,Osoba,334,166-1453,BROWNSBORO,AL,35741,S,Y,52000,5.0,1500,300
Jiann,Uesaka,320,143-1792,JACKSON,MN,56143,M,N,82500,7.85,0,0
Halit,Battaiola,939,176-1677,VEGA ALTA,PR,692,S,Y,14000,0.0,0,0
Mercedes,Raufmann,212,114-1805,MADISON LAKE,WV,12306,S,N,37000,4.167988,0,0
Asham,Dave,351,112-2039,BOSTON,MA,2133,M,N,13000,5.3,0,0
Svante,Melkman,240,145-1115,LISBON,MD,21765,S,N,56000,4.75,2400,0
Plamen,Asmussen,502,142-1801,LOUISVILLE,KY,40251,M,N,41500,4.138889,0,0
Rafik,Iciki,603,172-2049,EPSOM,NH,3234,M,Y,47500,0.0,0,0
Chittur,Haberlandt,701,180-1895,STARKWEATHER,ND,58377,M,N,79000,2.6714978,0,0
Kornel,Karg,660,128-1075,HARTMAN,MO-typoMI,64130,S,Y,50500,6.0,2100,1200
Fortune,Clouatre,410,190-1333,BALTIMORE,MD,21275,M,N,26500,4.75,0,0
Jaime,Siprelle,720,124-1378,HUGO,CO,80821,S,Y,6000,4.63,0,0
Tung,Kabuo,214,135-1131,SNYDER,TX,79549,S,N,34000,0.0,0,0
Sonia,Reith,865,165-1557,DOWELLTOWN,TN,37059,S,Y,44000,0.0,0,0
Naji,Cherief,716,193-1523,SAINT JAMES,NY,11780,M,N,95000,4.5039635,0,0
Totadri,Pantano,707,183-1692,LADERA RANCH,CA,92694,M,N,37500,8.361121,0,0
Yariv,Andaleon,650,144-1213,CORONA,CA,92879,M,Y,63000,9.3,0,272
Kazem,Daun,586,148-1859,LA VETA,MI-typoCT,48922,M,N,75000,3.9,0,0
Aneurin,Moilanen,219,159-1838,WARSAW,IN,46581,M,Y,49500,3.4,0,1000
Davood,Haugan,605,190-1913,BIG STONE CITY,SD,57216,S,Y,72500,0.0,0,0
Kongshi,Gnutzmann,302,165-1564,WILMINGTON,DE,19889,S,N,35500,4.2795453,110,0
Gor,Thier,573,185-1802,ALMONT,WV,64423,S,Y,30500,6.0,2100,1200
Yevgeniy,Hagimont,508,162-1671,STERLING,MA,1564,M,N,33000,5.3,0,0
Ethel,Migliorati,406,197-2097,LIVINGSTON,MT,59047,M,Y,52000,6.9,0,1900
Kalique,Bergey,712,129-1300,DERBY,IA,50068,S,N,16500,2.7113304,40,0
Veronik,Recio,251,158-1118,ANDERSON,AL,35610,M,Y,13500,5.0,0,300
Kanchana,Belt,612,111-1129,YOUNG AMERICA,MN,55560,S,N,3500,5.35,3300,0
Imtiaz,Tayara,203,141-1730,YANTIC-typoALMONT,CT-typoMI,6389,M,Y,40000,5.0,0,0
Tihomir,Herbster,401,196-1552,HOPKINTON,RI,2833,S,N,70000,0.0,0,0
Garnik,Levenshtein,302,108-1371,WILMINGTON,DE,19802,S,N,42000,4.7227273,110,0
Yuhong,Pinker,646,183-1477,WATERPORT,NY,14571,S,Y,47000,4.2259145,0,1000
Jarkko,Vigoda,787,187-1661,BAYAMON,PR,961,M,Y,10000,0.0,0,0
Joanthan,Staab,507,197-2012,MINNEAPOLIS,MN,55474,S,Y,64000,7.670704,3300,3300
Adina,Buchanan,740,105-1159,YOUNGSTOWN,OH,44502,M,Y,98000,3.7991233,0,1300
Attahiru,Burston,321,119-1681,GAINESVILLE,FL,32607,S,Y,90000,0.0,0,0
Shinobu,Scanlan,808,117-1572,HAWI,HI,96719,S,Y,51500,8.25,1040,1040
Jordan,Rajamony,207,138-1599,JONESBORO,ME,4648,M,Y,55500,8.5,0,2850
Hichul,Ajjanagadde,773,114-1334,NORRIS,IL,61553,S,N,74500,3.0,2000,0
Masaya,Gurov,970,113-1982,HOLYOKE,CO,80734,M,Y,84000,4.63,0,0
Dileep,Minsker,303,197-1327,SNYDER,CO,80750,M,N,26000,4.63,0,0
Marnix,Bloedorn,763,191-1957,MINNEAPOLIS,MN,55439,M,N,25000,5.5895944,0,0
Preston,Matsuyama,516,121-1150,BRANT LAKE,NY,12815,M,Y,15000,4.040549,0,1000
Jane,Barbacci,605,121-1590,PICKSTOWN,SD,57367,M,N,31500,0.0,0,0
Nicolae,Kawakami,770,178-1336,SYCAMORE,GA,31790,M,N,69500,6.0,0,0
Ruixin,Yeun,479,140-1902,BARTON,AR,72312,M,N,81500,7.0,0,0
Spyrose,Coven,302,178-1744,REHOBOTH BEACH,DE,19971,M,N,84500,5.95,0,0
Viviana,Ursu,228,121-1329,MAGNOLIA,MS,39652,S,Y,52500,5.0,6000,1500
Krishnaprasad,Paillier,208,199-1621,FENN,ID,83531,M,N,76000,7.8,0,0
Tadashi,Scalabrin,202,127-1414,WASHINGTON,DC,20520,S,N,29500,8.887501,1370,0
Weizhen,Schapire,478,128-1972,HOGANSVILLE,GA,30230,S,Y,3000,2.8000002,2700,3000
Huai,Miene,770,167-2035,LINDALE,GA,30147,M,N,60000,6.0,0,0
Selwyn,Rosti,615,110-1131,GAINESBORO,TN,38562,M,N,62000,0.0,0,0
Dekai,Spier,843,186-1549,LODGE,SC,29082,S,Y,50000,7.0,3300,3300
Nobuko,Velardi,320,138-1017,MINNEAPOLIS,MN,55445,S,Y,97000,7.85,3300,3300
Farooq,Martella,228,109-2092,MCCOMB,MS,39648,S,Y,94000,5.0,6000,1500
Zhaoqian,Blackaby,262,126-1270,SHAWANO,WI,54166,M,Y,77500,5.7929773,0,400
Akeo,Dorrscheidt,216,164-1429,LIMA,OH,45805,M,N,56000,2.4049387,0,0
Zalman,Shepherdson,401,103-1099,WARWICK,RI,2886,M,Y,81500,0.0,0,0
Garret,Aczel,404,192-1559,COOLIDGE,GA,31738,M,Y,37500,6.0,0,3000
Aleksei,Massoumi,218,197-1889,FARWELL,MN,56327,M,N,58000,7.3505335,0,0
Egidio,Rajanarayanan,307,124-1655,MORAN,WY,83013,S,Y,36500,0.0,0,0
Justinian,Karasan,308,109-1689,ELMWOOD,NE,68349,S,Y,85500,6.84,103,103
Yeona,Tani,727,136-2016,SAINT JAMES CITY,FL,33956,M,Y,74500,0.0,0,0
Millist,Adorno,406,159-1092,MISSOULA,MT,59804,S,N,68000,6.9,1900,0
Chihping,Kartik,270,160-1139,FT MITCHELL,KY,41017,M,Y,94000,6.0,0,20
Florence,Losch,224,151-1069,PIERRON,IL,62273,S,N,71000,3.0,2000,0
Eila,Farrow,620,107-1797,MOUND CITY,KS,66056,S,Y,24000,5.27,2250,2250
Orly,Plesums,440,190-1323,LAKEVILLE,OH,44638,M,Y,50500,2.2223668,0,1300
Pieter,Stefano,812,123-1950,SOUTH BEND,IN,46699,S,N,33500,3.4,1000,0
Michiro,Rachev,518,180-1404,BUFFALO,NY,14218,S,Y,30000,4.127439,0,1000
Aino,Farhi,219,136-1921,BEDFORD,IN,47421,M,N,36000,3.4,0,0
Hideto,Neiman,334,185-1357,HARTMAN,NV,36482,M,Y,29500,5.0,0,300
Ashim,Porenta,802,121-1545,MONTGOMERY CENTER,VT,5471,M,Y,12000,3.6,0,3300
Zavid,Anlauff,207,199-1804,DEER ISLE,ME,4627,S,N,81000,8.5,2850,0
Chirag,Promfett,509,106-1022,COPALIS CROSSING,WA,98536,S,Y,70500,0.0,0,0
Mang,Pearce,605,148-1952,FRANKFORT-typoNORTH FORT MYERS,SD-typoGA,57440,S,N,24000,0.0,0,0
Maroin,Lovato,203,132-1004,HARTFORD,CT,6115,M,Y,35000,5.0,0,0
Colette,Hajnal,208,188-1390,GRANGEVILLE,ID,83530,S,Y,43500,7.8,3300,3300
Rusti,Yamagami,606,117-1964,LOWES,KY,42061,M,Y,21000,3.0,0,20
Alaa,Duval,209,157-1460,ANDERSON,CA,96007,M,Y,13000,2.5772314,0,272
Phenil,Wessel,307,175-1679,MERIDEN,WY,82081,S,N,26000,0.0,0,0
Rayond,Constantineau,248,141-1441,RUMELY,MI,49826,S,N,30500,3.9,3100,0
Fujie,Varner,775,117-1778,ALMONT,NV-typoIA,88905,S,N,35500,0.0,0,0
Edith,Corazza,443,125-1117,DARLINGTON,MD,21034,S,Y,71000,4.75,2400,2400
Sooyong,Abelha,704,180-1367,MAGGIE VALLEY,NC,28751,M,N,54000,6.8653846,0,0
Fredeic,Moscato,716,143-1704,SODUS,NY,14551,S,N,500,4.0,0,0
Masamitsu,Lavie,351,190-1816,EAST TAUNTON-typoMADISON LAKE,MA-typoGA,2718,S,Y,13500,5.3,3575,1000
Haoxun,Houghland,605,114-1521,KYLE,SD,57752,S,Y,56000,0.0,0,0
Haluk,Bitar,870,110-1253,KNOXVILLE,AR,72845,M,N,20500,5.0877256,0,0
Niranjan,Castro,772,136-1305,DAYTONA BEACH,FL,32116,M,Y,92500,0.0,0,0
Gurudatta,Jagannathan,717,148-1122,PITTSBURGH,PA,15273,M,N,12000,3.07,0,0
Bernad,Kandogan,520,167-1382,NORTH FORT MYERS,AZ-typoGA,85301,S,Y,75500,3.88525,2100,2300
Cetin,Agmon,318,157-1886,SULPHUR,LA,70665,M,N,85500,6.0,0,0
Ousmane,Friesen,862,104-1040,ELIZABETH,NJ,7201,S,N,44500,1.7863854,1000,0
Tsukasa,Yabe,435,107-1639,CIRCLEVILLE,UT,84723,M,N,59500,7.0,0,0
Raymoond,Berrisford,870,192-1408,WEST MEMPHIS,AR,72301,M,Y,61000,7.0,0,20
Nobuyoshi,Grems,802,175-1812,CONCORD,VT,5824,M,Y,69500,4.3878603,0,3300
Gautum,Blokdijk,940,179-1560,BAILEY-typoNORTH FORT MYERS,MI,75413,S,Y,48500,0.0,0,0
Alexandros,Lagarias,706,128-1068,REIDSVILLE,GA,30499,S,Y,58500,6.0,2700,3000
Mitsunori,Kadhim,228,194-1901,ANGUILLA,MS,38721,M,Y,9000,4.6,0,1500
Cesur,Brakmo,801,103-1362,PARK VALLEY,UT,84329,S,N,92500,7.0,2475,0
Maisa,Bellairs,207,118-1510,BATH,ME,4530,S,N,35500,8.5,2850,0
Yaoqing,Glymidakis,208,190-1023,LOWMAN,ID,83637,M,Y,88500,7.8,0,3300
Anthong,Merkl,603,195-1118,RANDOLPH,NH,3593,M,N,20000,0.0,0,0
Munehiko,Kourai,708,182-1315,ELLERY,IL,62833,S,Y,56500,3.0,2000,2000
Liang,Sillion,563,107-1614,ARLINGTON,IA,50606,S,N,89000,8.98,40,0
Gregoire,Llaberia,219,160-1688,ANDERSON,IN,46012,M,Y,2000,3.4,0,1000
Gregory,Jushchenko,864,124-1250,NORTH CHARLESTON,SC,29405,M,N,61000,7.0,0,0
Radharamanan,Guerreiro,334,164-1497,BIRMINGHAM,AL,35295,S,Y,94000,5.0,1500,300
Elenora,Abayan,405,188-1690,ANTLERS,OK,74523,M,N,24500,6.25,0,0
Motohide,McDonnell,304,124-1086,HUNTINGTON,WV,25718,M,Y,72500,6.5,0,2000
Peing,Regli,808,141-1548,PEPEEKEO,HI,96783,M,Y,72500,8.25,0,1040
Kiyotoshi,Asperti,918,164-1920,WAKITA-typoMADISON LAKE,WV,73771,S,N,58500,6.25,1000,0
Palash,Tsiknakis,319,157-1279,RIVERSIDE,IA,52327,S,Y,65500,8.98,40,40
Seong,Summann,401,167-1992,ASHAWAY,RI,2804,M,N,13500,0.0,0,0
Phipps,Seppanen,603,101-1876,INTERVALE-typoHARTMAN,NH-typoNV,3845,M,N,49500,0.0,0,0
Claus,Iochpe,404,153-1583,ATLANTA,GA,30328,M,N,31000,6.0,0,0
Andries,Capani,801,132-1802,ELSINORE,UT,84724,M,Y,57000,7.0,0,2475
Jignesh,Shinozawa,585,124-1271,WELLS BRIDGE,NY,13859,S,N,94500,4.501067,0,0
Kourosh,Vieth,678,193-1500,COVINGTON,GA,30015,S,Y,80000,6.0,2700,3000
Becky,Blackall,769,175-1538,MONTPELIER,MS,39754,S,Y,64500,5.0,6000,1500
Gurushankar,Daescu,304,194-1432,MINERAL WELLS,WV,26150,M,Y,7000,3.0,0,2000
Itay,Serna,802,151-1155,COLCHESTER,VT,5449,M,N,85000,4.69624,0,0
Kahlil,Tamm,615,138-1152,DANDRIDGE,TN,37725,M,N,74000,0.0,0,0
Yolla,Gusat,304,197-1388,ORMA,WV,25268,M,N,85000,6.5,0,0
Lorenz,Kaminka,913,128-1734,LAWRENCE,KS,66044,S,N,76000,6.45,2250,0
Wanping,Seuren,229,113-1254,NELSON,GA,30151,M,N,26500,6.0,0,0
Motoki,Facello,207,188-1639,SOUTH BRISTOL,ME,4568,M,Y,43000,8.5,0,2850
Bas,Pierre,202,114-1043,WASHINGTON,DC,20500,M,N,15500,5.7375,0,0
Wijesuriya,Basler,304,143-1253,SUMMERSVILLE,WV,26651,M,N,100000,6.5,0,0
Ard,Kask,703,162-1708,RECTORTOWN,VA,20140,M,N,46500,5.75,0,0
Taemin,Guttler,803,105-1093,LAURENS,SC,29360,M,N,88500,7.0,0,0
Yew,Certaine,515,101-1944,INWOOD,IA,51240,M,N,29000,4.641054,0,0
Sachiko,Niamir,307,170-1800,CHUGWATER,WY,82210,M,Y,32500,0.0,0,0
Willi,Daga,402,115-1542,HARTMAN,NE-typoCT,68844,M,Y,72000,6.84,0,103
Paolino,Werthner,702,138-1591,LAS VEGAS,NV,89107,S,Y,58500,0.0,0,0
Suzan,Ambrosetti,910,143-1059,RALEIGH,NC,27608,S,N,35500,6.477273,3300,0
Ryoji,Schmitz,205,196-1262,SCOTTSBORO,AL,35769,S,Y,66000,5.0,1500,300
Elliot,Bouloucos,484,121-1112,ERNEST,PA,15739,M,N,4000,3.07,0,0
Jim,Bijlsma,512,127-1869,SACUL,TX,75788,S,N,11500,0.0,0,0
Toshiharu,Guenter,443,156-1189,BALTIMORE-typoMADISON LAKE,MD-typoNV,21283,S,N,9500,4.75,2400,0
Miche,Costilla,208,192-1237,REUBENS,ID,83548,S,Y,59000,7.8,3300,3300
Fox,Heggernes,412,103-1980,MARKLETON,PA,15551,M,N,80500,3.07,0,0
Sakari,Jokiniemi,973,156-1805,CARTERET,NJ,7008,S,N,49000,1.8573542,1000,0
Kincade,Nadella,253,106-1147,SPOKANE,WA,99223,M,Y,29500,0.0,0,0
Yuyan,Lotfi,401,120-1866,WARWICK,RI,2888,M,Y,23500,0.0,0,0
Marty,Vongsathorn,605,111-1587,ARTESIAN,SD,57314,M,N,32500,0.0,0,0
Ashesh,Plat,318,119-1644,NEW ORLEANS,LA,70175,S,Y,95500,6.0,4500,1000
Yiwen,Gonzalez,240,158-1006,SECRETARY,MD,21664,M,N,12500,4.75,0,0
Zuwang,Desmedt,808,147-1631,HALEIWA,HI,96712,S,N,13500,3.4730263,1040,0
Avinash,Schreier,208,157-1478,STANLEY,ID,83278,S,N,22000,7.5161304,3300,0
Rabi,Yanover,318,191-1010,MOREAUVILLE,LA,71355,S,N,500,2.0,4500,0
Rinsjel,Flatebo,580,145-1381,LA VETA,OK-typoIA,74852,S,Y,81000,6.25,1000,1000
Shyamala,Sharrock,216,177-1212,DAYTON,OH,45405,M,N,58000,2.4713283,0,0
Qingxun,Woehl,307,183-1273,CROWHEART,WY,82512,M,N,91000,0.0,0,0
Sovanna,Summann,412,107-1673,MAINESBURG,PA,16932,M,N,90500,3.07,0,0
Inaki,Kass,401,146-1419,WAKEFIELD,RI,2880,S,Y,49000,0.0,0,0
Yihua,Punnekkat,307,132-1053,RALSTON,WY,82440,M,Y,43000,0.0,0,0
Zohel,Schroff,870,175-1306,AMAGON,AR,72005,M,Y,73500,7.0,0,20
Bon,Winograd,603,170-1004,EPSOM,NH,3234,M,Y,14500,0.0,0,0
Hubertus,Rauh,631,105-1585,MONROE,NY,10950,S,Y,96000,4.509756,0,1000
Kenan,Mynatt,978,138-1742,ABINGTON,MA,2351,M,N,47000,5.3,0,0
Jano,Raoux,207,176-1768,TOPSFIELD,ME,4490,M,N,57000,8.5,0,0
Jernej,Olagunju,818,116-1387,PASADENA,CA,91114,M,Y,75500,9.3,0,272
Elvis,Piloty,260,145-1717,FAIRMOUNT-typoMADISON LAKE,IA,46928,S,Y,19000,3.4,1000,1000
Oscal,Chubb,603,123-1433,WEST LEBANON,NH,3784,M,N,57000,0.0,0,0
Anya,Bernhard,501,147-1989,NORFORK,AR,72659,S,Y,88000,7.0,20,20
Haixun,Waterman,913,194-1086,DOVER,KS,66420,S,N,54500,6.45,2250,0
Kayo,Peak,430,176-1788,WILLS POINT,TX,75169,S,Y,45000,0.0,0,0
Emden,Houtekamer,808,110-1149,KALAUPAPA,HI,96742,M,N,88000,8.25,0,0
Fumiyasu,Gilford,208,185-2031,SUN VALLEY,ID,83353,S,N,43000,7.8,3300,0
Sharon,Hartfield,208,195-1508,TWIN FALLS,ID,83301,S,Y,4500,2.548409,3300,3300
Jurjen,Detro,516,158-1487,MEDUSA,NY,12120,S,N,61500,4.3099084,0,0
Hanne,Kumaresan,939,199-1826,LA PLATA,PR,786,S,N,51500,0.0,0,0
Haklin,Salverda,678,142-1280,LUDOWICI,GA,31316,S,N,40000,6.0,2700,0
Padmashree,Moharir,214,117-1402,MONTALBA,TX,75853,S,N,28500,0.0,0,0
Wonchan,Austing,763,120-1139,GRAND MEADOW,MN,55936,M,N,30000,5.8564034,0,0
Manoel,Bittan,410,163-1329,ANNAPOLIS,MD,21405,M,N,5500,4.75,0,0
Antonis,Wotawa,731,199-1404,KINGSPORT,TN,37669,S,Y,19500,0.0,0,0
Annegret,Dunham,802,154-1897,ALBURGH,VT,5440,S,Y,7000,3.6,3300,3300
Nazanin,Gourishankar,857,117-1050,ROYALSTON,MA,1368,S,N,82000,5.3,3575,0
Bruch,Reeds,443,180-1039,MASSEY,MD,21650,S,N,77500,4.75,2400,0
Raqui,Lukaszewicz,570,106-1621,UNIONVILLE,PA,19375,S,N,47000,3.07,0,0
Ondrej,Danecki,201,172-1594,MAPLE SHADE,NJ,8052,M,Y,69000,2.1727707,0,1500
Watani,Kopecky,641,103-1446,PRAIRIE CITY,IA,50228,M,Y,79000,8.98,0,40
Nozomu,Albuquerque,808,145-1385,HONOLULU,HI,96821,M,N,36500,7.619079,0,0
Hoon,Haining,804,181-1217,HENRICO,VA,23288,S,N,76000,5.75,900,0
Constantin,Yonezaki,248,172-1619,NORTH FORT MYERS,MI-typoIA,49257,S,Y,60000,3.9,3100,3100
Firoz,Louly,907,189-1753,ANCHORAGE,AK,99511,M,N,87500,0.0,0,0
Sayed,Khoshnevisan,843,127-2028,WEST COLUMBIA,SC,29172,S,Y,77500,7.0,3300,3300
Sanjay,Borrowman,740,173-1027,COLUMBUS,OH,43221,M,N,97000,3.7659283,0,0
Hercules,Kaur,404,156-1120,ALTO,GA,30596,S,Y,44500,6.0,2700,3000
Uresh,Monkewich,351,187-1597,LYNN,MA,1905,M,Y,29000,5.3,0,1000
Rachel,Bergner,765,115-1824,PINE VILLAGE,IN,47975,M,N,45000,3.4,0,0
Kumud,Behrendt,435,126-1687,FOUNTAIN GREEN,UT,84632,M,N,4000,6.573594,0,0
Kuo,Adorno,267,177-1077,QUAKERTOWN,PA,18951,S,N,26500,3.07,0,0
Yukiyasu,Herman,203,170-1785,CORNWALL BRIDGE,CT,6754,S,N,56500,5.0,12750,0
Christophe,Prabhakar,917,193-1655,SOUTH PLYMOUTH,NY,13844,M,N,77500,4.402591,0,0
Mayuri,Regev,863,140-1809,LEESBURG,FL,34788,S,Y,39500,0.0,0,0
Rabab,Balakrishnan,701,134-1677,FORTUNA,ND,58844,M,Y,32500,2.1324582,0,3300
Paulette,Silcott,304,186-1332,MALLORY,WV,25634,M,Y,50500,5.835,0,2000
Hidehisa,Deringer,304,137-1429,POND GAP,WV,25160,M,Y,85500,6.5,0,2000
Carmen,Kohri,808,122-1064,HONOLULU,HI,96819,S,N,54000,8.25,1040,0
Amani,Herlea,603,137-1329,PITTSBURG,NH,3592,S,N,66000,0.0,0,0
Kon,Berard,228,106-2051,POTTS CAMP,MS,38659,M,N,75000,5.0,0,0
Zeger,Abdellatif,505,186-2082,SANTA CLARA,NM,88026,S,Y,51500,5.3,3300,3300
Claude,Birchard,505,139-1257,DIXON,NM,87527,S,Y,12000,3.9285717,3300,3300
Renator,Farines,603,134-1316,BATH,NH,3740,S,N,59000,0.0,0,0
Cristian,Olano,808,186-1446,PUUNENE,HI,96784,M,N,40500,8.25,0,0
Viliam,Rick,803,191-1747,HARTMAN,SC-typoWV,29021,S,N,65000,7.0,3300,0
Qinru,Azadmanesh,270,110-1571,LOUISVILLE,KY,40215,S,Y,27500,3.3611112,20,20
Margaretha,Loffredo,260,110-1734,HURON,IN,47437,S,N,1500,3.4,1000,0
CPT,Noonan,225,185-1827,BURAS,LA,70041,M,Y,51000,6.0,0,1000
Gonzalo,Chenney,262,119-1379,MILWAUKEE,WI,53218,M,N,96500,6.123105,0,0
Hessam,Aldous,706,152-1392,STILLMORE,GA,30464,S,Y,90000,6.0,2700,3000
Gio,Keck,402,124-2004,SUTHERLAND,NE,69165,M,N,98000,6.84,0,0
Pius,Speek,917,115-1424,WAYNE,NY,14893,M,N,43000,4.202744,0,0
Borislav,Bodik,763,187-1957,COLD SPRING,MN,56320,M,N,50000,6.9236393,0,0
Kumiko,Montelius,785,191-1535,KANSAS CITY,KS,66102,M,N,79500,6.45,0,0
Edil,Flouret,912,132-1482,MACON,GA,31201,S,Y,74000,6.0,2700,3000
Toni,Noack,603,104-2092,DUNBARTON,NH,3046,S,Y,20000,0.0,0,0
Hosaker,Haugan,712,119-1495,RANDALL,IA,50231,S,Y,80500,8.98,40,40
Friederike,Stark,775,188-1854,LAS VEGAS,NV,89102,S,Y,76000,0.0,0,0
Agostino,Devore,702,113-1827,LAS VEGAS,NV,89152,M,N,40500,0.0,0,0
Mabo,Spampinato,734,176-1937,MADISON LAKE,GA,49262,S,N,86500,3.9,3100,0
Wilfried,Anjum,302,196-2051,SMYRNA,DE,19977,S,N,96000,5.95,110,0
Ruud,Perring,406,123-1507,FORSYTH,MT,59327,S,N,34000,6.9,1900,0
Sasikumar,Renner,580,109-1962,COLONY,OK,73021,S,Y,55500,6.25,1000,1000
Zhixing,Stornetta,803,101-1374,NORTH FORT MYERS,WV,29073,M,Y,44000,7.0,0,3300
Yildiray,Gestri,417,173-1369,SAINT LOUIS,MO,63115,M,N,29500,6.0,0,0
Vittorio,Collett,660,188-2013,LEES SUMMIT,MO,64081,M,N,8000,5.4375,0,0
Suraj,Gorzig,715,139-1742,BIRCHWOOD,WI,54817,S,Y,98000,6.1491675,700,400
LouAnna,Razavi,540,193-2053,HARBORTON,VA,23389,M,Y,75500,5.75,0,900
Geereddy,Donath,314,192-1855,POLK,MO,65727,M,N,80000,6.0,0,0
Sanjoy,Degtyarev,207,184-1301,SEARSMONT,ME,4973,M,Y,15500,7.1952558,0,2850
Yimeng,Mitsuhashi,928,134-1606,PEORIA,AZ,85380,M,Y,72500,3.83875,0,2300
Ramiro,Potthoff,715,181-1635,SOUTH RANGE-typoMADISON LAKE,WI-typoIA,54874,S,N,38000,5.106659,700,0
Carron,Venkitaraman,425,110-1863,ALLYN,WA,98524,S,Y,27000,0.0,0,0
Maneesh,Noah,307,127-1125,LARAMIE,WY,82071,M,N,97500,0.0,0,0
Reinder,Kermode,870,163-1411,HOXIE,AR,72433,S,Y,18500,4.609657,20,20
Shashi,Jelonek,650,186-1585,MONTEREY,CA,93944,M,N,19000,3.993694,0,0
Kauko,Loevenich,702,132-2079,NORTH LAS VEGAS,NV,89033,M,Y,31500,0.0,0,0
Soumitra,Vignes,386,147-1023,LIVE OAK,FL,32064,M,Y,100000,0.0,0,0
Tianxu,Nose,351,132-1857,NORTHBOROUGH,MA,1532,S,N,63000,5.3,3575,0
Deepak,Thiem,425,144-2016,GOLD BAR,WA,98251,S,N,25000,0.0,0,0
Saul,Xiaoshan,406,194-2072,NYE,MT,59061,M,N,26000,6.9,0,0
Liane,Mutoh,910,113-1729,MARBLE,NC,28905,M,N,92000,7.662587,0,0
Ulf,Angele,860,107-1172,BETHLEHEM,CT,6751,M,N,35000,5.0,0,0
Sungkil,Fontan,724,136-1376,WAPWALLOPEN,PA,18660,M,Y,70000,3.07,0,0
Soren,Minas,435,143-1385,KINGSTON,UT,84743,S,N,45500,7.0,2475,0
Belen,Bina,804,147-1081,COPPER HILL,VA,24079,M,Y,24500,5.75,0,900
Niki,Pagnutti,240,199-1749,MOUNT SAVAGE,MD,21545,S,Y,86000,4.75,2400,2400
Marinette,Jelonek,541,176-1291,GERVAIS,OR,97026,S,Y,97000,9.0,159,159
Brenton,Claudson,801,112-2050,CANNONVILLE,UT,84718,S,N,7000,7.0,2475,0
Shiva,Nadji,435,130-2049,SOUTH JORDAN,UT,84095,S,Y,90000,7.0,2475,2475
Krishnamoorthy,Scollo,435,194-1230,IVINS,UT,84738,S,N,67500,7.0,2475,0
Panduranga,Nagavamsi,802,198-1629,MARLBORO,VT,5344,M,Y,21500,3.6,0,3300
Fridolin,Marchesini,603,192-1937,GEORGES MILLS,NH,3751,M,N,49000,0.0,0,0
Kok,Andreassen,248,107-1361,CALUMET,MI,49913,M,N,13500,3.9,0,0
Ziya,Monteverde,302,187-1851,BRIDGEVILLE,DE,19933,M,Y,63000,5.95,0,110
Hirendu,Fouss,317,104-2038,WEST LEBANON,IN,47991,S,Y,36500,3.4,1000,1000
Ding,America,939,157-1700,NAGUABO,PR,718,S,Y,46500,0.0,0,0
Insung,Ede,971,104-1846,EUGENE,OR,97402,M,N,75500,9.0,0,0
Chuanti,Corey,406,145-1442,ZORTMAN,MT,59546,M,Y,26000,6.9,0,1900
Yoshitomo,Royce,304,138-1597,CAIRO,WV,26337,S,N,9000,3.0,2000,0
Shintaro,Krzyzanowski,207,187-1929,WINDSOR,ME,4363,M,Y,98000,8.5,0,2850
Aito,Travis,406,196-1841,TEIGEN,MT,59084,S,Y,36500,6.9,1900,1900
Stanislas,Gutleber,763,150-1172,LEONARD,MN,56652,M,N,30500,5.8830843,0,0
Hansruedi,Castellani,307,187-1324,LARAMIE,WY,82073,S,Y,13000,0.0,0,0
Pak,Kreische,870,192-1043,SCOTLAND,AR,72141,M,Y,58500,7.0,0,20
Inger,Arimoto,701,140-1642,SHERWOOD,ND,58782,S,N,17500,2.1,3300,0
Aiko,McAfee,256,129-1138,BEAR CREEK,AL,35543,S,N,1500,3.2,1500,0
Tore,Seiler,270,130-1987,ADAIRVILLE-typoHARTMAN,IA,42202,M,N,24500,3.1944444,0,0
Islam,Cippico,701,157-1135,FARGO-typoLA VETA,ND-typoNV,58109,S,Y,1000,2.1,3300,3300
Joonsoo,Stauduhar,607,136-1728,YONKERS,NY,10702,M,N,78000,4.405488,0,0
Arobinda,Uren,216,163-1268,NORTH GEORGETOWN,OH,44665,M,N,77500,3.1186285,0,0
Lorna,Apsitis,914,126-1518,FORT JOHNSON,NY,12070,S,N,16500,4.0492377,0,0
Nicu,Bergher,206,140-1209,SKAMOKAWA,WA,98647,M,Y,41000,0.0,0,0
Bodonirina,Deriche,215,188-1912,SLATE RUN,PA,17769,M,Y,500,3.07,0,0
Shaji,Clack,513,114-1983,EVANSPORT,OH,43519,S,N,15500,1.0605462,1300,0
Darice,Urbano,715,174-2076,HIGH BRIDGE,WI,54846,M,Y,57500,5.445474,0,400
Simona,Suska,503,122-1980,WHEELER,OR,97147,M,N,13000,9.0,0,0
Carmen,Mendonca,479,157-1518,GRAPEVINE,AR,72057,M,N,71500,7.0,0,0
Garimella,Balkir,703,164-1612,YORKTOWN,VA,23690,M,N,99500,5.75,0,0
Pranava,Arblaster,919,171-1426,MONTEZUMA,NC,28653,S,N,53000,6.8444057,3300,0
Asger,McCaskey,918,162-1980,ORLANDO,OK,73073,M,N,63000,6.25,0,0
Chandramouli,Terwijn,479,126-1454,MIDWAY,AR,72651,S,Y,40500,7.0,20,20
Rodion,Vignollet,203,163-1761,BLOOMFIELD,CT,6002,S,Y,19500,5.0,12750,0
Domenico,Uustalu,734,170-1516,NEW HAVEN,MI,48050,M,Y,91000,3.9,0,3100
Feiyu,Padhye,878,174-1162,MOUNT JEWETT,PA,16740,S,N,6500,3.07,0,0
Hungshiung,Llana,508,116-1148,LENOX,MA,1240,S,Y,36500,5.3,3575,1000
Kyuchul,Costake,443,184-1625,LISBON-typoNORTH FORT MYERS,MD-typoWV,21765,M,Y,81000,4.75,0,2400
Tetsurou,Dijkstra,256,132-1088,NEEDHAM,AL,36915,S,Y,85500,5.0,1500,300
Elie,Ascher,810,132-1791,HARTMAN,MI-typoIA,49878,M,Y,22500,3.9,0,3100
Dudley,Duntsch,719,162-1961,CHEYENNE WELLS,CO,80810,S,N,66500,4.63,0,0
Eiki,Higashino,228,123-1031,UTICA,MS,39175,M,N,66500,5.0,0,0
Shashidhar,Feuerman,406,106-1802,BABB,MT,59411,S,N,70000,6.9,1900,0
Apostol,Schrufer,775,164-1803,RENO,NV,89502,S,Y,20000,0.0,0,0
Gift,Rege,262,101-1722,SAYNER,WI,54560,S,Y,85000,5.9232907,700,400
Ben,Sackman,239,115-1583,ALMONT,WV,34276,S,N,79000,0.0,0,0
Rajkumar,Priest,870,106-1388,OAKLAND,AR,72661,M,Y,36500,7.0,0,20
Sherwood,Gorn,228,127-1861,GAUTIER,MS,39553,M,N,46500,5.0,0,0
Yuhong,Mavronicolas,305,160-1120,CAPE CORAL,FL,33909,S,Y,22000,0.0,0,0
Jaakko,Piela,307,107-1907,CHEYENNE,WY,82002,S,N,23500,0.0,0,0
Narendar,Erez,334,145-1383,MADISON LAKE,AL-typoCT,35552,M,Y,11000,5.0,0,300
Lynnau,Peltason,701,107-1610,FARGO,ND,58105,S,Y,55000,2.3932838,3300,3300
Elliot,Gire,920,106-1347,MADISON LAKE,WI-typoCT,53063,M,Y,77000,5.7842894,0,400
Cassio,Sever,971,172-2010,JUNTURA,OR,97911,M,N,11000,9.0,0,0
Janche,Manegold,512,161-1359,EL PASO,TX,88579,M,Y,93000,0.0,0,0
Yew,Schewe,573,166-1791,MADISON LAKE,MO-typoIA,65286,S,Y,40000,6.0,2100,1200
Umeshwar,Sturmfels,401,179-2086,PROVIDENCE,RI,2903,M,Y,11500,0.0,0,0
Mirjana,Pokoski,848,135-1829,RED BANK,NJ,7709,S,Y,16000,1.4,1000,1500
Judea,Winsborough,801,174-1050,FRUITLAND,UT,84027,M,N,42000,7.0,0,0
Vijay,Protsko,302,138-1845,MILFORD,DE,19963,M,N,15500,2.915909,0,0
Thierry,Aboulnasr,509,126-1373,AIRWAY HEIGHTS,WA,99001,S,Y,68500,0.0,0,0
Florence,Dannevik,318,146-1308,GRETNA,LA,70054,M,Y,53000,6.0,0,1000
Puri,Holager,724,188-1135,BRAVE-typoBEACON FALLS,PA-typoMI,15316,S,N,75000,3.07,0,0
Agnieszka,Horvitz,559,197-1869,LOS ANGELES,CA,90074,M,Y,4000,1.0,0,272
Sreenivas,Dahm,320,184-1879,MINNEAPOLIS,MN,55460,S,N,87500,7.85,3300,0
Haym,Montelius,864,119-1268,COLUMBIA,SC,29290,S,Y,31500,7.0,3300,3300
Kalina,Mateescu,801,162-1791,SAINT GEORGE,UT,84770,S,Y,97500,7.0,2475,2475
Nirad,Haralick,304,192-1287,LEFT HAND,WV,25251,M,Y,70500,6.5,0,2000
Ryoji,Zinoviev,850,166-1238,LAKE HAMILTON,FL,33851,S,Y,48000,0.0,0,0
Annedore,Class,937,126-1638,DAYTON,OH,45405,S,N,90000,3.533564,1300,0
Narushige,Prini,574,141-1174,ROCKPORT,IN,47635,M,N,11000,3.4,0,0
Noberto,Bhandari,253,132-1404,SULTAN,WA,98294,S,N,26500,0.0,0,0
Yordan,Peak,843,188-1907,LANE,SC,29564,S,N,28500,7.0,3300,0
Biswa,Lurvey,757,184-1992,LOVINGSTON,VA,22949,S,Y,27000,5.75,900,900
Inien,Witt,410,127-1744,EDGEWOOD,MD,21040,M,N,36000,4.75,0,0
Qingming,Siems,615,130-1057,MADISON LAKE,TN-typoIA,37132,M,N,39000,0.0,0,0
Kerima,Anlauff,423,188-1232,MEMPHIS,TN,38145,M,N,63500,0.0,0,0
Zhenzhou,Welling,646,159-1349,ROOSEVELT,NY,11575,M,Y,94000,4.498171,0,1000
Enno,Zdrahal,304,109-1228,HAYWOOD,WV,26366,S,Y,25000,4.05,2000,2000
Hava,Day,469,117-1101,EL PASO,TX,79924,M,Y,69000,0.0,0,0
Yongwha,Grunupp,769,133-1196,WATER VALLEY,MS,38965,M,Y,62500,5.0,0,1500
Dihua,Michaeli,763,128-1088,CUSHING,MN,56443,S,Y,28500,5.7763605,3300,3300
Ratan,Mankoff,417,152-1163,CENTERVIEW,MO,64019,S,Y,70000,6.0,2100,1200
Vijaj,Rezende,302,186-2071,NEWARK,DE,19712,S,Y,16000,2.95,110,110
Akmal,Kayssi,228,134-2074,SEBASTOPOL,MS,39359,M,Y,51500,5.0,0,1500
Kwan,Hartrumpf,931,149-1828,DOYLE,TN,38559,S,N,91500,0.0,0,0
Shiwei,Devie,347,155-1549,PLAINVILLE-typoNORTH FORT MYERS,NV,13137,S,N,50000,4.243293,0,0
Hoa,Nishizaki,484,166-1943,ABINGTON,PA,19001,M,Y,69500,3.07,0,0
Colette,Verelst,414,117-1110,GERMANTOWN,WI,53022,S,Y,50000,5.3151608,700,400
Masakatu,Crelier,509,180-1643,TACOMA-typoALMONT,WA-typoNV,98416,M,N,40000,0.0,0,0
Jois,Sekaran,802,169-1455,ALBANY,VT,5820,M,N,54000,4.0794806,0,0
Tariq,Summers,316,128-1789,ELBING,KS,67041,S,Y,31500,6.45,2250,2250
Shiquan,Silva,580,121-1973,BLANCHARD,OK,73010,M,Y,27500,6.25,0,1000
Shuzo,Cridlig,812,110-1817,VEVAY,IN,47043,S,N,90000,3.4,1000,0
Hellmut,Birtle,509,171-1938,TACOMA,WA,98402,M,Y,22500,0.0,0,0
Kihyun,Haack,334,113-1516,CODEN,AL,36523,S,Y,86500,5.0,1500,300
Piyu,Darbha,414,188-1710,LA VETA,WI-typoNV,53923,M,N,84500,5.914603,0,0
Nevio,Zampieri,304,108-1305,LINDSIDE,WV,24951,S,Y,28000,4.26,2000,2000
Kon,Angebranndt,315,194-1312,NEW YORK,NY,10087,S,N,23000,4.08689,0,0
Asad,Lagarias,208,141-2084,MINIDOKA,ID,83343,S,N,82000,7.8,3300,0
Vinodh,Verster,603,179-1086,CENTER STRAFFORD,NH,3815,S,N,66500,0.0,0,0
Guido,Gronowski,848,148-1484,LAKE HOPATCONG,NJ,7849,M,N,83000,2.3935623,0,0
Pradeep,Etoh,401,131-1923,PROVIDENCE,RI,2907,M,Y,87000,0.0,0,0
Dragomir,Choukair,301,187-2059,CLARKSBURG,MD,20871,S,Y,72500,4.75,2400,2400
Falguni,Dewan,504,153-1103,HOUMA,LA,70361,M,N,62000,6.0,0,0
Eizyu,Stroustrup,410,145-1624,WESTOVER,MD,21890,M,N,67500,4.75,0,0
Dhruva,Kuberka,620,198-2017,OFFERLE,KS,67563,S,N,1500,3.5,2250,0
Kalidou,Naudin,907,141-1759,MARSHALL,AK,99585,M,Y,79500,0.0,0,0
Colleen,Burgert,801,178-1589,ALTAMONT,UT,84001,S,Y,39000,7.0,2475,2475
Toyohiko,Mitsuhashi,573,162-1106,MATTHEWS,MO,63867,M,N,24000,6.0,0,0
Lory,Tzerpos,939,176-1821,SAN JUAN,PR,909,M,N,33000,0.0,0,0
Andras,Reeves,425,133-1528,MATTAWA,WA,99349,S,Y,2000,0.0,0,0
Kamalakar,Slutz,606,155-1910,MOOREFIELD,KY,40350,S,N,23500,3.1388888,20,0
Haiko,Hadfield,307,105-1582,POWELL,WY,82435,S,N,80000,0.0,0,0
Janyce,Jonsson,253,180-1757,RIVERSIDE-typoMADISON LAKE,IA,98849,S,N,73000,0.0,0,0
Daeweon,Zlotek,502,196-1444,LOUISVILLE,KY,40241,M,N,32000,3.6111112,0,0
Bezalel,Prins,606,120-2017,LILY,KY,40740,M,Y,35000,3.7777777,0,20
Juyang,Erol,304,153-1704,ARNETT,WV,25007,S,N,80500,6.5,2000,0
Josina,Sadanandan,507,124-1343,NORCROSS,MN,56274,M,Y,68500,7.85,0,3300
Junping,Board,862,169-2007,SADDLE BROOK,NJ,7663,M,Y,89500,2.4960728,0,1500
Tridas,Boddy,610,139-1096,BELLE VERNON,PA,15012,M,N,7000,3.07,0,0
Gloria,Denecker,304,177-1237,BIM,WV,25021,S,N,13500,3.245,2000,0
Matthew,Murli,907,113-1130,NORTH FORT MYERS,AK-typoWV,99766,M,N,15500,0.0,0,0
Izaskun,Baskin,507,152-1130,LITTLE FALLS,MN,56345,S,N,53000,7.0837245,3300,0
Krishnaiah,Leffler,662,196-1514,CANTON,MS,39046,S,N,89000,5.0,6000,0
Zhili,Gorenstein,253,176-2066,WELLPINIT,WA,99040,S,Y,4500,0.0,0,0
Ziva,Vigier,304,167-1826,WHITE SULPHUR SPRINGS,WV,24961,S,Y,72500,6.5,2000,2000
Masanao,Jutla,918,105-1768,EDMOND,OK,73034,S,Y,32500,6.25,1000,1000
Amin,Rokusawa,443,133-1094,BALTIMORE,MD,21202,M,Y,23500,4.75,0,2400
Ranjit,Luukkainen,202,197-1866,WASHINGTON,DC,20506,S,Y,88500,9.0,1370,1370
Pascal,Khosla,505,143-1691,BLOOMFIELD,NM,87413,S,Y,57000,5.3,3300,3300
Clement,Winter,505,134-1613,ALBUQUERQUE,NM,87113,S,Y,68000,5.3,3300,3300
Carrsten,Siprelle,336,168-1879,WILMINGTON,NC,28408,S,Y,16000,6.068182,3300,3300
Seonghun,Ratel,580,177-1578,ARNETT,OK,73832,S,Y,69500,6.25,1000,1000
Rosalyn,Blackall,772,192-1033,MC DAVID,FL,32568,S,Y,50000,0.0,0,0
Giancarlo,Srihari,304,140-2080,MADISON LAKE,WV-typoIA,26147,S,Y,84000,6.5,2000,2000
Toshiki,Cannon,336,137-1533,MEBANE,NC,27302,M,N,78500,7.3793707,0,0
Bahram,Winsborough,908,143-1880,THOROFARE,NJ,8086,M,Y,80500,2.3541355,0,1500
Kui,Ritzmann,708,188-1316,MOKENA,IL,60448,S,Y,58000,3.0,2000,2000
Abelardo,Cestnik,339,194-1918,MILTON VILLAGE,MA,2187,S,N,69500,5.3,3575,0
Mirjana,Gierl,314,118-2006,KANSAS CITY-typoMADISON LAKE,NV,64170,S,Y,82000,6.0,2100,1200
Yuki,Rivera,918,154-1661,HOLLIS,OK,73550,M,Y,71000,6.25,0,1000
Ramalingam,Habermehl,603,199-1696,MERRIMACK,NH,3054,S,Y,57000,0.0,0,0
Zhigang,Hoang,469,197-1823,MESQUITE,TX,75181,M,Y,90000,0.0,0,0
Colm,Lichtman,785,176-1287,CENTRALIA,KS,66415,M,N,7000,3.5,0,0
Famory,Bashir,802,102-1765,BRATTLEBORO,VT,5302,S,N,40000,3.800944,3300,0
Melanie,Besancenot,559,160-1498,SAN JOSE,CA,95157,M,N,79500,9.3,0,0
Russel,Dasarathy,207,145-1786,HARTMAN,NV,4740,M,Y,26000,8.5,0,2850
Keiichiro,Bol,623,181-1477,FORT MOHAVE,AZ,86427,M,N,13000,2.9164999,0,0
Omri,Thackray,859,158-1223,ALEXANDRIA,KY,41001,S,N,87500,6.0,20,0
Shoichi,Vesel,920,167-1659,ELLISON BAY,WI,54210,S,Y,36500,5.0805964,700,400
Hermina,Subbalakshmi,518,109-1647,NEW YORK,NY,10126,S,N,49000,4.2375,0,0
Pavol,Beun,330,140-2082,RACINE,OH,45771,S,Y,61000,2.5709128,1300,1300
Mohsen,Borgelt,208,127-1360,LOWMAN,ID,83637,S,N,18000,6.380651,3300,0
Henke,Benaini,202,144-1092,LA VETA,DC-typoWV,20539,M,N,53000,9.0,0,0
Leonardo,Cornard,208,191-1850,REXBURG-typoMADISON LAKE,IA,83440,M,Y,22500,7.6580653,0,3300
Arantza,Apt,989,195-1778,MUNGER,MI,48747,M,N,100000,3.9,0,0
Hiro,Shneerson,970,159-1390,ARBOLES,CO,81121,S,Y,19500,4.63,0,0
Lansing,Tennenhouse,702,168-1424,LOGANDALE,NV,89021,M,N,31000,0.0,0,0
Juval,Cleveland,352,156-1372,ARCADIA,FL,34265,S,Y,81500,0.0,0,0
Icel,Parker,304,104-1738,ARTIE,WV,25008,M,Y,18000,3.56,0,2000
Chian,Brochard,208,138-1061,HARRISON,ID,83833,M,Y,63500,7.8,0,3300
Vimla,Asuru,253,110-1356,EVERSON,WA,98247,S,N,74000,0.0,0,0
Gulsen,Hartmann,443,135-1675,INGLESIDE,MD,21644,M,Y,69000,4.75,0,2400
Rossella,Schroff,605,156-1966,ARTESIAN,SD,57314,S,N,45000,0.0,0,0
Sonya,Kantorowitz,406,182-1666,BUTTE,MT,59703,S,Y,82500,6.9,1900,1900
Geereddy,Daum,801,113-1049,SALT LAKE CITY,UT,84144,M,N,56500,7.0,0,0
Wilsin,Slosberg,234,103-1616,CUYAHOGA FALLS,OH,44221,S,Y,33000,1.6414565,1300,1300
Manoj,Ahanger,203,167-1568,WATERFORD-typoHARTMAN,CT-typoGA,6386,S,N,5500,3.0,12750,0
Mamdouh,Rahm,406,129-1067,DE BORGIA,MT,59830,S,Y,31500,6.9,1900,1900
Oriol,Brookson,207,125-1533,CAPE PORPOISE-typoLA VETA,GA,4014,M,N,1500,2.0,0,0
Bogong,Greco,715,157-2055,FRANCIS CREEK,WI,54214,S,N,9500,4.6114674,700,0
Dnnald,Henseler,701,171-2028,MERCER,ND,58559,M,N,21500,2.1,0,0
Zhibin,Lieblein,334,124-1016,HUNTSVILLE,AL,35811,S,Y,12000,5.0,1500,300
Sajal,Cejtlin,813,115-1058,SAINT PETERSBURG,FL,33711,M,Y,83000,0.0,0,0
Hisham,Dekhtjar,860,103-1145,WILLIMANTIC-typoALMONT,CT-typoWV,6226,M,Y,8000,3.0,0,0
Gaofeng,Puerta,303,189-1834,CLIMAX,CO,80429,S,Y,15000,4.63,0,0
Marnix,Katoen,719,105-1541,EDWARDS,CO,81632,M,Y,32500,4.63,0,0
Gerardo,Beutelspacher,802,194-1938,PLYMOUTH,VT,5056,S,N,30000,3.6019895,3300,0
Marit,Sykas,435,100-1773,PARK CITY,UT,84060,M,N,74000,7.0,0,0
Galia,Decuyper,240,105-2001,CASCADE,MD,21719,S,N,43500,4.75,2400,0
Maz,Furlanello,787,198-1318,RIO BLANCO,PR,744,M,Y,71500,0.0,0,0
Reid,Tournassoud,505,110-1641,NORTH FORT MYERS,NM-typoWV,87049,M,Y,27000,5.3,0,3300
Nari,Katragadda,605,127-1885,REDIG,SD,57776,S,Y,7500,0.0,0,0
Itsuko,Coscoy,202,181-1827,WASHINGTON,DC,20441,M,N,81500,9.0,0,0
Kristof,Wielonsky,605,186-1700,ALMONT,SD-typoIA,57063,S,Y,68500,0.0,0,0
Nava,Zettsu,806,167-1262,CADDO,TX,76429,S,Y,74500,0.0,0,0
Daigo,Hladka,863,120-1265,CAPE CORAL,FL,33915,M,N,70500,0.0,0,0
Venu,Henftling,832,182-1224,HOUSTON,TX,77227,S,N,40500,0.0,0,0
Narjes,Ausiello,919,147-1506,CORDOVA,NC,28330,M,N,72000,7.2430067,0,0
Sooha,Eversberg,513,114-1146,DAYTON,OH,45400,S,N,11000,0.91116923,1300,0
Rivka,Raupp,763,144-2087,GRANITE FALLS,MN,56241,M,N,75500,7.85,0,0
Dongping,Melzer,802,146-1496,GROTON,VT,5046,M,Y,50500,4.0098467,0,3300
Maiko,Calude,308,141-1316,WYNOT,NE,68792,S,N,85500,6.84,103,0
Valeska,Noro,216,171-1163,EMPIRE,OH,43926,M,N,77000,3.1020308,0,0
Danae,Ziavras,513,163-1317,STONE CREEK-typoLA VETA,OH-typoGA,43840,S,Y,42000,1.9402103,1300,1300
Declan,Sollner,803,179-1291,LORIS,SC,29569,M,N,26500,7.0,0,0
Kalyan,Tisdall,203,146-1664,NEW HAVEN,CT,6535,M,N,34000,5.0,0,0
Gulrukh,Boujemaa,802,158-1166,CHARLOTTE,VT,5445,S,Y,31500,3.6318326,3300,3300
Phaiboon,Lamba,256,117-1809,SYLACAUGA,AL,35150,M,N,73500,5.0,0,0
Seongtaek,Musliner,646,185-1401,ALBANY,NY,12224,S,N,32000,4.1390243,0,0
Donanld,Panyam,931,144-1657,MEMPHIS,TN,38150,M,Y,12000,0.0,0,0
Ghassan,Agosti,216,110-1340,SULLIVAN,OH,44880,M,N,22500,1.2929103,0,0
Vwani,Sikka,605,119-1130,LA VETA,WV,57373,M,Y,6000,0.0,0,0
Yasmin,Spirkovska,808,185-1305,OCEAN VIEW,HI,96737,S,Y,3000,1.5802631,1040,1040
Yukihisa,Barreteau,731,106-1636,POWDER SPRINGS,TN,37848,M,Y,37500,0.0,0,0
Marcela,Chweh,843,175-1479,CASSATT-typoMADISON LAKE,SC-typoMI,29032,S,N,63500,7.0,3300,0
Fun,Bao,605,148-1335,MUD BUTTE,SD,57758,M,Y,45500,0.0,0,0
Maryann,Birge,302,186-1783,DOVER,DE,19901,S,Y,18000,3.0863636,110,110
Sharada,Shklar,775,142-1827,LAS VEGAS,NV,89160,M,Y,89000,0.0,0,0
Kerim,Larus,229,195-1762,MADISON LAKE,GA-typoCT,30114,S,Y,64500,6.0,2700,3000
Vimla,Sambasivam,435,107-1829,STERLING,UT,84665,S,Y,13000,7.0,2475,2475
Bevin,Svensson,716,149-1064,CROMPOND-typoHARTMAN,NY-typoNV,10517,M,N,61000,4.307012,0,0
Heuey,Siromoney,270,132-1791,GRACEY,KY,42232,M,N,78500,6.0,0,0
Bozhidar,Steckelberg,203,137-2082,STERLING,CT,6377,S,N,92500,5.0,12750,0
Vasilios,Gutleber,509,124-1879,COWICHE,WA,98923,M,N,16000,0.0,0,0
Carol,Krupka,541,133-1178,BEND,OR,97707,M,N,25500,9.0,0,0
Adele,Matheson,336,117-1557,OAK ISLAND,NC,28465,S,Y,10000,6.0,3300,3300
Xiangjun,Ainhirn,615,102-1439,MITCHELLVILLE,TN,37119,S,N,60000,0.0,0,0
Ricardo,Lundquist,205,126-1347,PINCKARD,AL,36371,M,N,57500,5.0,0,0
Jiawan,Zetterberg,906,188-1351,GRANDVILLE,MI,49418,M,Y,76000,3.9,0,3100
Miroslawa,Hagersten,678,128-1673,ATLANTA,GA,30350,M,N,30500,6.0,0,0
Nevine,Aberg,308,108-1681,BROADWATER,NE,69125,S,N,29000,6.84,103,0
Guhan,Etoh,808,149-1537,M C B H KANEOHE BAY,HI,96863,S,Y,4500,1.8506579,1040,1040
Appie,Anker,602,163-2035,CHANDLER HEIGHTS,AZ,85227,S,N,19000,3.0094998,2100,0
Yongmao,Vajtersic,651,122-1601,JACOBSON,MN,55752,M,Y,39000,6.3366594,0,3300
Hitofumi,Bean,402,166-1634,MILLIGAN,NE,68406,M,Y,6500,3.2881327,0,103
Frances,Reznick,706,137-1268,CHICKAMAUGA,GA,30707,S,Y,46000,6.0,2700,3000
Jinkun,Pfau,760,174-1026,LLANO,CA,93544,S,Y,93000,9.3,87,272
Dipayan,Jakobus,928,196-1132,CASA GRANDE,AZ,85193,S,Y,83500,4.0092497,2100,2300
Enshao,Mitzner,816,168-2046,LONEDELL-typoALMONT,MO-typoGA,63060,S,Y,2500,2.34375,2100,1200
Svante,Bae,386,197-1479,PORT CHARLOTTE,FL,33948,S,Y,74000,0.0,0,0
Jinchang,Ohmoto,479,131-1521,HOT SPRINGS NATIONAL PARK,AR,71914,M,Y,47000,7.0,0,20
Can,Thees,207,112-1231,MEDDYBEMPS,ME,4657,S,N,51000,8.5,2850,0
Noriko,Tolga,312,134-2091,WALSHVILLE,IL,62091,M,Y,10500,3.0,0,2000
Dharma,Poll,901,113-2083,LYLES,TN,37098,M,N,26500,0.0,0,0
Hiroyasu,Videira,310,165-1091,WOODLAKE,CA,93286,M,N,91500,9.3,0,0
Petter,Nissenbaum,307,115-1757,ALADDIN,WY,82710,S,N,8500,0.0,0,0
Irvin,Rebaine,765,171-1868,BICKNELL,IN,47512,S,Y,27000,3.4,1000,1000
Tsunehiro,Purna,505,198-1940,PECOS,NM,87552,M,N,63000,5.3,0,0
Mayank,Nozick,816,152-1026,FARMINGTON,MO,63640,S,Y,61500,6.0,2100,1200
Dongseung,Loewenstein,207,113-1828,OWLS HEAD,ME,4854,S,Y,96500,8.5,2850,2850
Jingsen,Rissanen,843,146-2046,DUNCAN,SC,29391,S,Y,87000,7.0,3300,3300
Noriyuki,Verplaetse,334,103-1562,BELLE MINA,AL,35615,M,Y,1500,3.2,0,300
Ola,Panadiwal,828,157-1112,JULIAN,NC,27283,S,Y,8500,6.0,3300,3300
Rongheng,Lettang,207,147-1652,WINTHROP,ME,4364,S,N,51500,8.5,2850,0
Madge,Tawera,207,181-1764,BIDDEFORD,ME,4005,M,N,73500,8.5,0,0
Zhaofang,Eichhorn,505,140-2031,GRADY,NM,88120,S,Y,42500,5.3,3300,3300
Harpreet,Peuto,302,169-1671,DOVER,DE,19906,S,Y,97500,5.95,110,110
Immanuel,Yfoulis,920,156-1553,STOUGHTON,WI,53589,M,Y,1000,4.6,0,400
Kohichi,Benedek,435,120-1476,HYDE PARK,UT,84318,S,N,84500,7.0,2475,0
Eishiro,Henftling,715,122-1575,BEAVER DAM,WI,53916,M,N,66500,5.6018505,0,0
Xiaomei,Kreuer,303,114-1496,GALETON,CO,80622,S,N,9500,4.63,0,0
Phan,Jeong,862,191-1606,WARREN,NJ,7059,M,Y,54500,1.9440937,0,1500
Kit,Moudgal,808,118-1722,ANAHOLA,HI,96703,S,Y,83500,8.25,1040,1040
Yatsuka,Gente,603,137-1953,DANVILLE-typoALMONT,IA,3819,M,N,33500,0.0,0,0
Gerbert,Baak,775,134-1153,NIXON,NV,89424,M,Y,2000,0.0,0,0
Estanislao,Luttringhaus,740,167-2081,MAYNARD,OH,43937,M,Y,67000,2.770082,0,1300
Janina,Hirokawa,262,187-2009,MILWAUKEE,WI,53223,S,N,13500,4.6809683,700,0
Viviana,Grignetti,603,153-1992,SANBORNVILLE,NH,3872,S,N,37000,0.0,0,0
Pino,Itschner,720,127-2094,FLORENCE,CO,81290,M,Y,8500,4.63,0,0
Banu,Foulk,518,114-1974,ALBANY,NY,12240,S,Y,33500,4.147713,0,1000
Amnon,Haasis,401,132-1645,WEST WARWICK,RI,2893,M,Y,59000,0.0,0,0
Cheng,Backes,401,179-1831,HARTMAN,NV,2877,M,N,81500,0.0,0,0
Wafi,Mozdzynski,623,176-2004,CROWN KING,AZ,86343,M,N,36000,3.273,0,0
Nikfar,Cornell,217,101-1147,CHICAGO,IL,60691,S,N,74000,3.0,2000,0
Simmi,Ekanadham,479,130-1769,POYEN,AR,72128,S,Y,78000,7.0,20,20
Kazuaki,Lavoie,505,102-1349,MILAN,NM,87021,M,N,86000,5.3,0,0
KaiCheng,Schwetman,205,115-2017,ALMONT,AL-typoNV,35207,S,N,68000,5.0,1500,0
Clark,Kadhim,502,148-2034,OAK GROVE,KY,42262,S,N,29500,3.4722223,20,0
Naomi,Doroslovacki,907,131-1635,TENAKEE SPRINGS,AK,99841,M,N,19000,0.0,0,0
Zuwang,Driggers,240,100-1521,WASHINGTON GROVE,MD,20880,M,N,80500,4.75,0,0
Levan,Ylonen,541,186-1471,OPHIR,OR,97464,S,Y,56000,9.0,159,159
Marcelo,Fratarcangeli,321,153-1695,PALM BEACH,FL,33480,M,N,30000,0.0,0,0
Grady,Loncour,253,199-1427,WASHTUCNA,WA,99371,M,N,96000,0.0,0,0
Dhaval,Sembok,308,136-1857,HOMER-typoLA VETA,CT,68030,M,N,71000,6.84,0,0
Houssine,Insfran,808,102-1224,NINOLE,HI,96773,M,Y,22000,5.0052633,0,1040
Winfried,Ber,308,160-1961,SPALDING,NE,68665,S,Y,27500,6.84,103,103
Christipher,Hamblin,817,197-2075,ALIEF,TX,77411,S,N,29500,0.0,0,0
Deryle,Krzesinski,708,189-1748,WOOD RIVER,IL,62095,M,Y,37000,3.0,0,2000
Kaoru,Eyrolle,651,199-1258,GREENBUSH,MN,56726,M,N,15000,5.35,0,0
Sarosh,Wojdyllo,787,141-1704,SAN JUAN,PR,939,S,Y,83000,0.0,0,0
LeRoy,Skowron,208,111-1291,BOISE,ID,83726,M,N,77000,7.8,0,0
Keju,Pitchumani,405,128-1038,FAIRVIEW,OK,73737,S,N,32500,6.25,1000,0
Yoshiki,Roisin,443,120-1383,BETHESDA,MD,20827,M,Y,5500,4.75,0,2400
Berardo,Hoben,303,152-1356,MONTROSE,CO,81402,S,Y,14000,4.63,0,0
Sheetal,Lemarechal,601,154-2065,DUMAS-typoNORTH FORT MYERS,MS-typoIA,38625,S,Y,42000,5.0,6000,1500
Divier,Kirschenbaum,254,190-1920,EL PASO,TX,88520,S,N,45500,0.0,0,0
Gudala,Polster,406,175-1645,HATHAWAY,MT,59333,S,N,35000,6.9,1900,0
Channah,Gusella,603,122-1964,NEWTON JUNCTION-typoNORTH FORT MYERS,NH-typoNV,3859,M,N,43500,0.0,0,0
Kanupriya,Strothotte,351,182-1234,WEST STOCKBRIDGE,MA,1266,S,Y,77000,5.3,3575,1000
Dipti,Schrooten,985,196-1754,FRANKLINTON,LA,70438,M,Y,82500,6.0,0,1000
Shahid,Gilhooly,770,132-2057,RAY CITY,GA,31645,M,N,45500,6.0,0,0
Stevo,Thoresen,334,160-1517,LA VETA,AL-typoWV,36107,S,Y,56500,5.0,1500,300
Win,Malfon,304,178-1081,ELLENBORO,WV,26346,S,N,97000,6.5,2000,0
Lulu,Sigal,770,177-1297,HAMILTON,GA,31811,M,Y,2000,2.0,0,3000
Swami,Noerr,479,141-1109,WISEMAN,AR,72587,S,Y,53500,7.0,20,20
Charalambos,Delchamps,307,122-1962,CHEYENNE,WY,82008,M,N,29500,0.0,0,0
Henrik,Mussi,859,152-1147,PINE RIDGE,KY,41360,M,N,5500,2.1388888,0,0
Dimitros,Chvatal,573,115-1885,LEVASY,MO,64066,M,Y,66500,6.0,0,1200
Valeri,Schwartzburd,701,197-2076,COLUMBUS,ND,58727,M,Y,24500,2.1,0,3300
Anjaneyulu,Pfefferer,803,166-1369,FOLLY BEACH,SC,29439,S,N,23500,7.0,3300,0
Kayhan,Ashton,401,176-1166,PROVIDENCE,RI,2904,M,Y,99000,0.0,0,0
Weiming,VanHilst,770,158-1395,SYLVANIA,GA,30467,M,Y,94500,6.0,0,3000
Shinsaku,Lehar,939,118-1002,PALMER,PR,721,S,N,36500,0.0,0,0
Yonghong,Warkentin,207,126-1367,SUMNER-typoMADISON LAKE,NV,4292,M,Y,68500,8.5,0,2850
Sangjyu,Tichkiewitch,979,150-1471,CENTERVILLE,TX,75833,M,Y,62000,0.0,0,0
Benoit,Gulik,803,165-2032,GREENWOOD,SC,29646,S,Y,29000,7.0,3300,3300
Kanonluk,Radwan,608,170-1485,STRUM,WI,54770,M,Y,68000,5.6279135,0,400
Abdelmalek,McClure,918,163-1095,YUKON,OK,73099,S,Y,70000,6.25,1000,1000
Gwenael,Vollaro,765,190-1402,BROOK,IN,47922,S,N,13500,3.4,1000,0
Sanko,Geske,805,125-1612,BIG OAK FLAT,CA,95305,M,N,10000,1.869,0,0
Photios,Brodner,801,116-1695,MONUMENT VALLEY,UT,84536,M,Y,36500,7.0,0,2475
Haya,Hanover,484,148-1745,COKEBURG,PA,15324,S,N,37000,3.07,0,0
Guangshun,Poncelet,412,140-1272,DANVILLE,PA,17821,S,Y,85500,3.07,0,0
Raschid,Mendonca,304,108-1202,MABEN,WV,25870,S,Y,75500,6.5,2000,2000
Dursun,Suzaki,208,143-1505,NAMPA,ID,83687,M,Y,82000,7.8,0,3300
Karpjoo,Kotidis,907,101-1552,CLEAR,AK,99704,S,Y,88000,0.0,0,0
Pinio,Hemerik,207,145-1961,NORTH FORT MYERS,ME-typoWV,4008,M,N,47000,8.5,0,0
Betty,Sharrock,224,194-1561,BUCKINGHAM,IL,60917,S,Y,36500,3.0,2000,2000
Evgueni,Artola,785,113-1071,PHILLIPSBURG,KS,67661,M,Y,500,3.5,0,2250
Ivailo,Martschew,907,122-1543,NOME,AK,99762,S,Y,60500,0.0,0,0
Tarik,Violard,775,124-1845,LAS VEGAS,NV,89152,M,Y,29000,0.0,0,0
Enrico,Flege,718,149-1271,FRIENDSHIP,NY,14739,M,Y,36500,4.1650915,0,1000
Frankie,Togai,304,197-1152,ORMA,WV,25268,S,Y,54000,6.08,2000,2000
Kukhamay,Detro,202,193-1275,WASHINGTON,DC,20521,M,N,72000,9.0,0,0
Vasant,Vigoda,406,103-1938,ALBERTON,MT,59820,M,N,49500,6.9,0,0
Huimin,Therrien,939,108-1535,LOIZA,PR,772,M,Y,64500,0.0,0,0
Markos,Babcock,803,156-1055,AWENDAW,SC,29429,M,Y,91500,7.0,0,3300
Minjoong,Assaad,401,155-1528,ROCKVILLE,RI,2873,M,Y,6500,0.0,0,0
Krzysztof,Peres,763,181-1747,ALMONT,MN-typoNV,55912,S,N,7000,5.35,3300,0
Evelina,Pilouk,812,133-1734,GREENCASTLE,IN,46135,M,Y,19500,3.4,0,1000
Lukas,Balcazar,808,125-1744,HILO,HI,96721,M,N,82500,8.25,0,0
Bostjan,Xianchang,781,129-1385,PALMER,MA,1069,M,Y,18000,5.3,0,1000
Bassem,Normand,281,108-1817,BEDFORD,TX,76021,M,N,81000,0.0,0,0
JoAnn,Kishida,401,140-1812,NORTH KINGSTOWN,RI,2852,S,Y,38500,0.0,0,0
Yaghout,Hyvonen,630,145-1031,LA ROSE,IL,61541,M,Y,67000,3.0,0,2000
Dejan,Pollock,928,103-1541,SUN CITY,AZ,85351,M,N,22500,3.0637498,0,0
Gardiner,Melanson,319,104-1280,FLORIS,IA,52560,S,N,91000,8.98,40,0
Viktoria,Shinozawa,785,188-1676,FARLINGTON,KS,66734,M,N,45000,6.45,0,0
Lucia,Christmansson,603,180-1361,CONCORD,NH,3303,M,N,60000,0.0,0,0
Sukhmay,Melzer,304,155-2085,LESAGE-typoLA VETA,WV-typoGA,25537,M,N,78500,6.5,0,0
Pieluigi,Mesnard,303,179-2031,COLORADO SPRINGS,CO,80905,M,N,46500,4.63,0,0
Sheldon,McKay,812,158-2022,LIBERTY CENTER,IN,46766,M,Y,29000,3.4,0,1000
Bengt,Millington,928,165-1572,SAINT MICHAELS,AZ,86511,M,N,70500,3.80775,0,0
Richard,Benanav,317,176-1584,STAR CITY,IN,46985,S,Y,46000,3.4,1000,1000
Charalambos,Petri,605,161-1202,HARRISON,SD,57344,S,N,79500,0.0,0,0
Cui,Cantwell,304,157-1327,MADISON LAKE,MI,25776,M,N,13500,3.245,0,0
Jan,Schaub,406,103-1702,GRASS RANGE,MT,59032,M,Y,75000,6.9,0,1900
Beth,Uehara,636,178-1034,ALTON,MO,65606,M,N,81000,6.0,0,0
Sibyl,Carothers,502,187-1451,WOOTON,KY,41776,M,Y,7500,2.25,0,20
Carme,Lovato,939,196-1231,SAN JUAN,PR,928,M,N,35000,0.0,0,0
Suneeta,Malama,330,173-1221,OKOLONA,OH,43550,S,N,84000,3.334395,1300,0
Bani,Greenbaum,516,100-1235,MONTOUR FALLS,NY,14865,S,N,78500,4.4083843,0,0
Gisbert,Hoopen,928,105-1767,TEMPE,AZ,85284,S,N,42000,3.366,2100,0
Surajan,Ursu,605,120-2055,MISSION,SD,57555,M,N,61500,0.0,0,0
Hanpei,Glanzel,701,141-1294,REYNOLDS,ND,58275,S,N,71000,2.5787597,3300,0
Athomas,Peroz,228,159-1971,BATESVILLE,MS,38606,S,N,19500,5.0,6000,0
Love,Gjerlov,636,127-1265,TIFF,MO,63674,S,Y,45500,6.0,2100,1200
Nariankadu,Irland,802,165-1764,LA VETA,VT-typoIA,5867,M,Y,77000,4.5370765,0,3300
Ibrahim,Chamillard,802,153-2087,SPRINGFIELD,VT,5156,M,Y,32500,3.6517282,0,3300
Harrie,Bharadwaj,302,180-1361,FREDERICA-typoNORTH FORT MYERS,DE-typoGA,19946,M,Y,50000,5.268182,0,110
Marguerite,Schmiedel,701,190-1518,FAIRDALE,ND,58229,S,N,95500,2.8627698,3300,0
Kadaba,Phiphobmongkol,203,177-1347,WOODSTOCK,CT,6281,S,N,12000,5.0,12750,0
Betty,Foulk,701,196-1588,PISEK,ND,58273,S,N,78000,2.6599054,3300,0
Yoonsuck,Bus,573,102-1420,KANSAS CITY,MO,64124,M,N,6000,4.3125,0,0
Roni,Baafi,913,199-1591,LA VETA,IA,66720,S,Y,89000,6.45,2250,2250
Arnd,Hasker,870,115-1447,LA VETA,GA,71749,M,Y,99500,7.0,0,20
Hyunki,Vastola,804,195-1293,MERRIFIELD,VA,22116,M,Y,24500,5.75,0,900
Edleno,Spong,601,115-2026,POTTS CAMP,MS,38659,S,Y,24500,5.0,6000,1500
Shalhav,Rauma,909,119-1353,SANTA MARIA,CA,93454,M,Y,43000,9.3,0,272
Channah,Lingard,808,191-1415,HONOLULU,HI,96828,M,N,87500,8.25,0,0
Sanju,Fokker,918,181-1190,MEAD,OK,73449,S,Y,66500,6.25,1000,1000
Seungjong,Pletat,760,171-1451,RED BLUFF,CA,96080,M,Y,53500,9.3,0,272
Ada,Scopinich,410,186-1340,RIDGELY,MD,21686,M,N,24500,4.75,0,0
Gudula,Galand,434,188-2011,OAK HALL,VA,23396,S,N,96000,5.75,900,0
Haigeng,Desel,973,118-1264,CAMDEN,NJ,8102,M,N,9000,1.4,0,0
Yosihisa,Tillich,802,177-1700,FERRISBURGH,VT,5456,S,Y,80500,4.6067104,3300,3300
Lynn,Ghandeharizadeh,618,147-1704,GERMANTOWN,IL,62245,M,N,96000,3.0,0,0
Baudouin,Rety,605,105-1885,LANE,SD,57358,S,N,61000,0.0,0,0
Aviad,Ferriere,858,180-1867,BORREGO SPRINGS,CA,92004,S,Y,89500,9.3,87,272
Biao,Balaguer,606,110-1247,PINE RIDGE,KY,41360,M,N,86000,6.0,0,0
Gihwan,Keirsey,802,147-1048,BARNET-typoHARTMAN,VT-typoMI,5821,M,Y,99500,4.984724,0,3300
Khatoun,Pontow,908,103-1886,HAWTHORNE-typoNORTH FORT MYERS,NJ-typoWV,7507,S,Y,21000,1.4157708,1000,1500
Nobuki,Faris,316,119-1920,WALDO,KS,67673,S,Y,34000,6.45,2250,2250
Kazutaka,Lindgreen,206,192-1924,SEATTLE,WA,98113,S,N,58500,0.0,0,0
Rajiv,Osmon,406,195-1186,HELMVILLE,MT,59843,S,N,54000,6.9,1900,0
Miao,Kurematsu,979,149-1731,EL PASO,TX,79954,S,N,49500,0.0,0,0
Eiichiro,Broer,563,157-1994,BOONE,IA,50099,S,N,48500,7.651424,40,0
Chengqi,Westcott,205,166-1705,CARDIFF,AL,35041,M,Y,67500,5.0,0,300
Siddarth,Riddall,939,131-2094,SAN JUAN,PR,935,S,N,51000,0.0,0,0
Nadezda,Pagnutti,802,130-1220,CHARLOTTE,VT,5445,S,N,84500,4.686292,3300,0
Ennio,Chengzheng,859,198-1170,DRY RIDGE,KY,41035,S,Y,26000,3.2777777,20,20
Svetozara,Belz,361,153-1463,WESTBROOK-typoNORTH FORT MYERS,TX-typoWV,79565,M,N,34500,0.0,0,0
Bluma,Kraiman,217,190-1516,ROSCOE,IL,61073,S,N,95500,3.0,2000,0
Shichao,Stacy,203,184-1604,HARTFORD,CT,6145,M,Y,7000,3.0,0,0
Zeljko,Gugliotta,804,179-1430,PORTSMOUTH,VA,23707,S,N,81000,5.75,900,0
Fumitake,Ishizuka,302,160-2054,CLAYTON-typoNORTH FORT MYERS,DE-typoWV,19938,M,N,70500,5.95,0,0
Nicola,Bra,787,134-1328,SAN JUAN,PR,914,S,Y,500,0.0,0,0
Ryuji,Perez,719,147-1470,ALMONT,IA,81020,M,Y,24500,4.63,0,0
Margriet,d'Astous,862,183-1085,LA VETA,GA,7050,M,Y,71500,2.2121978,0,1500
Agusti,Chweh,787,198-1143,SAN JUAN,PR,936,M,Y,5500,0.0,0,0
Hachemi,Eichstaedt,401,177-1692,BRISTOL,RI,2809,M,N,33500,0.0,0,0
Jonghyun,Mittasch,505,139-1518,QUESTA,NM,87556,S,Y,12000,3.9285717,3300,3300
Sonny,Kayashima,440,142-1599,LEWISBURG,OH,45338,S,Y,39500,1.8572232,1300,1300
Hongwen,Gerlach,270,100-1686,EAST BERNSTADT,KY,40729,M,N,33000,3.6666665,0,0
Yongwon,Hoene,337,137-1069,KRAEMER,LA,70371,M,Y,20500,4.56,0,1000
Tetra,Haddley,812,113-1512,WINCHESTER,IN,47394,S,N,49500,3.4,1000,0
Wenju,Koivo,808,146-2058,KANEOHE,HI,96744,S,Y,75000,8.25,1040,1040
Hany,Skrikant,317,160-1409,SOLSBERRY,IN,47459,M,N,92000,3.4,0,0
Harpal,Gore,435,166-1026,HUNTSVILLE,UT,84317,S,N,28000,7.0,2475,0
Abbas,Tapanainen,563,182-1791,ALMONT,WV,50127,M,Y,70500,8.98,0,40
Pia,Seipel,731,135-2073,NASHVILLE,TN,37246,M,N,27000,0.0,0,0
Masakage,Maffray,425,157-1845,COPALIS CROSSING,WA,98536,S,Y,61500,0.0,0,0
Jacopo,Greibach,636,161-2040,EAGLEVILLE,MO,64442,M,N,66000,6.0,0,0
Nawaaz,Zettel,973,185-1476,STOCKTON,NJ,8559,S,N,6500,1.4,1000,0
Travis,Houtsma,435,166-1750,SALT LAKE CITY,UT,84138,S,Y,99500,7.0,2475,2475
Yogesh,Goodburn,208,153-1014,HOMEDALE,ID,83628,S,N,6000,2.9742136,3300,0
Huai,Sartini,304,121-1779,CLAY,WV,25043,S,N,25500,4.085,2000,0
Shigeaki,Leask,907,168-1796,DUTCH HARBOR,AK,99692,S,Y,31500,0.0,0,0
Luiz,Orphanoudakis,678,123-1748,ATLANTA,GA,30348,S,N,20500,6.0,2700,0
ChengFu,Dain,205,181-1687,BREMEN,AL,35033,M,N,19500,5.0,0,0
Theron,Mittermeir,304,167-1097,MORGANTOWN,WV,26507,M,N,48500,5.6949997,0,0
Hiroaki,Pogrzeba,518,199-1298,LEON-typoLA VETA,NY-typoWV,14751,M,N,33500,4.147713,0,0
Art,Ishii,802,197-1695,WEST BURKE,VT,5871,S,Y,48500,3.9700556,3300,3300
Bonghan,Cheiner,603,159-2069,BETHLEHEM,NH,3574,S,Y,90000,0.0,0,0
Sergui,Skansholm,479,177-1175,EUREKA SPRINGS,AR,72632,S,N,52000,7.0,20,0
Geof,Meyke,803,186-1784,LADYS ISLAND,SC,29907,S,N,86500,7.0,3300,0
Kaylan,Clough,402,186-1245,OMAHA,NE,68104,M,Y,53000,6.84,0,103
Youquan,Zieschang,641,190-1108,HAZLETON,IA,50641,S,Y,44500,7.033912,40,40
Niklas,Pflugrad,567,150-2009,MOUNT ORAB,OH,45154,S,Y,15500,1.0605462,1300,1300
Muruganandan,Almohammad,203,131-1355,HARWINTON,CT,6791,M,Y,72000,5.0,0,0
Shaoyi,Juvin,808,144-2032,WAILUKU-typoHARTMAN,HI-typoNV,96793,M,N,75500,8.25,0,0
Jengchin,Gronowski,802,130-1291,MIDDLEBURY,VT,5753,M,N,72000,4.437599,0,0
Hideo,Gaches,505,102-1090,LAS CRUCES,NM,88004,M,Y,67500,5.3,0,3300
Waldir,Adorno,913,193-1202,FOWLER,KS,67844,S,N,74000,6.45,2250,0
Eddy,Braban,623,145-1230,PRESCOTT,AZ,86305,S,Y,90000,4.11,2100,2300
Ranan,Rees,803,198-1870,SANTEE,SC,29142,S,N,51000,7.0,3300,0
Soung,Schwartzel,787,195-1232,COMERIO,PR,782,S,Y,89500,0.0,0,0
Ostap,Bodek,803,154-1252,SIMPSONVILLE,SC,29680,M,N,47500,7.0,0,0
Jaume,Louka,802,190-1918,CONCORD,VT,5824,S,Y,41000,3.8208396,3300,3300
Natsume,Roodyn,701,185-1915,TOWNER,ND,58788,M,N,31500,2.120866,0,0
Heinrich,Hackos,952,131-1294,ROCHESTER,MN,55903,S,Y,15500,5.35,3300,3300
Bernie,Frisby,406,130-1100,MISSOULA,MT,59812,S,Y,82000,6.9,1900,1900
Jose,Pennino,701,122-1872,FARGO,ND,58108,M,N,90000,2.7990127,0,0
Balaji,Quinlan,660,103-1344,DAWN-typoHARTMAN,MO-typoIA,64638,S,N,23500,6.0,2100,0
Hein,Hamfelt,478,181-1854,LILBURN,GA,30047,S,Y,5500,4.8,2700,3000
Egil,Goto,862,182-1191,HAWORTH,NJ,7641,S,N,85500,2.4329896,1000,0
Emil,Georg,503,166-1168,PAISLEY,OR,97636,M,Y,98000,9.0,0,159
Zhiguo,Cordy,417,151-1804,BRAZEAU,MO,63737,M,N,71000,6.0,0,0
Mori,Mancho,541,185-1930,EAGLE POINT,OR,97524,S,Y,56000,9.0,159,159
Madhusudan,Lettang,406,129-1167,CROW AGENCY,MT,59022,M,Y,9000,4.4077587,0,1900
Bhupinder,Bazelow,480,102-1190,MESA,AZ,85211,S,Y,16000,2.9629998,2100,2300
Vagan,Basili,308,117-1392,GRAND ISLAND,NE,68803,S,N,39000,6.84,103,0
Youngbae,Lindenberg,870,184-1119,ODEN,AR,71966,S,N,25500,6.282897,20,0
Walther,Addyman,601,193-1515,WALLS,MS,38686,S,Y,20500,5.0,6000,1500
Tryggve,Liscouet,786,117-2043,FORT MYERS,FL,33906,M,N,39000,0.0,0,0
Hang,Gilon,541,112-1414,PORTLAND,OR,97215,M,N,87500,9.0,0,0
Devina,Hemami,406,143-1522,SAND COULEE,MT,59472,M,Y,65000,6.9,0,1900
Watani,Drashansky,775,147-1496,FALLON,NV,89496,M,Y,27500,0.0,0,0
Mohsen,Grunupp,321,142-1276,MIAMI,FL,33183,M,N,17000,0.0,0,0
Avraham,Uchoa,989,156-2017,ELK RAPIDS,MI,49629,M,Y,84000,3.9,0,3100
Oukseh,Wahls,307,119-1798,SAVERY,WY,82332,S,Y,66000,0.0,0,0
Olle,Halewood,980,161-1705,ASHEBORO,NC,27203,S,Y,10000,6.0,3300,3300
Sonne,Evans,515,182-1721,LUTHER,IA,50152,M,Y,93000,8.98,0,40
Weiye,Flewelling,435,135-1623,LA VETA,NV,84536,S,N,6500,7.0,2475,0
Fracisco,Baggiolini,307,111-1415,WORLAND,WY,82401,M,Y,2000,0.0,0,0
Carver,Spell,401,125-1384,PROVIDENCE,RI,2903,S,N,15000,0.0,0,0
Ginger,Kusakabe,319,109-1430,EDGEWOOD-typoLA VETA,IA-typoMI,52042,M,Y,76500,8.98,0,40
Jamie,Wijshoff,915,197-1486,EL PASO,TX,88545,M,Y,22500,0.0,0,0
Bosco,Unger,641,107-1874,HARTMAN,IA-typoGA,50362,M,N,28000,4.486676,0,0
Ronda,Tassinari,214,166-1785,SMILEY,TX,78159,S,N,65500,0.0,0,0
Mitsunori,Taft,714,139-1557,RIVERSIDE,CA,92519,S,Y,84500,9.3,87,272
SangMin,Rety,678,148-1667,LOOKOUT MOUNTAIN,GA,30750,M,Y,61000,6.0,0,3000
Hongsing,Kleftouris,205,144-2063,FRUITHURST,AL,36262,M,N,61500,5.0,0,0
Asmus,Bergeron,402,127-1665,PARKS,NE,69041,S,Y,75500,6.84,103,103
Christelle,Magliveras,434,138-1449,GREENVILLE,VA,24440,S,Y,41000,5.75,900,900
Yaghout,Koers,878,103-1246,NEFFS,PA,18065,M,N,33000,3.07,0,0
Munish,Borovoy,843,146-1707,GALIVANTS FERRY,SC,29544,M,Y,74500,7.0,0,3300
Eelco,Alvey,386,157-1298,WELLBORN,FL,32094,S,N,22000,0.0,0,0
Lawrence,Brownfield,218,140-1497,RICHWOOD,MN,56577,M,Y,40500,6.4167023,0,3300
Rassul,Rana,918,108-2093,DEWAR-typoNORTH FORT MYERS,OK-typoGA,74431,M,N,93500,6.25,0,0
Gerri,Womann,602,169-1535,PIMA,AZ,85543,S,N,54000,3.552,2100,0
Balachander,Basler,603,104-1716,KEENE,NH,3435,M,N,36000,0.0,0,0
Ramzi,Seress,304,133-1445,PARKERSBURG,WV,26103,S,Y,26500,4.155,2000,2000
Rayadurgam,Poch,740,116-1020,CINCINNATI,OH,45280,M,N,61000,2.5709128,0,0
Barbora,Rebizant,248,150-2028,FLINT,MI,48501,S,Y,67000,3.9,3100,3100
Dinabandhu,Pitchumani,980,140-1700,CATAWBA,NC,28609,M,N,45000,6.6765733,0,0
Mahmoud,Ladret,708,180-1659,HOMER,IL,61849,S,Y,21500,3.0,2000,2000
Arvola,Abarbanel,203,118-1421,PUTNAM,CT,6260,S,N,99500,5.0,12750,0
Yoonjoon,Handke,787,137-1330,NORTH FORT MYERS,NV,923,M,N,15000,0.0,0,0
Marsha,Simovici,402,191-1045,FARWELL,NE,68838,M,Y,81500,6.84,0,103
Sozo,Pong,301,165-1587,WALDORF,MD,20602,M,N,75000,4.75,0,0
Anna,Perrier,954,109-1134,SCOTTSMOOR,FL,32775,S,N,74000,0.0,0,0
Nariyasu,Swanberg,574,105-1519,BOSWELL,IN,47921,M,N,500,3.4,0,0
Phiroze,Edupuganty,302,114-1749,WILMINGTON,DE,19808,M,N,66500,5.95,0,0
Hsiang,Parodi,225,140-1335,PROVENCAL,LA,71468,M,N,36500,6.0,0,0
Tokio,Pinkas,646,153-1297,BURLINGTON FLATS,NY,13315,M,Y,29000,4.1216464,0,1000
Gaetano,Covan,215,190-1604,FRENCHVILLE,PA,16836,S,Y,3000,3.07,0,0
Gregory,Banreuther,603,147-1824,ROLLINSFORD,NH,3869,M,Y,20000,0.0,0,0
Yixin,Newhagen,702,150-1465,LAS VEGAS,NV,89156,S,N,34000,0.0,0,0
Elise,Matthys,716,172-1876,JAY,NY,12941,S,Y,38000,4.1737804,0,1000
Vivekananda,Ikeo,971,109-1745,REEDSPORT,OR,97467,M,N,64000,9.0,0,0
Kriengkrai,Ashfield,702,182-1929,NELLIS AFB,NV,89191,S,Y,17000,0.0,0,0
Rajit,Daum,501,167-1036,EL PASO,AR,72045,M,Y,36500,7.0,0,20
Divier,Giloi,302,101-1566,GREENWOOD,DE,19950,M,Y,21500,3.325,0,110
Narvardin,Day,765,141-2051,FARMERSBURG,IN,47850,S,N,93000,3.4,1000,0
Klaudia,Halper,720,112-1163,BOULDER,CO,80305,S,Y,72500,4.63,0,0
Felicita,Kafatos,505,179-1251,MCINTOSH,NM,87032,M,N,21000,5.3,0,0
Piraye,Subhlok,308,167-1489,LINCOLN,NE,68532,M,Y,4500,2.932946,0,103
Maeve,Burtschick,626,112-1499,LA PUENTE,CA,91747,M,Y,27500,6.00035,0,272
Itzhak,Widera,276,175-1618,KELLER,VA,23401,S,N,25000,5.75,900,0
Yasmina,Chandrasekhar,409,104-1997,ALVIN,TX,77511,M,N,12000,0.0,0,0
Yanni,Dredge,860,117-1232,SIMSBURY,CT,6070,M,Y,61000,5.0,0,0
Manual,Seung,307,179-1560,ALADDIN,WY,82710,S,N,87000,0.0,0,0
Kadir,Daya,727,162-1420,KISSIMMEE-typoNORTH FORT MYERS,FL-typoWV,34741,M,Y,55500,0.0,0,0
Sheldon,Widjojo,202,133-1202,WASHINGTON,DC,20599,M,N,58500,9.0,0,0
Koos,Leazer,980,150-1088,ELIZABETH CITY,NC,27906,S,N,63500,7.0646853,3300,0
Daivd,Slaman,775,131-2010,LAS VEGAS,NV,89178,M,N,37000,0.0,0,0
Sriram,Kans,508,154-1872,LYNN,MA,1902,S,N,52000,5.3,3575,0
Zhiqiang,Vrain,970,186-1705,LA VETA,CO-typoCT,80231,M,Y,32000,4.63,0,0
Danijela,Candan,505,150-1344,AMISTAD,NM,88410,S,N,67000,5.3,3300,0
Arash,Shmyglevsky,720,130-1519,MADISON LAKE,CO-typoCT,80201,S,Y,85500,4.63,0,0
Hiromu,Padhye,605,176-1392,ROCKHAM,SD,57470,M,N,20500,0.0,0,0
Francesmary,Flank,312,160-1995,DARIEN,IL,60561,M,N,41000,3.0,0,0
Magnus,Vandenbroeck,307,186-1936,LOST SPRINGS,WY,82224,M,Y,38000,0.0,0,0
Shoaib,Tuecke,808,118-1121,HONOKAA,HI,96727,M,Y,11500,3.1125,0,1040
Minjie,Ayala,601,137-1449,KOSCIUSKO,MS,39090,S,Y,89000,5.0,6000,1500
Hanno,Tsotras,603,129-1716,STINSON LAKE,NH,3274,M,N,43000,0.0,0,0
Miyoung,Ashfield,334,147-1157,MONTGOMERY,AL,36119,M,N,37500,5.0,0,0
Aryya,Zielinski,571,122-1775,ARLINGTON-typoMADISON LAKE,NV,22217,M,Y,85500,5.75,0,900
Gul,Ogawa,603,159-1915,HARTMAN,GA,3890,S,Y,72500,0.0,0,0
Gurudatta,Vassilyev,515,197-2041,EXIRA,IA,50076,S,Y,85000,8.98,40,40
Shamik,Dredge,239,117-2013,ISLAND GROVE,FL,32654,M,N,7000,0.0,0,0
Alonso,Murai,918,188-1843,TULSA,OK,74132,S,Y,52500,6.25,1000,1000
Lina,Jonker,843,189-1211,NORTH FORT MYERS,SC-typoMI,29417,M,N,53000,7.0,0,0
Candy,Debregeas,920,107-1031,PALMYRA,WI,53156,M,Y,59000,5.471537,0,400
Shahid,Carre,401,159-1192,NEWPORT,RI,2841,S,Y,33500,0.0,0,0
Emdad,Arrabito,939,140-1809,SAN JUAN,PR,913,S,Y,54000,0.0,0,0
Enric,Boreale,414,195-1590,WALES,WI,53183,M,N,68000,5.6279135,0,0
Yukiko,Calkins,307,134-1143,AFTON,WY,83110,S,Y,38500,0.0,0,0
Vishweshwar,Mandoiu,616,135-1160,BAY CITY,MI,48706,S,N,41000,3.9,3100,0
Pandu,Pole,808,185-1172,OOKALA-typoNORTH FORT MYERS,MI,96774,S,Y,7500,2.3914473,1040,1040
Guoping,Heiler,252,141-2060,CANTON,NC,28716,S,Y,9500,6.0,3300,3300
Selmer,Minas,317,174-1688,SEELYVILLE,IN,47878,S,Y,4500,3.4,1000,1000
Yves,Smagt,541,101-1492,LA VETA,OR-typoGA,97239,S,N,21500,9.0,159,0
Mauno,Glas,571,143-1064,CHARLOTTESVILLE,VA,22904,M,Y,33500,5.75,0,900
Elisabeth,Grafe,973,187-1703,EAST ORANGE,NJ,7018,M,N,45000,1.7942708,0,0
Valentino,Shimamura,614,123-1773,AKRON,OH,44307,M,Y,80000,3.2016153,0,1300
Glyn,Bryce,434,107-1722,RAVEN,VA,24639,S,Y,62500,5.75,900,900
Pim,Joichi,910,192-1843,HICKORY,NC,28602,S,N,60000,6.9912586,3300,0
Dinah,Forier,435,183-1401,NORTH SALT LAKE,UT,84054,M,Y,3000,5.211275,0,2475
Ruixin,Manhart,228,156-1993,COMO,MS,38619,S,N,47500,5.0,6000,0
Zhilin,Sittig,336,149-1589,SMITHFIELD,NC,27577,M,N,41000,6.592657,0,0
Hanhong,Picco,605,151-1492,MANDERSON-typoNORTH FORT MYERS,SD-typoGA,57756,S,Y,51500,0.0,0,0
Xuefei,Butter,662,167-1289,FOREST,MS,39074,M,N,72500,5.0,0,0
Vagan,Cannard,928,185-1641,PHOENIX,AZ,85039,S,N,97000,4.2185,2100,0
Jakov,Baatz,401,139-1228,WYOMING,RI,2898,M,N,66500,0.0,0,0
Sames,Byrne,605,162-1218,KIMBALL,SD,57355,M,N,46500,0.0,0,0
Loan,Porotnikoff,410,135-1861,NORTH BEACH,MD,20714,S,Y,88500,4.75,2400,2400
Duro,Kaushik,623,183-1506,FORT THOMAS,AZ,85536,S,Y,10500,2.87775,2100,2300
Guodong,Apostopopoulos,830,188-1610,GOLDSMITH-typoALMONT,MI,79741,M,N,15500,0.0,0,0
Fung,Gragg,720,196-1440,COLORADO SPRINGS,CO,80945,M,N,59000,4.63,0,0
Soong,Veccia,541,184-1035,MEDFORD,OR,97501,S,Y,8000,9.0,159,159
Jinxi,Pottossine,570,168-1673,MC INTYRE,PA,15756,M,Y,9500,3.07,0,0
Biao,Zettsu,662,198-1369,DUBLIN,MS,38739,M,N,15000,5.0,0,0
Kazuyo,Worley,205,186-2034,BIRMINGHAM,AL,35291,M,Y,32000,5.0,0,300
Feiling,Pocchiola,573,183-1754,ROLLA,MO,65401,S,N,52000,6.0,2100,0
Damian,Thompson,303,194-1169,WILD HORSE,CO,80862,S,Y,84500,4.63,0,0
Nadjiba,Brown,314,175-1191,METZ,MO,64765,S,Y,11500,6.0,2100,1200
Bian,Zullighoven,939,152-1717,CAROLINA,PR,981,S,Y,14500,0.0,0,0
Geert,Laurinolli,505,165-1566,MCDONALD,NM,88262,S,N,26500,5.3,3300,0
Sanjay,Butner,810,124-1685,IRON RIVER,MI,49935,M,N,75000,3.9,0,0
Gudala,Haake,559,186-1511,SANTA BARBARA,CA,93109,M,N,48000,9.3,0,0
Yasmin,Arens,202,188-1081,WASHINGTON,DC,20590,S,N,68500,9.0,1370,0
Toyohide,Gellersen,865,133-1479,WHITESIDE-typoALMONT,TN-typoWV,37396,S,Y,26000,0.0,0,0
Mehdi,Rosenzweig,857,170-1037,OAK BLUFFS,MA,2557,S,N,45000,5.3,3575,0
Yangun,Janowski,603,184-1617,PORTSMOUTH,NH,3802,S,N,77000,0.0,0,0
Zeydy,Rutkowski,202,196-1410,WASHINGTON,DC,20511,M,N,28500,8.6625,0,0
Venkatesan,McKinney,701,107-1504,EMERADO,ND,58228,S,Y,78000,2.6599054,3300,3300
Arden,Erdogan,419,187-1937,MOUNT LIBERTY,OH,43048,S,N,22000,1.2763128,1300,0
Sousan,Aygun,302,160-1945,KIRKWOOD,DE,19708,S,N,18500,3.1204545,110,0
Sebastiaan,Ciampichetti,939,114-2053,SAN JUAN,PR,910,M,N,98000,0.0,0,0
Georgia,Vaitis,870,105-1681,VENDOR-typoLA VETA,AR-typoGA,72683,M,Y,68000,7.0,0,20
Jianan,Isaak,402,136-1500,OMAHA,NE,68108,S,N,53000,6.84,103,0
Tiow,Ghazalie,818,104-1117,CALLAHAN,CA,96014,M,N,14000,2.8133085,0,0
Maziar,Thackray,701,125-1420,FULLERTON,ND,58441,S,N,70500,2.5729637,3300,0
Sugih,Dasu,972,166-2066,NOTREES,TX,79759,M,Y,36000,0.0,0,0
Pepijn,Mackaness,573,144-1457,LILBOURN,MO,63862,S,N,56500,6.0,2100,0
Bagirath,Theel,920,152-1889,EMBARRASS,WI,54933,M,Y,37500,5.0979714,0,400
Kensei,Kohlhase,907,182-1802,CHIGNIK,AK,99564,M,N,81000,0.0,0,0
Jianmin,Routh,864,148-1190,KINGSTREE,SC,29556,M,Y,78500,7.0,0,3300
Hidemi,Poston,307,176-1363,SMOOT,WY,83126,M,N,62500,0.0,0,0
Kirack,Nishizawa,401,123-1055,WARWICK,RI,2889,S,N,66000,0.0,0,0
Naji,Yahyapour,787,195-1663,PONCE,PR,734,S,Y,51500,0.0,0,0
Ayakannu,Stiver,571,153-1446,GLEN ALLEN,VA,23059,M,N,94000,5.75,0,0
Nobuhiro,Backes,201,164-1018,CHERRY HILL,NJ,8003,M,Y,10500,1.4,0,1500
Hirokazu,Polishjuk,769,126-1013,WASHINGTON,MS,39190,M,Y,45500,5.0,0,1500
Kwangho,Daelemans,701,174-1518,HUNTER,ND,58048,M,N,66500,2.5265946,0,0
Abdelaziz,Botman,401,114-1971,WARWICK,RI,2889,S,N,34000,0.0,0,0
Zhuojun,Dimopoulos,337,100-2049,HOUMA,LA,70364,S,Y,65000,6.0,4500,1000
Kara,Dorsett,401,156-1464,NEWPORT,RI,2841,M,N,52500,0.0,0,0
Peiya,Bheda,754,190-1226,RAIFORD,FL,32083,S,Y,33500,0.0,0,0
Vijayan,Rutsche,801,144-1908,BEAVER,UT,84713,M,Y,99500,7.0,0,2475
Liping,Eby,939,102-2089,AGUADILLA,PR,603,M,Y,38500,0.0,0,0
Pinar,Jording,630,165-2059,SHABBONA,IL,60550,M,Y,2000,3.0,0,2000
Povl,Radecki,971,187-1536,LA VETA,OR-typoNV,97053,M,N,35000,9.0,0,0
Constantine,Kropatsch,731,151-1516,JACKSON,TN,38302,M,N,51500,0.0,0,0
Fathi,Martucci,339,121-1456,BOYLSTON,MA,1505,S,N,99000,5.3,3575,0
Jaspal,Baum,302,102-1701,MADISON LAKE,NV,19885,S,Y,36500,4.347727,110,110
Jusung,Viney,856,166-1559,HARTMAN,NJ-typoGA,8035,S,Y,14500,1.4,1000,1500
Jack,Schlee,907,116-1645,MANOKOTAK,AK,99628,M,N,89000,0.0,0,0
Masakiyo,Schroeder,360,149-1847,COWICHE,WA,98923,S,Y,12500,0.0,0,0
Jiri,Bazire,801,142-1415,SALT LAKE CITY,UT,84125,M,Y,100000,7.0,0,2475
Bosco,Kitsuregawa,251,198-1835,FYFFE,AL,35971,S,N,89500,5.0,1500,0
Shaoyu,Kaki,903,190-1076,TYLER,TX,75706,S,Y,99000,0.0,0,0
Phill,Polupanov,276,112-1024,FREE UNION,VA,22940,S,Y,52500,5.75,900,900
Nicky,Desai,202,128-1097,WASHINGTON,DC,20056,S,Y,58000,9.0,1370,1370
Sujay,Weicker,251,110-2053,BIRMINGHAM,AL,35263,M,N,54000,5.0,0,0
Michi,Christiansen,857,146-1955,NORTHBOROUGH,MA,1532,S,N,3000,5.3,3575,0
Dudley,Pilouk,808,181-1699,WAKE ISLAND,HI,96898,M,Y,19000,4.4644737,0,1040
Nathaniel,Wise,847,188-1579,LAWRENCEVILLE,IL,62439,M,N,57000,3.0,0,0
Aarno,Luckham,217,130-1140,SPRINGFIELD,IL,62777,S,N,77000,3.0,2000,0
Caolyn,Dupuy,703,174-1631,CHANTILLY,VA,20152,S,N,51000,5.75,900,0
Kin,Cousineau,203,142-1911,STAMFORD,CT,6914,M,N,25500,5.0,0,0
Chandrasekhar,McWilliams,425,125-1609,SALKUM,WA,98582,M,N,95000,0.0,0,0
Nachum,Gerlach,302,183-1249,MILLSBORO,DE,19966,M,N,81500,5.95,0,0
Estrella,Niessner,303,122-1769,AGATE,CO,80101,S,Y,57000,4.63,0,0
Krichnakumar,Dutra,608,165-1092,OGEMA,WI,54459,S,Y,30500,4.9763455,700,400
Gerrine,Basili,925,102-1155,SAN DIEGO,CA,92121,S,Y,30500,6.7085814,87,272
Suneeta,Czajkowski,256,172-2053,GREENSBORO,AL,36744,M,N,67000,5.0,0,0
Onno,Dargam,918,186-1632,OKLAHOMA CITY,OK,73179,S,Y,38000,6.25,1000,1000
Thompson,Quinqueton,435,130-2012,HYRUM,UT,84319,S,Y,79500,7.0,2475,2475
Wlodek,McCluskey,802,146-1379,VERGENNES,VT,5491,M,Y,93500,4.8653517,0,3300
Harjinder,Kaelbling,802,192-2071,NORTH THETFORD,VT,5054,S,Y,60000,4.1988535,3300,3300
Isdor,Lukanowicz,785,118-1399,DURHAM,KS,67438,S,N,74500,6.45,2250,0
Aleksei,Malsburg,901,198-1837,KNOXVILLE,TN,37934,S,N,48000,0.0,0,0
Serap,Jette,505,178-1246,SANTA FE,NM,87503,M,N,88500,5.3,0,0
Anshul,Lakhani,330,117-1629,CINCINNATI,OH,45231,S,N,91000,3.566759,1300,0
Funda,Knedel,316,163-1234,DOVER,KS,66420,M,N,90500,6.45,0,0
Okihiko,Weingarten,405,165-1837,FREDERICK,OK,73542,M,N,1000,0.5,0,0
Huzur,Dustdar,787,174-1221,CAYEY,PR,737,M,Y,87000,0.0,0,0
Bryony,Erbach,406,179-1554,LIMA,MT,59739,M,Y,5000,2.3732758,0,1900
LaRoy,Neurohr,415,187-1328,SALINAS,CA,93907,M,N,58500,9.3,0,0
Midori,Iman,520,159-1669,BULLHEAD CITY,AZ,86429,M,Y,6500,2.87,0,2300
Duri,DeLano,304,160-1434,LIBERTY,WV,25124,M,Y,61000,6.5,0,2000
Masakiyo,Scraton,605,158-1582,BURKE,SD,57523,M,Y,68000,0.0,0,0
Kristian,Mawatari,801,142-1166,LAKE POWELL,UT,84533,M,Y,95000,7.0,0,2475
Mirit,Jussien,814,132-1594,HARLEIGH,PA,18225,M,Y,85500,3.07,0,0
Ozgur,Mattoso,989,187-1278,GRAND RAPIDS,MI,49506,S,Y,77500,3.9,3100,3100
Alen,Reddi,740,142-1232,CINCINNATI,OH,45221,M,Y,39000,1.8406256,0,1300
Remmert,Simos,601,129-1480,SIDON,MS,38954,M,N,58500,5.0,0,0
Ana,Bishr,918,176-2036,GUTHRIE,OK,73044,S,N,87000,6.25,1000,0
Lorri,Grana,302,158-1923,NEWARK,DE,19712,S,Y,25500,3.5977273,110,110
Yvonne,Goraine,202,102-1206,WASHINGTON,DC,20004,M,Y,97500,9.0,0,1370
Fadila,Antognini,402,184-1745,ENDICOTT,NE,68350,M,Y,64000,6.84,0,103
Prabir,McQuire,276,159-1722,SAINT STEPHENS CHURCH,VA,23148,S,Y,30500,5.75,900,900
Masanao,Trevathan,562,130-1915,ESCONDIDO,CA,92026,M,N,89500,9.3,0,0
Bibhuti,Milis,203,122-1382,NEW HAVEN,CT,6505,S,N,22500,5.0,12750,0
Rommert,Bub,712,120-2085,FAIRFIELD,IA,52557,M,Y,75500,8.98,0,40
Hyungill,Tiskin,702,118-1983,HENDERSON,NV,89014,M,Y,71500,0.0,0,0
Shiva,Isahara,702,185-1082,MINA,NV,89422,S,Y,98500,0.0,0,0
Sallie,Blaauw,417,169-1904,HOLLISTER,MO,65672,S,N,16500,6.0,2100,0
Habib,Corte,630,179-1943,FOX RIVER GROVE,IL,60021,M,Y,44000,3.0,0,2000
Shinsei,Vrain,307,190-1901,CHEYENNE,WY,82002,M,Y,33500,0.0,0,0
Arendse,Wabbi,504,171-1179,KINDER,LA,70648,S,Y,98000,6.0,4500,1000
Kuzuko,Klimov,641,168-1176,DES MOINES,IA,50361,M,N,15500,2.556952,0,0
Tesuya,Kreische,225,106-2056,BAKER,LA,70714,S,Y,34500,6.0,4500,1000
Konrad,McClurg,352,129-1148,MALABAR,FL,32950,M,Y,21500,0.0,0,0
Heribert,Toida,574,124-1556,GENEVA,IN,46740,M,Y,22500,3.4,0,1000
Satu,Yeun,802,158-1554,STOWE,VT,5672,S,Y,52500,4.0496373,3300,3300
Estanislao,Federico,989,185-1480,DANSVILLE,MI,48819,M,Y,80500,3.9,0,3100
Juanita,Alpuente,971,131-1899,GRASS VALLEY,OR,97029,M,Y,87500,9.0,0,159
Yinlin,Dullman,918,175-1559,SEMINOLE-typoALMONT,NV,74818,S,N,39500,6.25,1000,0
Lakshman,Figueiredo,912,109-1125,OMAHA,GA,31821,S,Y,25000,6.0,2700,3000
Jerrell,Bidoit,605,180-1458,HAYES-typoNORTH FORT MYERS,SD-typoIA,57537,M,N,27500,0.0,0,0
Joobin,Ravasio,203,118-1001,BRIDGEPORT,CT,6605,M,Y,47500,5.0,0,0
Aniorte,Perrizo,505,132-1526,VALMORA,NM,87750,M,Y,37500,5.3,0,3300
Nilanjan,Nussche,978,176-1578,NORTH READING,MA,1864,M,Y,32500,5.3,0,1000
Muruganandan,Baby,417,170-1943,ROLLA,MO,65409,S,Y,71500,6.0,2100,1200
Milos,Huthnance,308,146-1283,BREWSTER,NE,68821,M,N,53000,6.84,0,0
Ada,Barraquand,702,129-1483,MINA-typoALMONT,GA,89422,S,Y,93000,0.0,0,0
Wyn,Gien,985,148-1488,LIVINGSTON,LA,70754,M,Y,53000,6.0,0,1000
Chenghui,Clemm,402,171-1969,BEAVER CITY,NE,68926,S,Y,2000,2.56,103,103
Wilfrido,Hittos,603,141-1561,MANCHESTER,NH,3111,S,N,87500,0.0,0,0
Boijdar,Weissberg,402,112-1574,GRAND ISLAND,NE,68801,S,Y,72500,6.84,103,103
Jochem,Tetongnon,219,191-1900,BREMEN,IN,46506,S,N,90000,3.4,1000,0
Junping,Clowes,605,153-1064,GETTYSBURG,SD,57442,M,Y,22000,0.0,0,0
Sibsankar,Apers,406,192-1082,TEIGEN,MT,59084,S,N,35500,6.9,1900,0
Helga,Mihara,808,188-1771,HARTMAN,HI-typoWV,96774,S,Y,34000,7.1684213,1040,1040
Ernestine,Kearns,701,164-1434,WEST FARGO,ND,58078,M,Y,74500,2.6193328,0,3300
Taenam,Colombani,605,171-1632,BERESFORD,SD,57004,S,Y,98500,0.0,0,0
Chung,Weydert,878,167-1720,ANITA,PA,15711,M,N,51500,3.07,0,0
Amante,Arrabito,334,152-1630,MOBILE,AL,36612,S,Y,54000,5.0,1500,300
Shrikanth,Leijenhorst,918,113-1905,WANETTE-typoNORTH FORT MYERS,OK-typoNV,74878,S,Y,44500,6.25,1000,1000
Sibyl,Ainhirn,860,137-1161,HARTFORD,CT,6141,S,Y,17500,5.0,12750,0
Adarshpal,Fokkink,219,195-1982,CLINTON,IN,47842,M,Y,31000,3.4,0,1000
Kellyn,Manjunath,210,148-1977,EL PASO,TX,79925,S,Y,43500,0.0,0,0
Pranav,Malolepszy,603,111-1504,WARNER,NH,3278,S,Y,31000,0.0,0,0
Ozgur,Meyrowitz,816,141-1671,GRAFF,MO,65660,S,Y,69000,6.0,2100,1200
Ahmet,Schaad,504,138-1394,ZWOLLE,LA,71486,S,N,43500,6.0,4500,0
Atsushi,Karlapalem,207,147-1780,PHILLIPS,ME,4966,S,N,73500,8.5,2850,0
Maristella,Kalamatianos,240,128-1250,WORTON,MD,21678,S,N,32500,4.75,2400,0
Romas,Kearns,251,135-1744,CARROLLTON,AL,35447,S,Y,16500,5.0,1500,300
Somnath,Radi,540,116-1312,SPRINGFIELD,VA,22150,S,Y,19000,5.75,900,900
Jouni,Stamp,623,110-1694,SUPERIOR,AZ,85273,M,Y,89500,4.10225,0,2300
Sampath,Asuru,802,180-1806,ORWELL,VT,5760,M,N,95500,4.9051423,0,0
Oswin,Michalak,985,112-1852,MORGAN CITY,LA,70381,M,Y,75000,6.0,0,1000
Kapali,Rama,573,119-1823,MOBERLY,MO,65270,S,N,38000,6.0,2100,0
Cimarron,Oberhuber,334,129-1409,ANNISTON,AL,36202,S,N,65500,5.0,1500,0
Rastislav,Ricardo,304,180-1442,CAPON SPRINGS,WV,26823,S,Y,55500,6.1850004,2000,2000
Xiaolei,Ramaswami,907,107-1195,TYONEK,AK,99682,S,N,30000,0.0,0,0
Shuji,Swan,402,128-1942,SURPRISE,NE,68667,S,Y,1500,2.56,103,103
Kut,Daly,505,185-1281,ANGEL FIRE,NM,87710,M,N,71000,5.3,0,0
Lambertus,Jossman,857,173-1109,WORCESTER,MA,1603,S,N,35500,5.3,3575,0
Yongjian,Plumer,939,129-1727,GUANICA-typoALMONT,NV,653,S,N,51000,0.0,0,0
Tapio,Schulthess,307,123-1673,CHEYENNE,WY,82006,M,Y,88000,0.0,0,0
Risto,Gorlatch,864,180-1690,POMARIA,SC,29126,S,N,73000,7.0,3300,0
Wenan,Altshuler,608,189-1216,BALDWIN-typoLA VETA,WI-typoIA,54002,S,N,83500,5.8972282,700,0
Simmi,Kallman,313,185-1120,BIRMINGHAM,MI,48009,M,N,85000,3.9,0,0
Jaana,Linehan,907,192-1680,KWETHLUK,AK,99621,S,N,3500,0.0,0,0
Hirotsugo,McKie,870,131-1341,TEXARKANA,AR,71854,M,N,98000,7.0,0,0
Sanpei,Stavi,336,174-2087,CHARLOTTE,NC,28212,S,Y,79000,7.38986,3300,3300
Tatsuhiro,Cotofrei,302,165-1208,WILMINGTON,DE,19898,S,Y,70500,5.95,110,110
Nipon,Dairiki,860,163-1796,HARTFORD,CT,6160,M,Y,100000,5.0,0,0
Roya,Shackell,276,179-1541,GOODVIEW,VA,24095,S,Y,28000,5.75,900,900
Federico,Chiarodo,202,107-1476,WASHINGTON,DC,20395,S,N,46500,9.0,1370,0
Kazuko,Plesums,785,120-1807,ATLANTA,KS,67008,M,Y,89000,6.45,0,2250
eva,Prill,878,173-1236,LANCASTER,PA,17608,S,N,5000,3.07,0,0
Shujian,Bridgland,601,148-1700,BILOXI,MS,39530,S,N,81000,5.0,6000,0
Vladimir,Krull,307,174-1040,SMOOT,WY,83126,M,N,36000,0.0,0,0
Vladimiro,Duval,808,153-1928,HONOLULU,HI,96820,M,N,67500,8.25,0,0
Temple,Prenel,530,183-1894,TEMECULA,CA,92592,M,N,60500,9.3,0,0
Peri,Grabczewski,484,150-1838,CURLLSVILLE,PA,16221,M,Y,45000,3.07,0,0
Celso,Seipel,334,157-1619,MONTGOMERY,AL,36142,S,N,73000,5.0,1500,0
Suneeta,Karatsu,505,195-1114,DERRY,NM,87933,M,Y,5000,1.7,0,3300
Deepak,Saggurti,704,146-1022,LEMON SPRINGS,NC,28355,S,N,58000,6.949301,3300,0
Vishwani,Iijima,307,184-1702,MOUNTAIN VIEW,WY,82939,S,Y,50500,0.0,0,0
Margret,Naryanan,724,161-1896,COOLSPRING,PA,15730,S,Y,21000,3.07,0,0
Guochuan,Aronsson,319,173-1297,LA VETA,IA-typoWV,50544,M,Y,61500,8.98,0,40
Atsuko,Hackos,878,148-1399,KREAMER,PA,17833,M,Y,7000,3.07,0,0
Mosfeq,Maassen,435,118-1222,FIELDING,UT,84311,S,Y,24000,7.0,2475,2475
Rupak,Pezze,661,170-1110,SACRAMENTO,CA,95860,S,Y,9500,1.7509613,87,272
Alco,Newson,409,166-1771,LAREDO,TX,78049,M,N,94000,0.0,0,0
Ramadan,Mayrand,605,158-1577,ELKTON,SD,57026,M,Y,89000,0.0,0,0
Gennady,Boshuizen,231,125-1873,SHAFTSBURG,MI,48882,S,Y,72500,3.9,3100,3100
Stewart,Thimbleby,302,135-2003,SAINT GEORGES,DE,19733,M,N,83500,5.95,0,0
Msaki,Garrard,517,131-1276,CASEVILLE,MI,48725,S,N,95500,3.9,3100,0
Bhagirath,Whitman,304,189-1831,SPURLOCKVILLE,WV,25565,M,N,17000,3.49,0,0
Kelvin,Jutla,208,126-1802,MULLAN,ID,83846,M,N,6500,3.1161485,0,0
Marija,Reis,774,119-1157,EAST MANSFIELD,MA,2031,S,N,36000,5.3,3575,0
Leighton,Doszkocs,802,143-1952,NEWFANE,VT,5345,M,N,69500,4.3878603,0,0
Phiroze,Ingolfsdottir,619,162-1625,ROHNERT PARK-typoMADISON LAKE,CA-typoGA,94927,S,Y,11500,2.2231157,87,272
Yongjoon,Tash,860,188-1721,PRESTON,CT,6365,S,Y,2000,3.0,12750,0
Marke,Gulak,256,139-1108,MONTGOMERY,AL,36101,S,Y,42000,5.0,1500,300
Raimundo,Calkin,860,179-2034,FAIRFIELD,CT,6824,M,N,15500,5.0,0,0
Naofumi,Carli,856,166-1477,WATERFORD WORKS,NJ,8089,M,N,77500,2.3068228,0,0
Gretchen,Balcer,781,143-1574,CHELMSFORD,MA,1824,M,N,31000,5.3,0,0
Edil,Shillner,513,160-1972,AKRON,OH,44307,S,Y,100000,3.8655128,1300,1300
Glen,Powers,713,198-1940,WELLS,TX,75976,S,Y,16000,0.0,0,0
Milan,Suros,617,112-1726,AYER-typoALMONT,CT,1432,S,Y,58000,5.3,3575,1000
Susie,Faustini,802,121-1515,SWANTON,VT,5488,M,Y,26000,3.6,0,3300
Forest,Peikert,315,168-1154,ALLEGANY,NY,14706,M,Y,97500,4.518445,0,1000
Amos,Onate,253,139-1053,MALOTT,WA,98829,M,N,15000,0.0,0,0
Emmanuel,Charretton,323,171-1309,MADERA,CA,93638,S,Y,61000,9.3,87,272
Laveen,Pellegrinelli,989,149-1537,GRAND RAPIDS,MI,49599,S,Y,72000,3.9,3100,3100
Zejun,Verhofstadt,435,120-1304,OGDEN,UT,84408,M,N,99500,7.0,0,0
Padmashree,Fargier,808,165-1910,PEARL CITY,HI,96782,S,Y,80500,8.25,1040,1040
Katsuya,Iyengar,702,123-2063,ROUND MOUNTAIN,NV,89045,M,Y,32000,0.0,0,0
Hillol,Pleser,704,146-2060,SARATOGA,NC,27873,S,Y,99000,7.8094406,3300,3300
Phong,Kahabka,775,144-1900,LAS VEGAS,NV,89185,S,N,61000,0.0,0,0
Grigoris,Agius,702,130-1237,JACKPOT,NV,89825,M,Y,69500,0.0,0,0
Steinar,Saxton,701,120-1780,HAVANA,ND,58043,S,Y,47000,2.300546,3300,3300
Chihong,Postley,720,145-1143,EVANS,CO,80620,M,N,76000,4.63,0,0
Asok,Preishuber,985,165-1551,NEW ORLEANS,LA,70190,M,Y,82000,6.0,0,1000
Fumiya,Babcock,414,181-1403,STRATFORD,WI,54484,M,Y,17000,4.741781,0,400
Jama,Lascarides,580,107-1340,TULSA,OK,74132,M,Y,13000,6.25,0,1000
Jayen,Klosgen,860,181-1676,NEW HAVEN,CT,6538,M,Y,54000,5.0,0,0
Nachum,Sabbagh,307,137-1014,WOLF,WY,82844,S,N,14500,0.0,0,0
Marlin,Rheingans,406,134-2067,TOWNSEND,MT,59644,M,N,77000,6.9,0,0
Curd,Ballarin,206,169-1997,GRAYLAND,WA,98547,S,Y,86000,0.0,0,0
Yoni,Driggers,316,136-1606,WICHITA,KS,67212,S,Y,96000,6.45,2250,2250
Xianchang,Braunmuhl,207,105-1632,WEST PARIS,ME,4289,M,Y,93500,8.5,0,2850
Tianji,Baroglio,802,103-1994,LAKE ELMORE-typoHARTMAN,MI,5657,S,Y,47500,3.95016,3300,3300
Quingming,Mukerji,605,183-1698,CHANCELLOR,SD,57015,M,Y,85500,0.0,0,0
Souji,Hirshfield,907,164-1998,NAKNEK,AK,99633,M,Y,76500,0.0,0,0
Liujian,Mulatero,701,135-1888,KNOX,ND,58343,M,N,16000,2.1,0,0
Dimitris,Rosenblad,787,171-1958,VIEQUES,PR,765,M,Y,44500,0.0,0,0
Mimmo,Buckland,307,180-1511,BEULAH,WY,82712,S,Y,33000,0.0,0,0
Yim,Macskassy,551,184-1153,SOMERS POINT,NJ,8244,S,Y,61500,2.0544896,1000,1500
Normand,Chung,307,143-1888,HYATTVILLE,WY,82428,S,N,61500,0.0,0,0
Kiyokuni,Biederman,603,144-1356,HAVERHILL,NH,3765,S,Y,46000,0.0,0,0
Houman,Docker,254,154-1902,PINEHURST-typoNORTH FORT MYERS,TX-typoNV,77362,S,N,55000,0.0,0,0
Carlos,Capri,406,100-1853,FAIRFIELD,MT,59436,M,N,31500,6.9,0,0
Concepcion,Laqua,262,142-1733,ALBANY,WI,53502,S,Y,4000,4.6,700,400
Susanna,Nishanov,857,137-2024,BERKSHIRE,MA,1224,M,Y,38500,5.3,0,1000
Siddharth,Gilst,435,109-1328,MIDWAY,UT,84049,M,N,94500,7.0,0,0
Bent,Galyean,406,167-2088,ALBERTON,MT,59820,M,N,93500,6.9,0,0
Ramaswami,Cannane,830,108-1112,GLIDDEN,TX,78943,S,N,62000,0.0,0,0
Krste,Valtorta,605,114-1294,ASHTON,SD,57424,S,Y,33500,0.0,0,0
Ceon,Eleser,208,141-1200,MIDVALE,ID,83645,S,Y,97500,7.8,3300,3300
Pushpa,Couchot,302,132-1914,SMYRNA,DE,19977,S,Y,26500,3.665909,110,110
Sinisa,Cullinane,505,148-1692,SEDAN,NM,88436,S,N,70500,5.3,3300,0
Ahwin,Dinesh,773,183-2043,ARLINGTON HEIGHTS,IL,60004,S,Y,11000,3.0,2000,2000
Quingzhou,Dare,769,168-1217,HARTMAN,MS-typoNV,39365,M,Y,20000,5.0,0,1500
Wagdy,Maksimenko,787,123-1251,TRUJILLO ALTO,PR,977,S,Y,87500,0.0,0,0
Alok,Tibblin,561,156-1527,CHATTAHOOCHEE,FL,32324,S,Y,99500,0.0,0,0
Tejwansh,Shumilov,551,165-2054,HARRISONVILLE,NJ,8039,S,N,58500,2.007177,1000,0
Roscoe,Tuncel,620,101-1441,READING,KS,66868,M,N,51500,6.45,0,0
Geoff,Fleck,605,120-1251,GAYVILLE,SD,57031,S,Y,92500,0.0,0,0
Charalampos,Dybig,717,141-1290,YORK,PA,17404,S,N,58000,3.07,0,0
Yde,Ginesta,503,122-1341,GLENEDEN BEACH,OR,97388,S,Y,57500,9.0,159,159
Sudebkumar,Leffler,701,161-1385,FARGO,ND,58104,S,Y,31500,2.120866,3300,3300
Benedetto,Reddi,864,128-1443,MARIETTA,SC,29661,S,N,57500,7.0,3300,0
Borko,Steketee,907,165-1147,ANCHORAGE,AK,99510,M,Y,97500,0.0,0,0
Randi,Koperski,505,100-1284,SANOSTEE,NM,87461,S,N,38500,5.3,3300,0
Mriganka,Ikehara,843,114-1243,VARNVILLE,SC,29944,S,N,45500,7.0,3300,0
Abbas,Lurvey,701,140-1726,WHEATLAND,ND,58079,M,Y,37500,2.1904194,0,3300
Farshad,Khajenoori,864,170-1897,JOHNSONVILLE,SC,29555,M,Y,94000,7.0,0,3300
Motoei,Etzkorn,435,177-1558,MARYSVALE,UT,84750,M,N,51000,7.0,0,0
Dorian,Heinze,202,100-1918,WASHINGTON,DC,20266,S,N,75000,9.0,1370,0
Youngbae,Kuhnemann,308,164-1478,ARAPAHOE,NE,68922,M,Y,24500,6.4848137,0,103
Xiaoshan,Rotger,802,113-1822,BURLINGTON,VT,5402,S,Y,63500,4.2684875,3300,3300
Marija,Samadzadeh,229,191-1636,WHITESBURG,GA,30185,S,Y,35500,6.0,2700,3000
Ansgar,Uren,878,124-1984,AQUASHICOLA,PA,18012,S,N,83000,3.07,0,0
Chrysantos,Smallwood,520,122-1842,TUCSON,AZ,85736,M,N,100000,4.265,0,0
Duminda,Whitlock,207,100-1259,VANCEBORO,ME,4491,S,Y,19500,8.5,2850,2850
Joelle,BaronLaurie,401,135-1640,WOONSOCKET,RI,2895,S,N,15000,0.0,0,0
Felisa,Ludovice,251,163-2099,MOBILE,AL,36640,S,Y,90500,5.0,1500,300
Pang,Bhagavan,682,112-1918,GAUSE,TX,77857,S,Y,29000,0.0,0,0
Brion,Noble,337,105-2031,HARTMAN,NV,71229,M,Y,61000,6.0,0,1000
Jinshi,Koeller,401,176-1147,ROCKVILLE,RI,2873,M,Y,97500,0.0,0,0
Chilukuri,Colnaric,541,166-1798,JEFFERSON,OR,97352,S,Y,66000,9.0,159,159
Sany,Vesna,701,144-1721,GOODRICH,ND,58444,M,Y,41000,2.2309923,0,3300
Izidor,Ikeo,334,134-1517,SAYRE,AL,35139,M,Y,16500,5.0,0,300
Steinar,Stricker,218,160-1015,TOFTE,MN,55615,M,Y,70000,7.85,0,3300
Siegbert,Varghese,262,177-1730,LA VETA,NV,54104,S,N,49000,5.2977858,700,0
Dawn,Gerard,614,152-1005,SYCAMORE VALLEY,OH,43789,S,Y,67000,2.770082,1300,1300
Madhur,Kitai,774,160-1299,AMHERST,MA,1003,M,N,34000,5.3,0,0
Rumjana,Clemencon,901,159-1653,HELENWOOD,TN,37755,S,Y,95500,0.0,0,0
Gera,Dougan,617,185-1145,CHILMARK,MA,2535,M,N,36000,5.3,0,0
Marija,Miara,281,159-1594,PANHANDLE,TX,79068,S,Y,32500,0.0,0,0
Sumali,Rego,316,164-1893,RUSSELL,KS,67665,S,Y,96500,6.45,2250,2250
German,Whitley,334,143-1609,GAYLESVILLE,AL,35973,M,N,66000,5.0,0,0
Jitian,Souquieres,603,180-1075,TWIN MOUNTAIN,NH,3595,M,Y,22000,0.0,0,0
Arumugam,Rabehasaina,586,182-1326,LAKE CITY,MI,49651,S,Y,43500,3.9,3100,3100
Ferucio,Hogstedt,330,158-1471,MARK CENTER,OH,43536,S,Y,93500,3.6497464,1300,1300
Fatos,Craddock,719,119-1752,CASTLE ROCK,CO,80104,M,N,11000,4.63,0,0
Shensheng,Yahyapour,316,140-1808,KISMET,KS,67859,M,N,57500,6.45,0,0
Joshua,Lovett,314,171-2035,LIBERTY,MO,64069,S,Y,61500,6.0,2100,1200
Lennart,Suwanda,302,193-1491,DOVER AFB,DE,19902,M,N,30000,3.9045453,0,0
Naveen,Wendorf,304,161-1831,BELINGTON,WV,26250,M,Y,13000,3.21,0,2000
Jahuda,Cochrane,307,180-1686,ALTA,WY,83414,S,N,19000,0.0,0,0
Muralidhara,Carapuca,702,179-1953,CARLIN,NV,89822,M,N,3000,0.0,0,0
Mitch,Edmundson,765,197-1057,HOMER,IN,46146,S,Y,19500,3.4,1000,1000
Georghios,Tsutsui,808,194-1972,LA VETA,IA,96740,S,Y,27500,5.996711,1040,1040
Takuro,Davoren,947,169-1906,WASHINGTON-typoNORTH FORT MYERS,MI-typoWV,48094,M,N,59500,3.9,0,0
Danny,Witkowski,224,115-1551,NORRIS,IL,61553,S,Y,4500,3.0,2000,2000
Musaravakkam,Jiang,702,105-1852,HENDERSON,NV,89077,S,Y,40500,0.0,0,0
Annedore,Orejas,413,114-1893,WORCESTER,MA,1653,M,Y,10500,5.3,0,1000
Madeleine,Trommer,504,142-1490,LAKE ARTHUR,LA,70549,S,N,29500,6.0,4500,0
Asger,Duntsch,857,132-1297,WINTHROP,MA,2152,M,Y,1500,5.3,0,1000
Taiichi,Guttler,805,190-1101,HERMOSA BEACH,CA,90254,S,Y,19500,4.1117325,87,272
Kayoko,Dehais,319,115-1637,FERTILE,IA,50434,M,N,500,0.36,0,0
Saeed,Schalk,307,178-1482,PAVILLION,WY,82523,M,Y,11000,0.0,0,0
Vishwani,Clemmensen,435,139-1801,SALT LAKE CITY,UT,84151,S,N,11500,7.0,2475,0
Kaladhar,Kavvadias,605,196-1070,BLACK HAWK,SD,57718,M,Y,59000,0.0,0,0
Sanjit,Bak,903,191-1657,KENNEDALE,TX,76060,S,Y,92000,0.0,0,0
Claude,Broodsky,208,138-1067,REXBURG,ID,83441,M,Y,48000,7.8,0,3300
Vlad,Whitener,843,120-1591,ANDERSON,SC,29623,M,Y,85500,7.0,0,3300
Masakazu,Soleimanipour,802,128-1614,CUTTINGSVILLE,VT,5738,S,N,84500,4.686292,3300,0
Berto,Trefftzs,907,109-1573,NOME,AK,99762,M,Y,6500,0.0,0,0
Allel,Malara,603,176-2007,NASHUA,NH,3062,M,Y,4000,0.0,0,0
Taisook,Schmalz,939,154-1605,HORMIGUEROS,PR,660,M,Y,26500,0.0,0,0
Jiwei,Eizirik,878,120-1902,BEAVER SPRINGS,PA,17812,S,Y,72500,3.07,0,0
Panduranga,Pierce,301,110-1822,BALDWIN,MD,21013,M,Y,85500,4.75,0,2400
Didier,Bordogna,405,165-1306,OKLAHOMA CITY,OK,73150,S,N,15000,6.25,1000,0
Babette,Baudin,505,166-1492,PINON,NM,88344,S,Y,77500,5.3,3300,3300
Shawn,Rousseau,208,181-1182,BOISE,ID,83702,S,N,38000,7.8,3300,0
Otthein,Salehi,304,164-1478,DANIELS,WV,25832,S,N,30000,4.4,2000,0
Hitofumi,Zilberstein,802,172-1490,WILLISTON,VT,5495,M,N,49000,3.9800034,0,0
Chahab,Sadaoui,720,128-1599,GRAND JUNCTION,CO,81505,S,Y,21500,4.63,0,0
Tuval,Kallman,702,177-1474,HENDERSON,NV,89044,S,Y,7500,0.0,0,0
Kazushige,Simov,864,157-1841,AIKEN,SC,29803,S,N,10500,5.9713035,3300,0
Cass,Olivero,702,198-1936,SILVER SPRINGS,NV,89429,M,Y,76000,0.0,0,0
Raimond,Chueh,704,145-1870,CHARLOTTE,NC,28258,S,Y,63500,7.0646853,3300,3300
Simmi,Challab,307,191-1739,CHEYENNE,WY,82003,M,N,2000,0.0,0,0
Rachael,Vigoda,505,112-2050,ALBUQUERQUE,NM,87125,M,N,63500,5.3,0,0
Shuuji,Pils,787,135-1598,CATANO,PR,962,S,Y,49500,0.0,0,0
Blagovest,Noik,808,131-2094,HONOLULU,HI,96838,S,Y,17500,4.194079,1040,1040
Prince,Pietak,605,104-1870,SAINT CHARLES,SD,57571,S,N,8000,0.0,0,0
Serdar,Feurzeig,701,145-1368,MINNEWAUKAN,ND,58351,M,N,53000,2.3700993,0,0
Juzhen,Etoh,402,135-1072,PAGE,NE,68766,S,Y,10500,3.9985063,103,103
Wenyong,Hallet,601,150-1836,MAYERSVILLE,MS,39113,M,N,3000,3.0,0,0
Srilekha,Shepherd,620,145-1781,NEOSHO RAPIDS,KS,66864,M,N,45000,6.45,0,0
Rogerio,Wild,605,177-1589,SIOUX FALLS,SD,57197,M,N,35500,0.0,0,0
Lorenzo,Bravoco,724,108-1976,NEW SALEM,PA,15468,S,N,99500,3.07,0,0
Turgut,Handzel,304,131-1067,WHITE SULPHUR SPRINGS,WV,24986,M,Y,12000,3.14,0,2000
Sungkil,Scardovelli,609,164-1021,ANNANDALE,NJ,8801,M,N,78500,2.3225937,0,0
Tihomir,Rodier,202,124-1255,WASHINGTON,DC,20035,S,N,86000,9.0,1370,0
Alexey,Rivero,801,136-1039,SALT LAKE CITY,UT,84117,M,N,50000,7.0,0,0
Dwifiandika,Bandat,240,127-1133,BENSON,MD,21018,S,Y,60500,4.75,2400,2400
Soufiane,Blumrich,567,150-1473,KENTON,OH,43326,M,Y,89500,3.5169668,0,1300
Lihong,Lunbeck,714,100-1569,RIVERDALE,CA,93656,S,Y,50000,9.3,87,272
Theron,Ermakov,240,167-1506,CHESAPEAKE BEACH,MD,20732,M,Y,92500,4.75,0,2400
Jovanna,Dziadosz,202,127-1858,WASHINGTON,DC,20207,S,N,67500,9.0,1370,0
Kelvin,Caelli,515,170-1403,DAVENPORT,IA,52805,S,N,94000,8.98,40,0
Miomir,Gershman,623,150-1317,CAMP VERDE-typoHARTMAN,MI,86322,S,Y,5000,2.87,2100,2300
Dimitrios,Eskridge,972,137-2081,HOUSTON,TX,77029,M,N,47500,0.0,0,0
Timos,Fabrizio,760,102-1695,ORANGE,CA,92857,S,Y,56000,9.3,87,272
Severin,Bolliger,502,171-2092,RICETOWN,KY,41364,S,Y,2000,2.0,20,20
Saewoong,Nogi,205,165-1052,TUSKEGEE-typoMADISON LAKE,WV,36083,S,N,5000,5.0,1500,0
Sverker,Stolcke,417,179-2058,MILO,MO,64767,S,Y,76500,6.0,2100,1200
Zhongzhi,Dullea,251,120-1130,SPRUCE PINE-typoHARTMAN,IA,35585,S,Y,85500,5.0,1500,300
Aviram,Ghemri,405,173-1119,STILLWATER,OK,74078,S,Y,81000,6.25,1000,1000
Elke,McNichols,860,115-1239,MOODUS,CT,6469,S,N,6500,3.0,12750,0
Pozung,Luth,509,105-1086,OLYMPIA,WA,98507,S,N,88000,0.0,0,0
Chadia,Cardiff,301,142-1402,RIDGELY,MD,21681,M,N,17500,4.75,0,0
Clark,Biro,502,160-1133,COXS CREEK,KY,40013,S,Y,98500,6.0,20,20
Sunondo,Ayala,769,117-1679,SUMMIT,MS,39666,M,N,52500,5.0,0,0
Hajnal,Morganti,973,119-1151,NEWARK,NJ,7193,S,Y,57500,1.9914062,1000,1500
Jois,Flatley,605,142-1778,JAVA,SD,57452,M,Y,22000,0.0,0,0
Saied,Langerman,865,182-2076,YUMA,TN,38390,M,N,69500,0.0,0,0
June,Kantorowitz,251,141-1856,CENTREVILLE,AL,35042,M,N,22500,5.0,0,0
Lyudmil,Biso,260,137-1722,SERVIA,IN,46980,M,Y,68500,3.4,0,1000
Ruby,Kuester,802,195-1409,CHITTENDEN,VT,5737,S,N,18500,3.6,3300,0
Hailing,Conheeney,323,150-1169,CUTLER,CA,93615,S,Y,34000,7.534851,87,272
Rachel,Beek,907,130-1881,TUNTUTULIAK,AK,99680,S,N,4000,0.0,0,0
Gisela,Mizutani,316,157-1599,LANE,KS,66042,S,Y,32500,6.45,2250,2250
Gerold,Quiles,787,156-1908,HATILLO,PR,659,M,N,13000,0.0,0,0
Cong,Paijmans,320,171-1172,SOLWAY,MN,56678,M,N,76500,7.85,0,0
Akhtar,Gracia,203,148-1628,WATERBURY,CT,6710,S,Y,58000,5.0,12750,0
Octavio,Fahringer,308,180-1507,SUPERIOR,NE,68978,S,Y,4500,2.932946,103,103
Xiaoshan,Weedon,401,100-1717,FOSTER,RI,2825,S,N,4000,0.0,0,0
Yanni,Kontio,603,112-1439,ACWORTH,NH,3601,S,N,53500,0.0,0,0
Boyko,Pirenne,951,160-1221,OAK VIEW,CA,93022,S,Y,84000,9.3,87,272
Debashis,Pesch,712,111-1774,LA VETA,IA-typoMI,50594,M,Y,30000,4.795432,0,40
Ahsan,Panagopoulos,239,154-1897,UMATILLA,FL,32784,M,Y,16000,0.0,0,0
Geir,Niblack,939,183-1266,PATILLAS,PR,723,M,Y,24000,0.0,0,0
Egil,Rimmek,301,108-1294,ANNAPOLIS,MD,21404,S,N,69500,4.75,2400,0
Yongdong,Flach,870,101-1289,LA VETA,MI,71750,M,Y,7500,1.9802797,0,20
Hanspeter,Holager,907,157-1797,HARTMAN,WV,99746,M,N,84000,0.0,0,0
Venkatraman,Weinreich,573,132-1611,FORDLAND,MO,65652,M,Y,13000,6.0,0,1200
Lulu,Tretmans,206,181-1500,MADISON LAKE,WA-typoNV,98535,M,Y,65000,0.0,0,0
Chenye,Davoren,405,102-1236,STILLWATER,OK,74078,S,N,31500,6.25,1000,0
Najmi,Serpell,202,145-1066,WASHINGTON,DC,20523,S,Y,88000,9.0,1370,1370
Toshikazu,Colombani,503,119-1015,JAMIESON,OR,97909,M,Y,78000,9.0,0,159
Atro,Constantinescu,770,143-1008,AUGUSTA,GA,30912,M,Y,50000,6.0,0,3000
Yash,Desautels,402,100-1219,HARVARD,NE,68944,S,N,28000,6.84,103,0
Clenn,Wolf,509,149-1252,GIG HARBOR,WA,98335,S,N,6000,0.0,0,0
Vaishnavi,Darbha,406,163-1592,ALZADA,MT,59311,M,Y,82500,6.9,0,1900
Mandayan,Litzler,205,134-1052,BIRMINGHAM,AL,35234,S,N,15000,5.0,1500,0
Cassandra,Haskin,505,143-1624,ALBUQUERQUE,NM,87194,S,Y,10500,3.4142857,3300,3300
Friedbert,Radecki,202,145-1455,WASHINGTON,DC,20098,M,Y,10500,4.6125,0,1370
Elif,Schreiter,860,120-1278,HARTFORD,CT,6150,M,Y,56000,5.0,0,0
Daisuke,Jouvelot,970,100-1309,KEENESBURG,CO,80643,M,N,69500,4.63,0,0
Xiuping,Amrhein,406,181-1739,GALATA,MT,59444,M,N,71000,6.9,0,0
Ranabir,Philipp,434,117-1127,FALLS CHURCH,VA,22042,S,N,96000,5.75,900,0
Clinton,Bolzoni,406,108-2029,EAST HELENA,MT,59635,S,N,72500,6.9,1900,0
Habiba,Stack,843,150-1272,SCOTIA,SC,29939,S,N,47500,7.0,3300,0
Maynard,Gasieniec,816,183-1270,HALLTOWN,MO,65664,S,N,4000,3.1875,2100,0
Mimmo,Lucco,567,125-1694,CLEVELAND,OH,44124,M,Y,69000,2.836472,0,1300
Jiawen,Zolotykh,808,102-1943,NORTH FORT MYERS,MI,96804,S,N,94000,8.25,1040,0
Arlan,Balluchi,806,117-2050,VANDERPOOL,TX,78885,M,Y,38000,0.0,0,0
Josiane,Abandah,337,170-1099,HAMMOND,LA,70401,S,Y,90000,6.0,4500,1000
Micki,Shiomi,860,115-1939,BRIDGEPORT,CT,6608,S,N,63500,5.0,12750,0
Dongsu,Hodzic,980,168-1779,LA VETA,NC-typoWV,27661,M,Y,84000,7.4947553,0,3300
Evaggelos,Bhat,406,179-1973,RAMSAY,MT,59748,M,N,87500,6.9,0,0
Bhu,Yannakoudakis,865,171-1347,BETHPAGE,TN,37022,M,Y,44000,0.0,0,0
Venkatraman,Gatziu,406,111-1895,GLENTANA-typoHARTMAN,GA,59240,S,N,15000,6.9,1900,0
Huo,Petersson,417,119-1218,FORISTELL,MO,63348,M,Y,31000,6.0,0,1200
Kyungsook,Staub,435,147-1141,WELLSVILLE,UT,84339,S,Y,93000,7.0,2475,2475
Nestor,Itschner,901,156-1569,LIVINGSTON,TN,38570,M,Y,25000,0.0,0,0
Kimmo,Lvov,505,106-1847,PICACHO,NM,88343,M,Y,10000,3.2428572,0,3300
Wilfred,Wittlich,307,127-1781,WYARNO,WY,82845,S,N,24500,0.0,0,0
Eberhardt,Bas,360,191-1706,ALLYN,WA,98524,S,Y,27500,0.0,0,0
Koldo,Harllee,910,173-1101,OAK CITY,NC,27857,M,Y,36000,6.4877625,0,3300
DooHyun,Kayashima,631,137-1401,RAYMONDVILLE,NY,13678,M,Y,83500,4.4373474,0,1000
Grigori,Cusack,952,199-1622,ESSIG,MN,56030,M,N,26000,5.6429563,0,0
Heimo,Sitarama,502,121-1010,DRAKE,KY,42128,M,Y,59000,5.111111,0,20
Muneo,Knedel,731,109-1942,MEMPHIS,TN,38134,S,Y,56000,0.0,0,0
Umesh,Oudin,406,165-1247,WIBAUX,MT,59353,M,Y,97500,6.9,0,1900
Taomas,Bengtsson,858,118-1058,VISALIA,CA,93291,M,N,32500,7.1807356,0,0
Ferenc,Bernardeschi,215,104-1112,WAYNE,PA,19080,M,Y,80500,3.07,0,0
Ondrej,Matuttis,443,162-1868,WALDORF-typoALMONT,MD-typoCT,20602,M,N,90000,4.75,0,0
Monagur,Allinson,787,193-2063,CABO ROJO,PR,623,S,N,22000,0.0,0,0
Daisuke,Goodby,620,121-1777,HESSTON,KS,67062,S,Y,46500,6.45,2250,2250
Raija,Zeugmann,501,193-1913,HUNTSVILLE,AR,72740,M,N,91500,7.0,0,0
Brigitte,Challis,518,161-1377,BROOKLYN,NY,11220,M,Y,17000,4.052134,0,1000
Timo,Gimarc,580,190-1028,OKLAHOMA CITY,OK,73139,S,N,69500,6.25,1000,0
Seichi,Hameroff,224,197-1972,LORAINE,IL,62349,S,N,14000,3.0,2000,0
Bharath,Ohhara,406,172-1796,WILLARD,MT,59354,S,Y,49000,6.9,1900,1900
Guoqiang,Fiutem,701,188-1763,CHRISTINE,ND,58015,S,Y,62500,2.4802256,3300,3300
Saied,Ventosa,434,184-1235,GOSHEN,VA,24439,S,Y,94000,5.75,900,900
Yardena,Diciunas,605,192-1610,WHITEWOOD,SD,57793,S,Y,58500,0.0,0,0
Kutluhan,Adorno,832,161-1375,HOUSTON,TX,77207,S,N,3000,0.0,0,0
Ulfar,Banagl,401,185-1035,WEST WARWICK,RI,2893,M,Y,99000,0.0,0,0
Cherif,Toben,815,141-1830,MADISON LAKE,IA,62910,S,Y,36000,3.0,2000,2000
Shriram,Oeltjen,202,147-1137,WASHINGTON,DC,20441,S,N,22000,7.2,1370,0
Penousal,Khedro,251,184-2070,BIRMINGHAM,AL,35288,S,N,59000,5.0,1500,0
Premal,Morreau,603,192-1055,WEST OSSIPEE,NH,3890,S,Y,39000,0.0,0,0
Gaston,Pirogowa,701,162-1412,HAVANA,ND,58043,M,Y,34500,2.1556427,0,3300
Maribeth,Lienard,802,199-1081,CALAIS,VT,5648,M,N,8000,3.6,0,0
Helko,Kain,207,130-2073,NORTHEAST HARBOR,ME,4662,M,Y,8500,3.8740876,0,2850
Huseyin,Tichkiewitch,928,151-1237,HEBER,AZ,85928,M,Y,12000,2.9009998,0,2300
Gladys,Harllee,775,156-2047,RENO,NV,89515,S,Y,99500,0.0,0,0
Kunwadee,Terris,704,186-1229,LA VETA,NC-typoCT,27412,M,Y,43000,6.6346154,0,3300
Ewart,Kaki,603,118-1211,WOLFEBORO FALLS,NH,3896,M,N,73500,0.0,0,0
Graziano,Koshiba,785,103-1554,NORTH NEWTON,KS,67117,M,Y,15500,3.5983334,0,2250
Eugen,Papachristidis,302,195-1111,CAMDEN WYOMING,DE,19934,S,Y,15000,2.8818183,110,110
Andry,Ravi,719,187-1172,SAGUACHE,CO,81149,M,N,90000,4.63,0,0
Sandro,Lageweg,985,140-1406,MORGAN CITY,LA,70381,S,N,26000,6.0,4500,0
Wensheng,Ciardo,713,131-1840,HOUSTON,TX,77002,S,Y,9000,0.0,0,0
Soloman,Wilhelm,401,193-2090,PAWTUCKET-typoHARTMAN,GA,2862,M,Y,85500,0.0,0,0
Tyseer,Hebden,302,166-1920,SAINT GEORGES,DE,19733,M,Y,61500,5.95,0,110
Forest,Perz,952,141-1606,MADISON LAKE,MN-typoGA,55073,S,N,72500,7.85,3300,0
Froduald,Globus,308,103-2044,OMAHA,NE,68114,M,N,19000,5.50805,0,0
Gavin,Warkentin,939,112-1550,AGUADILLA,PR,604,M,N,86500,0.0,0,0
Avishai,Yamashita,307,119-1111,ROZET,WY,82727,M,N,63000,0.0,0,0
Georgia,Pohm,303,105-1819,WELLINGTON,CO,80549,S,N,87000,4.63,0,0
Varghese,Ventura,406,126-1939,CLINTON,MT,59825,S,Y,3500,1.6103449,1900,1900
Thanos,Fucik,609,161-1211,NORTH FORT MYERS,WV,7505,S,Y,50000,1.873125,1000,1500
Truxton,Crubille,860,150-1879,WOODBURY,CT,6798,M,Y,24500,5.0,0,0
Stacy,Plumb,304,140-1560,KERENS,WV,26276,S,N,62500,6.5,2000,0
Sorina,Casotto,802,168-1030,PERU-typoALMONT,GA,5152,M,Y,82000,4.636554,0,3300
Hillel,Hajnal,203,100-1379,BLOOMFIELD,CT,6002,M,N,53000,5.0,0,0
Gernot,Zeilberger,715,199-1804,HARTMAN,GA,53192,S,N,75500,5.758227,700,0
Jooseok,Vandervoorde,701,107-1411,HAMILTON,ND,58238,S,N,81500,2.7004786,3300,0
Cenk,Yabe,907,109-1613,ANCHORAGE,AK,99504,S,Y,94000,0.0,0,0
Vecheslav,Menezes,701,154-1728,MINNEWAUKAN,ND,58351,M,Y,64500,2.50341,0,3300
Nancy,Vassallo,253,155-1295,COULEE DAM,WA,99116,M,N,70000,0.0,0,0
Rafiul,Rivierre,504,102-1435,GRAY,LA,70359,S,N,34000,6.0,4500,0
Raanan,Farreny,207,142-1929,CHAMBERLAIN,ME,4541,M,N,84500,8.5,0,0
Gertrud,Egerstedt,302,161-1892,LINCOLN,DE,19960,M,N,55000,5.609091,0,0
Creve,Junkin,971,107-1177,EUGENE,OR,97408,M,N,98500,9.0,0,0
Pak,Mutoh,701,173-1388,NEW ROCKFORD,ND,58356,M,N,97500,2.8859544,0,0
Abdelilah,Flank,770,181-1675,BLACKSHEAR,GA,31516,M,Y,25500,6.0,0,3000
Christoper,Rajanarayanan,802,177-1632,WILMINGTON,VT,5363,M,Y,64500,4.288383,0,3300
Indradeep,Hebisch,218,103-1653,MOUND,MN,55364,M,Y,82500,7.85,0,3300
Eberhardt,Swist,203,116-1629,WEST HARTFORD,CT,6137,S,N,500,3.0,12750,0
Kyosun,Policriti,765,114-2039,LAPEL,IN,46051,M,Y,59000,3.4,0,1000
Andres,Zamboni,435,113-1065,SUNNYSIDE,UT,84539,M,N,47500,7.0,0,0
Simaan,Lally,302,164-1878,WILMINGTON,DE,19896,M,N,7000,2.3363638,0,0
Jenwei,Prokopowicz,914,132-1079,ROCHESTER,NY,14653,S,Y,10500,4.0144815,0,1000
Magid,Faure,603,162-1000,MIRROR LAKE,NH,3853,S,Y,93000,0.0,0,0
Nagesh,Rylands,615,166-1970,EAGAN,TN,37730,S,N,99000,0.0,0,0
Falk,Houghland,864,176-1010,LOWNDESVILLE,SC,29659,M,N,28000,7.0,0,0
Ajrapet,Beh,503,190-1974,PORTLAND,OR,97228,M,Y,50000,9.0,0,159
Shiho,Zamperoni,878,101-1739,WARRENDALE,PA,15096,S,N,2500,3.07,0,0
Luiz,Veijalainen,562,191-1151,BROOKDALE,CA,95007,S,Y,54000,9.3,87,272
Cathryne,Zfira,405,114-1259,TUTTLE,OK,73089,M,Y,14500,6.25,0,1000
Spira,Stuckey,808,164-1185,WAIKOLOA,HI,96738,M,Y,75000,8.25,0,1040
Slobodan,Beke,951,128-1478,CAMP PENDLETON,CA,92055,S,Y,36500,8.125044,87,272
Zhihui,Videira,907,111-1332,KAKTOVIK,AK,99747,M,N,89000,0.0,0,0
Masahiko,Terekhov,256,113-1346,COTTONWOOD,AL,36320,M,N,8500,5.0,0,0
Keishi,Lappalainen,606,199-1115,HARTMAN,CT,42223,M,N,69000,5.666667,0,0
Viera,Dal,607,104-1851,STONY POINT,NY,10980,S,N,28500,4.11875,0,0
Yoshifumi,Valtorta,928,157-1272,ARIZONA CITY,AZ,85123,S,Y,93000,4.1565,2100,2300
Yokomori,Parhami,203,199-1123,POMFRET,CT,6258,S,N,17000,5.0,12750,0
Merrill,Vodislav,757,135-1094,MERRIFIELD,VA,22082,S,Y,91500,5.75,900,900
Elisabetta,Sillion,303,135-1213,MARVEL,CO,81329,S,Y,89500,4.63,0,0
Froduald,Drashansky,973,102-1175,HANCOCKS BRIDGE,NJ,8038,S,Y,10500,1.4,1000,1500
Masooma,Blanning,515,147-1586,HAZLETON,IA,50641,M,Y,24000,3.8691645,0,40
Feliks,Lupu,402,127-1529,BROKEN BOW,NE,68822,S,N,79500,6.84,103,0
Mengchi,Standish,208,171-1201,CORRAL,ID,83322,M,N,56000,7.8,0,0
Solomon,Smitley,603,159-1391,INTERVALE,NH,3845,M,N,68500,0.0,0,0
Evaggelia,Presttun,605,107-1283,LAKE PRESTON,SD,57249,S,N,61500,0.0,0,0
Prasant,Guojun,928,140-1387,FOREST LAKES,AZ,85931,S,N,83500,4.0092497,2100,0
Brigid,Schwarzler,505,146-1202,MCALISTER,NM,88427,M,N,17000,5.3,0,0
Pranay,Arbab,202,110-1823,WASHINGTON-typoNORTH FORT MYERS,DC-typoGA,20077,M,Y,87500,9.0,0,1370
Hessam,Keates,754,128-1927,PANAMA CITY,FL,32417,S,Y,19000,0.0,0,0
Maryam,Leeper,256,153-1401,GARDENDALE,AL,35071,M,N,22500,5.0,0,0
Boonserm,Chitnis,207,143-1770,CASTINE,ME,4421,M,N,95500,8.5,0,0
Inaki,Faulstich,302,187-1716,FENWICK ISLAND,DE,19944,M,N,10500,2.575,0,0
Jarrellann,Jeris,939,140-1019,CABO ROJO,PR,623,M,N,27000,0.0,0,0
Elod,Mertz,703,131-2040,NATURAL BRIDGE STATION-typoHARTMAN,VA-typoIA,24579,S,Y,79500,5.75,900,900
Arindam,Brodley,405,137-1531,MACOMB,OK,74852,S,N,69500,6.25,1000,0
Franis,Veldwijk,218,121-1122,LA VETA,MN-typoWV,55957,S,N,14000,5.35,3300,0
Rachael,Rosenberg,843,153-1867,LITTLE ROCK,SC,29567,M,Y,82500,7.0,0,3300
Catuscia,Batenin,972,137-1381,ABILENE,TX,79601,M,N,9500,0.0,0,0
Wuu,Vrckovnik,401,197-1763,NEWPORT,RI,2840,S,Y,21000,0.0,0,0
Lianwen,Sassano,319,113-1460,CLARION,IA,50525,S,Y,65000,8.98,40,40
Yukuo,Lagarias,901,173-1324,MEMPHIS,TN,38177,M,Y,16000,0.0,0,0
Srinidhi,Priestley,774,168-1529,NORTHAMPTON,MA,1060,M,N,95500,5.3,0,0
Katsuto,Sonenberg,808,115-1895,HONOLULU-typoALMONT,HI-typoWV,96846,S,N,5500,2.030921,1040,0
Wagner,Bari,401,184-1039,GREENE,RI,2827,M,Y,36500,0.0,0,0
Maurizio,Rahm,319,109-1260,CEDAR RAPIDS,IA,52402,M,Y,97000,8.98,0,40
Sahrah,Stiles,803,168-1202,GREENVILLE,SC,29617,M,Y,93500,7.0,0,3300
Ramanathan,Sunjaya,870,132-1101,PINE BLUFF,AR,71603,M,N,35000,7.0,0,0
Debashis,Hollenbeck,909,107-1207,MORAGA,CA,94570,S,N,14000,2.8133085,87,0
Majid,Benecke,616,186-1617,PRUDENVILLE,MI,48651,S,N,82500,3.9,3100,0
Roel,Debackere,978,165-2030,SPRINGFIELD,MA,1119,S,Y,67500,5.3,3575,1000
Kothuri,Maguire,319,123-1607,GALVA,IA,51020,M,Y,56000,8.8092575,0,40
Boriana,Ashton,316,145-1737,LAKIN-typoHARTMAN,NV,67860,S,Y,58500,6.45,2250,2250
Yuli,Onaga,980,125-1369,INDIAN TRAIL,NC,28079,M,Y,99000,7.8094406,0,3300
Miltos,Hoofman,952,148-1960,FOSSTON,MN,56542,M,Y,21000,5.3761473,0,3300
Heonshik,Pangratz,918,142-1702,OKLAHOMA CITY,OK,73194,S,Y,54000,6.25,1000,1000
Loganath,Gecsel,808,139-1384,HOLUALOA,HI,96725,M,N,34000,7.1684213,0,0
Dingchao,Ivanets,318,105-1825,NOBLE,LA,71462,M,Y,35000,6.0,0,1000
Toshimi,Averboch,906,147-1201,TROY,MI,48085,S,N,48500,3.9,3100,0
Zary,Speer,802,139-1054,WILDER,VT,5088,M,Y,72500,4.4475465,0,3300
Riqiang,Kupper,603,172-2006,CHARLESTOWN,NH,3603,M,N,24500,0.0,0,0
Yizheng,Forys,215,128-1820,MONTGOMERY,PA,17752,M,Y,86500,3.07,0,0
Olympia,Anupam,207,186-1214,BATH,ME,4530,S,N,13000,6.0091243,2850,0
Istvan,Godliman,870,121-1837,CHOCTAW,AR,72028,S,Y,84000,7.0,20,20
Feliks,Ruget,573,190-1716,NEWARK,MO,63458,S,Y,59000,6.0,2100,1200
Cung,Belanger,234,183-1311,MARION-typoNORTH FORT MYERS,GA,43306,S,Y,20000,1.2099231,1300,1300
Hongbing,Turkedjiev,703,103-1162,LYNCHBURG,VA,24501,M,Y,3500,2.1339285,0,900
Mariet,Regev,802,125-1140,PITTSFIELD,VT,5762,S,N,26500,3.6,3300,0
Tsuneyo,Mikki,843,183-1103,BAMBERG,SC,29003,M,N,50000,7.0,0,0
Kevin,Beam,207,154-1273,ROCKPORT-typoALMONT,ME-typoMI,4856,M,N,94000,8.5,0,0
Mattias,Miyaguchi,202,118-1083,WASHINGTON,DC,20543,S,N,33000,9.0,1370,0
Jerzy,Luebbert,402,152-1176,MILFORD,NE,68405,S,Y,97500,6.84,103,103
Domen,Rosay,907,176-1976,CHICKEN,AK,99732,S,Y,62000,0.0,0,0
Jungho,Godo,407,146-1694,EVERGLADES CITY,FL,34139,S,Y,88000,0.0,0,0
Jurek,Laske,860,162-1217,NEW LONDON,CT,6320,M,N,16500,5.0,0,0
Mara,Emmert,309,191-1327,BELLFLOWER,IL,61724,M,Y,70500,3.0,0,2000
Jaya,Kabatianski,608,154-1501,TREVOR,WI,53179,S,N,80500,5.8451023,700,0
Wally,Zahar,260,108-2005,ANDERSON,IN,46017,M,Y,19500,3.4,0,1000
Nicola,Ekman,954,173-1746,MIAMI,FL,33162,S,Y,28500,0.0,0,0
Behcet,Gitler,207,146-1059,MILLINOCKET,ME,4462,S,Y,25000,8.5,2850,2850
Hanna,Benecke,662,119-1487,CRAWFORD,MS,39743,M,Y,89000,5.0,0,1500
Mechthild,Freivalds,907,121-1739,WASILLA,AK,99629,S,N,9500,0.0,0,0
Fusako,Rifkin,971,184-1896,OREGON CITY,OR,97045,M,Y,18500,9.0,0,159
Bei,Voisard,502,199-1842,MOUTHCARD,KY,41548,M,Y,28500,3.4166665,0,20
Claudine,Coolsaet,712,149-1766,OSCEOLA,IA,50213,M,N,42500,6.7251563,0,0
Rossella,Zahle,931,115-1286,NORMANDY,TN,37360,M,Y,44500,0.0,0,0
Leah,Coven,251,196-1324,FYFFE,AL,35971,M,N,69500,5.0,0,0
Patiwat,Erbach,402,129-1646,BELDEN,NE,68717,M,N,94500,6.84,0,0
Min,Kheradpir,662,172-1579,VALLEY PARK,MS,39177,S,Y,61000,5.0,6000,1500
Ranabir,Yurek,801,120-1439,BLANDING,UT,84511,M,N,44000,7.0,0,0
Mallika,Prampolini,417,114-1075,HUGGINS,MO,65484,S,Y,77500,6.0,2100,1200
Adeline,Hedtstuck,203,189-1307,WATERBURY,CT,6703,M,Y,23000,5.0,0,0
Viv,Purao,701,150-1824,MERCER,ND,58559,M,Y,1500,2.1,0,3300
Aneurin,Kaushik,318,115-1223,BOSSIER CITY,LA,71112,S,N,45000,6.0,4500,0
Shepherd,Strouf,724,170-1206,PEACH BOTTOM,PA,17563,S,Y,49000,3.07,0,0
Jihie,Arguello,202,126-1512,WASHINGTON,DC,20524,M,Y,30000,9.0,0,1370
Wenwey,Zaiane,785,163-1802,HARTMAN,WV,66838,S,N,83000,6.45,2250,0
Barun,Stasinski,205,170-1426,ATHENS,AL,35612,M,Y,27500,5.0,0,300
Sibsankar,Halpin,501,166-1863,DYER,AR,72935,M,N,24000,5.9243455,0,0
Yimeng,Yasumatsu,973,197-1583,TRENTON,NJ,8606,M,Y,56500,1.9756354,0,1500
Massimo,Tomeh,808,197-1618,MADISON LAKE,NV,96808,S,Y,5500,2.030921,1040,1040
Dolores,Lesser,803,163-1975,FINGERVILLE,SC,29338,S,N,19000,7.0,3300,0
Hung,Roush,415,136-1358,SANTA CLARA,CA,95051,M,Y,44500,9.3,0,272
Jonghoon,Ritcey,971,156-1873,HARTMAN,WV,97342,S,N,23000,9.0,159,0
Charlotte,Gyssens,717,177-1001,NEW WILMINGTON-typoLA VETA,PA-typoMI,16142,S,Y,49500,3.07,0,0
Hanoch,Bentzien,605,140-1263,TEA,SD,57064,M,Y,82000,0.0,0,0
Virendra,Sakomoto,662,141-1252,ALMONT,MI,38704,S,N,84500,5.0,6000,0
Heping,Achugbue,302,161-1239,MONTCHANIN,DE,19710,S,Y,22500,3.3931818,110,110
Xiang,Hubbner,712,101-2039,CLARENCE,IA,52216,M,Y,48500,7.651424,0,40
Yijun,Bourcier,931,113-1337,CHATTANOOGA,TN,37405,S,Y,38500,0.0,0,0
Nandyala,Boari,801,162-1133,KANAB,UT,84741,S,Y,81000,7.0,2475,2475
Roya,Hemenway,203,174-1111,NORTH STONINGTON,CT,6359,S,Y,90500,5.0,12750,0
Anatoly,Maslak,585,141-1169,WESTBURY,NY,11597,M,N,38000,4.1737804,0,0
Wijnand,Durre,423,105-1521,CHAPEL HILL,TN,37034,M,Y,2000,0.0,0,0
Yonghuai,Margarian,707,186-1945,DUNLAP,CA,93621,M,Y,72500,9.3,0,272
Ivo,Karthikeyan,208,136-1003,MERIDIAN,ID,83680,S,N,44500,7.8,3300,0
Yexuan,Kernebeck,985,103-1463,RINGGOLD,LA,71068,S,Y,41500,6.0,4500,1000
Guansong,Haznedar,903,149-1744,BONHAM,TX,75418,S,Y,27500,0.0,0,0
Renata,Carrera,218,178-1793,GLENWOOD,MN,56334,M,Y,76000,7.85,0,3300
Refik,Strzalkowski,763,122-1458,JACOBSON,MN,55752,S,N,53000,7.0837245,3300,0
Sarosh,Hofmeyr,515,181-1199,CARBON,IA,50839,S,Y,52000,8.191746,40,40
Andi,ORiain,864,128-1256,HODGES,SC,29695,S,N,2500,2.5,3300,0
Arnaud,Ziegler,435,116-1082,SALT LAKE CITY,UT,84152,M,Y,79000,7.0,0,2475
Minh,Routh,503,113-1681,SUBLIMITY,OR,97385,M,N,1500,5.0,0,0
Yunming,Brule,505,111-1164,BEACON FALLS,IA,87023,S,N,28000,5.3,3300,0
Jochen,Gniady,909,174-1856,LAGUNA HILLS,CA,92653,M,Y,40000,8.951314,0,272
Vaagan,Belz,540,126-1470,KING GEORGE-typoBEACON FALLS,GA,22485,M,Y,48000,5.75,0,900
Hiroaki,Carla,505,191-1774,PINOS ALTOS,NM,88053,S,Y,59500,5.3,3300,3300
Ingbert,Cornelius,318,106-1369,SUN,LA,70463,M,Y,37500,6.0,0,1000
Roya,Pargas,301,131-1006,TOWSON,MD,21286,S,N,46500,4.75,2400,0
Cimarron,Kratochvil,253,136-1674,WINTHROP,WA,98862,M,Y,90500,0.0,0,0
Tohru,Canepa,304,181-1008,SELBYVILLE,WV,26236,M,Y,43000,5.3100004,0,2000
Ermanno,Stauduhar,207,117-1999,CLIFF ISLAND,ME,4019,S,N,57000,8.5,2850,0
Weiye,Kobylarz,339,111-1259,ALMONT,WV,2189,S,Y,78500,5.3,3575,1000
Woo,Elenbaas,309,170-1396,CRYSTAL LAKE,IL,60039,S,Y,40000,3.0,2000,2000
Jungyun,Darche,208,116-1403,NORTH FORT MYERS,ID-typoMI,83211,M,Y,14500,5.387107,0,3300
Sylvain,Eklundh,615,148-1646,COOKEVILLE,TN,38506,S,N,74500,0.0,0,0
Steinar,Brodley,216,170-1548,NEW WESTON,OH,45348,S,N,27500,1.4588847,1300,0
Shengrui,Kavasseri,406,112-1533,EDGAR,MT,59026,M,N,27000,6.9,0,0
Brant,Atchley,603,195-1657,WEST OSSIPEE,NH,3890,S,Y,22000,0.0,0,0
Nageshwar,Daws,701,103-1006,WEST FARGO,ND,58078,M,N,23500,2.1,0,0
Raimund,Bourcier,308,157-1198,SHICKLEY,NE,68436,M,N,58000,6.84,0,0
Jinchang,Snoeyink,603,122-1390,NASHUA,NH,3063,S,N,48000,0.0,0,0
Alfons,Gascon,605,111-1752,LONG VALLEY,SD,57547,S,N,500,0.0,0,0
Yukio,Mattison,641,139-1874,HAMPTON,IA,50441,M,N,83000,8.98,0,0
Hongguang,Greitane,413,138-1231,LANESBORO,MA,1237,S,N,19000,5.3,3575,0
Eliana,Sloope,620,153-1870,MISSION,KS,66205,S,Y,28500,6.1549997,2250,2250
Zeger,Heines,847,183-1038,ISLAND LAKE-typoALMONT,IA,60042,M,Y,93000,3.0,0,2000
Nechama,Grandbois,401,158-1002,FORESTDALE,RI,2824,S,Y,44000,0.0,0,0
Lance,Dimitoglou,606,170-1906,BONNYMAN,KY,41719,M,Y,4500,2.0833333,0,20
Hideko,Autin,623,111-1897,SASABE,AZ,85633,M,Y,28000,3.149,0,2300
Hidetsune,Tahi,701,179-1015,RICHARDTON,ND,58652,S,N,90500,2.8048086,3300,0
Sauro,Stacy,304,187-1090,GLADY,WV,26268,M,N,81500,6.5,0,0
Marcello,Losco,706,195-2048,ATLANTA,GA,30338,M,N,56000,6.0,0,0
Marilyn,Diskin,205,106-2022,SUMMERDALE,AL,36580,S,Y,13000,5.0,1500,300
Elof,Baj,931,150-1302,ROCKVALE,TN,37153,S,Y,94000,0.0,0,0
Zoe,Khanna,954,108-1305,MELROSE,FL,32666,S,N,35500,0.0,0,0
Tatung,Cosoroaba,808,119-1596,KEKAHA,HI,96752,M,N,32500,6.898026,0,0
Meiliu,Enselme,847,154-1346,WADSWORTH,IL,60083,S,Y,93000,3.0,2000,2000
Dong,Lipper,518,171-1409,ROCHESTER,NY,14616,S,Y,71000,4.364939,0,1000
Akhil,Berstel,703,192-1077,HARTMAN,VA-typoIA,20152,M,Y,31000,5.75,0,900
Gokhan,Loulergue,304,166-1983,PARKERSBURG,WV,26103,S,N,29500,4.365,2000,0
Stylianos,Wedberg,479,195-1456,TRUMANN,AR,72472,M,N,65500,7.0,0,0
Jayme,Banach,734,180-1643,EMMETT,MI,48022,S,N,86000,3.9,3100,0
Sadakazu,Schonegge,406,175-1973,CHARLO,MT,59824,S,N,34500,6.9,1900,0
Enoch,Fleck,319,168-1573,KEOKUK,IA,52632,M,N,2000,0.47285026,0,0
Barnett,Royer,808,142-1217,J B P H H,HI,96860,S,N,29000,6.267105,1040,0
Kendall,Gils,765,121-1860,WEST LAFAYETTE,IN,47906,S,Y,74000,3.4,1000,1000
Aura,Kara,402,123-1982,BROWNVILLE,NE,68321,M,Y,5000,3.0217428,0,103
Komei,Kracsony,480,172-2086,PEORIA,AZ,85383,S,N,64500,3.7147498,2100,0
Freimut,Usher,605,183-1494,LONG VALLEY,SD,57547,S,N,69500,0.0,0,0
Yoshimitsu,Brunovsky,603,111-1256,ROCHESTER,NH,3866,M,N,53500,0.0,0,0
Hiroya,Cappo,740,153-1916,POTSDAM,OH,45361,M,N,97000,3.7659283,0,0
Arlette,Krasemann,616,120-1375,HAMBURG,MI,48139,S,Y,500,3.9,3100,3100
Gertrude,Kaly,859,159-1139,CLOVERPORT,KY,40111,M,Y,7500,2.25,0,20
Sadaki,Elustondo,254,130-1653,HARTMAN,NV,75754,M,N,81500,0.0,0,0
Alain,Habra,775,181-1840,LAS VEGAS,NV,89178,S,N,56000,0.0,0,0
Dayanand,Eizirik,804,189-1916,RICHMOND,VA,23269,S,N,39500,5.75,900,0
Uptal,Dasu,505,139-1627,CHAPARRAL,NM,88081,M,Y,25500,5.3,0,3300
Tatsuhiro,Douligeris,417,135-1157,SAINT LOUIS,MO,63136,S,N,89000,6.0,2100,0
Xiaola,Gesli,219,199-2016,NOTRE DAME,IN,46556,S,N,56000,3.4,1000,0
Amalia,Laxer,307,187-1273,CHEYENNE-typoLA VETA,CT,82006,M,Y,71500,0.0,0,0
Eenjan,Groger,787,136-1369,PATILLAS,PR,723,S,Y,65500,0.0,0,0
Serban,Rahmel,954,162-1108,FORT LAUDERDALE,FL,33307,M,N,38000,0.0,0,0
Nong,Voskamp,612,190-1517,HOUSTON,MN,55943,S,N,64500,7.6973853,3300,0
Lifeng,Jarzembski,719,138-1251,GRANITE-typoHARTMAN,CO-typoNV,81228,M,Y,36500,4.63,0,0
Ville,Schattler,808,170-1787,HONOLULU,HI,96839,M,N,79500,8.25,0,0
Keith,Giradot,808,138-1752,PRINCEVILLE,HI,96722,M,Y,52000,8.25,0,1040
Iqbal,Casteran,307,166-1270,GLENROCK,WY,82637,S,N,79500,0.0,0,0
Ryouichi,Rice,610,120-1233,WESTPORT,PA,17778,M,N,61500,3.07,0,0
Chuen,Kushner,816,141-1163,VULCAN-typoHARTMAN,MO-typoWV,63675,S,Y,72500,6.0,2100,1200
Demetrios,Tanida,504,177-1494,HESSMER,LA,71341,S,N,54000,6.0,4500,0
Yuka,Kabra,843,169-1720,MARIETTA,SC,29661,S,N,42000,7.0,3300,0
Goh,Barbuti,939,171-1121,AGUAS BUENAS,PR,703,M,N,61500,0.0,0,0
Jarir,Chappell,702,196-1920,INCLINE VILLAGE,NV,89450,M,N,74000,0.0,0,0
Alicja,Wahls,864,127-1500,LYNCHBURG,SC,29080,M,Y,28000,7.0,0,3300
Cris,Huberman,724,187-1690,MADISON LAKE,MI,16217,S,Y,23000,3.07,0,0
Huiqun,Coppo,775,170-1755,CRYSTAL BAY,NV,89402,M,Y,24500,0.0,0,0
Yohei,Yemeni,770,163-1740,NELSON,GA,30151,M,Y,48000,6.0,0,3000
Viktors,Weischedel,701,182-1878,BISMARCK,ND,58505,M,Y,86500,2.7584395,0,3300
Serafim,Murro,814,162-1087,DANIELSVILLE,PA,18038,S,N,86000,3.07,0,0
Konstantin,Lamparter,251,165-1189,EASTABOGA,AL,36260,M,N,88500,5.0,0,0
Junichiro,Joslin,509,137-1343,SEATTLE,WA,98145,M,N,13000,0.0,0,0
Divesh,Gitler,580,145-1887,TULSA,OK,74129,M,Y,52500,6.25,0,1000
Jem,Matthew,701,116-1842,MADISON LAKE,NV,58783,M,Y,5000,2.1,0,3300
Leelanivas,Vanuxeem,781,144-1202,LOWELL,MA,1852,S,Y,98000,5.3,3575,1000
Indradeep,Roush,313,192-1343,PULLMAN,MI,49450,S,Y,44000,3.9,3100,3100
Jason,Plutat,928,100-1357,BAGDAD,AZ,86321,S,N,48000,3.4589999,2100,0
Henner,Wergeland,870,131-1012,LA VETA,WV,72659,S,N,68500,7.0,20,0
Maryalice,Hassan,802,131-1908,SHAFTSBURY,VT,5262,M,Y,40500,3.8108919,0,3300
Dongdai,Tuomenoksa,631,176-1233,SYOSSET,NY,11773,M,N,82500,4.431555,0,0
Emilo,Broodsky,713,161-1817,NORTH RICHLAND HILLS,TX,76182,M,N,4500,0.0,0,0
Yeogirl,Llado,661,113-1198,FRESNO,CA,93714,S,N,40500,9.069353,87,0
Mingsen,Leiba,939,143-1076,GARROCHALES,PR,652,S,N,83500,0.0,0,0
Kieron,Drabenstott,334,168-1033,IDER,AL,35981,M,Y,96500,5.0,0,300
Aura,Marriott,208,184-2075,NAMPA,ID,83687,S,Y,85000,7.8,3300,3300
Francois,Kruyt,401,154-1101,CHEPACHET,RI,2814,S,Y,63000,0.0,0,0
Yohji,Nabeshima,504,186-1156,NEW ORLEANS,LA,70166,S,Y,100000,6.0,4500,1000
Seongsoo,Frisse,208,175-1175,NOTUS,ID,83656,M,Y,35500,7.8,0,3300
Aloysius,Oestreicher,913,130-1142,KANSAS CITY,KS,66110,M,N,75000,6.45,0,0
Sivarama,Renker,303,128-1269,CENTRAL CITY,CO,80427,S,N,80500,4.63,0,0
Jarke,Lenart,318,110-1992,ENTERPRISE,LA,71425,S,Y,35500,6.0,4500,1000
Kazuyuki,Gerstenkorn,912,194-2056,ACWORTH,GA,30101,S,N,14000,6.0,2700,0
Daisy,Shemesh,434,112-2085,DISPUTANTA,VA,23842,M,Y,53500,5.75,0,900
Jayanti,Szelepcsenyi,660,119-1018,HARDIN,MO,64035,M,N,16500,6.0,0,0
Alek,Seliger,626,142-1247,SAN JOSE-typoHARTMAN,IA,95129,M,N,8000,1.3968457,0,0
Belen,Ravn,360,121-1883,METALINE FALLS,WA,99153,M,Y,91500,0.0,0,0
Ilsoo,Strauss,401,127-1328,PRUDENCE ISLAND,RI,2872,M,Y,58500,0.0,0,0
Asim,Vongsathorn,860,122-1835,WATERBURY,CT,6703,M,Y,75500,5.0,0,0
Haiyen,Bogomolov,360,175-1788,SUQUAMISH,WA,98392,M,Y,23500,0.0,0,0
Margrit,Dantas,401,144-1442,WARWICK,RI,2887,M,Y,26500,0.0,0,0
Shigetaka,Sikic,802,117-1208,SOUTH BURLINGTON,VT,5407,S,N,85000,4.69624,3300,0
Johannes,Cronau,303,120-1478,WESTMINSTER,CO,80035,M,Y,11500,4.63,0,0
Munish,Pezze,808,190-1976,HONAUNAU,HI,96726,S,N,39000,8.0697365,1040,0
Ping,Missinai,203,172-1513,WEST HARTFORD,CT,6107,M,Y,27000,5.0,0,0
Weiye,Szilard,860,194-2058,MERIDEN,CT,6451,M,N,31000,5.0,0,0
Adelinde,Angelopoulos,803,106-2049,GREENVILLE,SC,29610,M,Y,95500,7.0,0,3300
Ippolito,Ratz,785,196-2084,WICHITA,KS,67235,M,N,13500,3.5,0,0
Misha,Zolla,401,179-1448,PORTSMOUTH,RI,2871,S,N,87000,0.0,0,0
Jesas,Hebden,703,119-1297,ROUND HILL,VA,20142,M,Y,73000,5.75,0,900
Bogdan,Capon,406,197-1198,TURNER,MT,59542,M,Y,64000,6.9,0,1900
Henri,Imbert,931,108-1332,HENNING,TN,38041,S,Y,91500,0.0,0,0
Bracha,Baucke,253,138-1342,ROCKFORD,WA,99030,S,N,18500,0.0,0,0
Aydin,Schizas,860,119-1615,DERBY,CT,6418,S,N,11500,5.0,12750,0
Viktors,Zisman,208,173-1062,HARRISON,ID,83833,S,N,14500,5.387107,3300,0
Toshihiko,Reid,864,180-1148,CORDESVILLE,SC,29434,S,N,55500,7.0,3300,0
Aad,Gyenizse,801,182-1972,SALT LAKE CITY,UT,84111,M,N,82000,7.0,0,0
Edison,Buchholz,580,114-2038,SHADY POINT,OK,74956,M,Y,81500,6.25,0,1000
Chengxiang,Cheriyan,954,164-1873,OCALA,FL,34476,M,Y,39500,0.0,0,0
Djordje,Moffat,586,113-1641,HICKORY CORNERS,MI,49060,S,N,94000,3.9,3100,0
Peder,Stanica,928,127-1868,GLENDALE,AZ,85313,M,Y,68500,3.7767498,0,2300
Patrizia,Suchan,901,146-1426,DICKSON,TN,37056,S,Y,4000,0.0,0,0
Gregory,Leitold,401,162-1564,CAROLINA,RI,2812,S,N,39000,0.0,0,0
Teresemarie,Terrel,202,166-1753,WASHINGTON,DC,20413,S,N,70000,9.0,1370,0
Clare,Leonidas,804,102-1553,ARRINGTON,VA,22922,M,N,10000,3.875,0,0
Harpreet,Ternovskaia,917,185-1507,SEAFORD,NY,11783,M,N,42000,4.1969514,0,0
Haym,Houghland,734,159-1684,PALO,MI,48870,M,N,16500,3.9,0,0
Alf,Fleckenstein,907,171-1417,ANCHORAGE,AK,99522,M,N,13500,0.0,0,0
Jaco,Josifovski,775,180-1543,LAS VEGAS,NV,89101,S,Y,43000,0.0,0,0
Wenhui,Dondina,801,199-1609,PARK CITY-typoALMONT,CT,84098,M,Y,78500,7.0,0,2475
Raschid,Kankaanpaa,551,173-1867,FREEHOLD,NJ,7728,S,N,94500,2.574927,1000,0
Badri,Sandin,334,124-1522,SUNFLOWER,AL,36581,M,Y,69500,5.0,0,300
Margherita,Kopanas,415,148-1569,MOJAVE,CA,93502,M,N,99000,9.3,0,0
Tingfang,Emmert,662,130-1294,BILOXI,MS,39534,S,N,76000,5.0,6000,0
Hanna,Ashtaputre,860,140-1376,CHESTER,CT,6412,M,N,19500,5.0,0,0
Kemji,Voiskunskii,913,183-1834,NEKOMA,KS,67559,M,Y,26500,5.7616663,0,2250
Duminda,Ehara,701,154-1333,NOONAN,ND,58765,S,Y,41000,2.2309923,3300,3300
Galeno,Berger,505,118-1153,CAPITAN,NM,88316,S,Y,11500,3.757143,3300,3300
Giordano,Iravani,878,187-1346,MONOCACY STATION,PA,19542,M,N,1000,3.07,0,0
Periklis,Price,203,172-1522,SOMERSVILLE,CT,6072,S,N,56000,5.0,12750,0
Emil,Pelayo,203,137-1791,SANDY HOOK,CT,6482,M,N,11000,5.0,0,0
Kam,Darche,320,169-1011,MIZPAH,MN,56660,S,Y,71000,7.85,3300,3300
Wunnava,Grunupp,865,174-1230,LIVINGSTON,TN,38570,S,N,46500,0.0,0,0
Bredan,Babad,478,103-1630,STATHAM,GA,30666,S,Y,13000,6.0,2700,3000
Wenhua,Jarzabek,508,196-1984,TYNGSBORO,MA,1879,M,N,93500,5.3,0,0
Annalisa,Odberg,248,121-1461,TROY,MI,48083,M,N,48500,3.9,0,0
Henda,Powell,701,145-1754,SOUTH HEART,ND,58655,M,N,8000,2.1,0,0
Duke,Mussi,304,129-2068,LOCHGELLY,WV,25866,S,Y,51000,5.87,2000,2000
Kella,Sahnmugasundaram,971,192-1928,SPRAY,OR,97874,M,Y,58500,9.0,0,159
Dongsu,Devroye,406,123-1400,HELENA,MT,59625,M,N,57500,6.9,0,0
Vinton,Raeithel,406,139-1841,BOZEMAN,MT,59715,S,N,53000,6.9,1900,0
Seokwon,Nemeth,939,140-2089,GUAYANILLA,PR,656,M,N,96500,0.0,0,0
Jayanata,Brodnik,775,166-2086,SLOAN,NV,89054,S,Y,63500,0.0,0,0
Syed,Hohne,208,165-1716,GRANGEVILLE,ID,83530,M,Y,24500,7.8,0,3300
Vicent,Gheorghiu,276,126-1495,HALIFAX,VA,24558,S,Y,90000,5.75,900,900
Nikunja,Rauhe,256,174-1398,FAIRHOPE,AL,36532,S,N,99000,5.0,1500,0
Nagi,Clint,307,153-1461,GROVER,WY,83122,M,Y,98500,0.0,0,0
Amalia,D'Ambra,918,171-1258,BLANCO,OK,74528,M,Y,42500,6.25,0,1000
Masao,Cullers,623,133-1276,SPRINGERVILLE,AZ,85938,M,Y,60500,3.65275,0,2300
Liwu,Caticha,913,153-1456,KANSAS CITY,KS,66110,M,N,3000,3.5,0,0
Willibald,Welcome,939,125-1744,CAROLINA,PR,985,S,N,82000,0.0,0,0
Funda,Krivanek,509,198-1156,ALMONT,WA-typoGA,98292,M,Y,2000,0.0,0,0
Farida,DiGiano,860,178-1774,NEW HAVEN,CT,6536,M,N,22000,5.0,0,0
Tung,Heyers,703,196-1842,UPPERVILLE,VA,20185,M,N,45500,5.75,0,0
Jinya,Haenni,202,172-1214,WASHINGTON,DC,20524,S,N,98000,9.0,1370,0
Kijoo,Anjum,228,135-1578,RAYMOND,MS,39154,S,Y,83000,5.0,6000,1500
Gopal,Lejter,339,109-1355,SHARON,MA,2067,S,Y,57000,5.3,3575,1000
Jianan,Murta,312,119-1213,SAINT JOSEPH,IL,61873,S,N,1000,3.0,2000,0
Satish,Laver,803,194-1663,FINGERVILLE,SC,29338,S,N,51500,7.0,3300,0
Xianfeng,Protzen,609,163-1195,KINGSTON,NJ,8528,S,N,87000,2.456646,1000,0
Yacoub,Oestreicher,301,168-1429,RAWLINGS-typoLA VETA,GA,21557,S,N,11000,4.75,2400,0
Dany,Ikei,313,185-1756,MOUNT CLEMENS,MI,48046,S,N,86000,3.9,3100,0
Samphel,Dulin,334,156-1591,TOXEY,AL,36921,S,Y,10000,5.0,1500,300
Guangyi,Collett,540,164-1448,ARLINGTON,VA,22225,S,Y,52000,5.75,900,900
Liane,Rothwell,727,149-2032,LAKE WORTH,FL,33449,S,N,24000,0.0,0,0
Eishiro,Abuhamdeh,207,191-2011,SMYRNA MILLS,ME,4780,S,N,22500,8.5,2850,0
Virgilio,Whitely,406,193-1275,CORAM-typoHARTMAN,MT-typoGA,59913,M,N,22000,6.9,0,0
Weiguo,Rane,720,138-2038,AURORA,CO,80015,S,Y,97000,4.63,0,0
Valentino,Bruckman,239,138-1376,GREEN COVE SPRINGS,FL,32043,M,Y,20000,0.0,0,0
Yezdi,Rettinger,785,197-1489,MISSION,KS,66205,M,Y,73500,6.45,0,2250
Teruaki,Kochevar,414,173-1386,WILLIAMS BAY,WI,53191,S,Y,17500,4.7504687,700,400
Nunzio,Anguita,307,198-1469,GARRETT,WY,82058,M,Y,7000,0.0,0,0
Wesley,Plesniewicz,724,170-1135,BOWMANSDALE,PA,17008,M,Y,49000,3.07,0,0
Johnathan,Picel,787,130-1558,ARECIBO,PR,614,S,Y,55000,0.0,0,0
Fabricio,Gunal,479,109-1076,TUCKER,AR,72168,S,N,100000,7.0,20,0
Mitsushi,Faulstich,201,184-2068,POMONA,NJ,8240,M,N,500,1.4,0,0
Mukkai,Iciki,228,130-1014,ALLIGATOR,MS,38720,M,N,22500,5.0,0,0
Senro,Swen,423,189-1226,ROAN MOUNTAIN,TN,37687,M,Y,78000,0.0,0,0
Byoung,Hodzic,302,126-1905,WILMINGTON,DE,19895,S,Y,16500,2.9840908,110,110
Fernand,Cheikhrouhou,256,123-1210,CARLTON,AL,36515,M,N,24000,5.0,0,0
Muthu,Caneghem,860,138-1132,CENTRAL VILLAGE,CT,6332,M,N,85500,5.0,0,0
Abigail,Akl,918,117-1483,SNOW-typoALMONT,MI,74567,S,Y,93500,6.25,1000,1000
Maike,Broek,574,118-1760,WADESVILLE,IN,47638,S,N,39000,3.4,1000,0
Ivo,N'Dong,276,154-1233,VIRGINIA BEACH,VA,23463,S,N,66000,5.75,900,0
Wolfgang,Deville,574,186-1978,GARY-typoLA VETA,IN-typoWV,46407,M,N,4500,3.4,0,0
Johnny,Callegarin,240,176-1732,MARBURY,MD,20658,S,N,81500,4.75,2400,0
Romulus,Thorelli,406,113-1609,COLUMBIA FALLS,MT,59912,M,Y,2000,1.0,0,1900
Ataru,Ohtsu,808,110-1038,M C B H KANEOHE BAY,HI,96863,M,Y,5500,2.030921,0,1040
Idoia,Nacsa,678,110-1011,HOSCHTON,GA,30548,S,N,86500,6.0,2700,0
Avadis,Lienhardt,505,126-1496,SANTA FE,NM,87504,M,N,90000,5.3,0,0
Shizuo,Corneil,928,124-1688,MARICOPA,AZ,85138,M,N,46000,3.428,0,0
Wenci,Naumovich,701,108-1015,NEW SALEM,ND,58563,M,N,17500,2.1,0,0
Aarti,Atchley,808,160-1291,HONOLULU,HI,96820,S,Y,19000,4.4644737,1040,1040
Rohini,Gentile,208,148-1172,SANDPOINT,ID,83864,S,Y,6500,3.1161485,3300,3300
Tadanori,Henderson,630,156-1966,JANESVILLE,IL,62435,S,Y,30000,3.0,2000,2000
Pierangela,Maleki,401,178-1810,MIDDLETOWN,RI,2842,M,N,62500,0.0,0,0
Gil,Warschat,801,161-1183,HATCH,UT,84735,M,Y,61000,7.0,0,2475
Haiming,Vouros,845,140-1597,BETHEL,NY,12720,S,N,9000,4.0057926,0,0
Ymte,Farrar,317,100-1535,BLOOMINGTON,IN,47407,S,Y,39500,3.4,1000,1000
Gardner,Blackard,205,184-1751,NAUVOO,AL,35578,M,Y,16500,5.0,0,300
Will,Gustafsson,205,109-1491,MOUNDVILLE,AL,35474,M,N,57000,5.0,0,0
Surendranath,Moshiri,715,130-1651,FERRYVILLE,WI,54628,M,Y,5000,4.6,0,400
Phaiboon,Tascini,503,116-1184,FORT ROCK,OR,97735,S,Y,43000,9.0,159,159
Barun,Usha,406,114-1831,LA VETA,MT-typoMI,59074,M,Y,25000,6.9,0,1900
Cameron,Cosby,267,127-1277,VALLEY FORGE,PA,19495,S,N,70500,3.07,0,0
Shian,Ortmann,808,196-1776,TRIPLER ARMY MEDICAL CENTER,HI,96859,M,Y,86500,8.25,0,1040
Barb,Giovini,505,129-1103,ESTANCIA,NM,87016,M,N,9500,3.0714288,0,0
Fikri,Luders,304,107-1605,IVYDALE,WV,25113,S,Y,34500,4.715,2000,2000
Fredo,Suraweera,848,142-1356,PLUCKEMIN,NJ,7978,M,Y,30000,1.5577083,0,1500
Jorrge,Urbani,907,129-1291,KALTAG,AK,99748,M,N,79000,0.0,0,0
Piyawadee,Sundareshan,541,160-1195,THURSTON,OR,97482,S,N,18000,9.0,159,0
Leyuan,Cowan,574,111-2091,LIBERTY MILLS,IN,46946,M,Y,25000,3.4,0,1000
Bedir,Nota,731,149-2015,DOYLE,TN,38559,S,Y,21000,0.0,0,0
Maynard,Stolovitch,765,140-1610,NEW MARKET,IN,47965,M,N,42500,3.4,0,0
Jaroslav,Bolloju,716,115-1787,ALBANY,NY,12204,S,Y,39000,4.179573,0,1000
Shigeichiro,Inamori,212,106-1833,MONROE,NY,10949,S,N,8500,4.0028963,0,0
Elad,Maehly,804,144-1243,LOVINGSTON,VA,22949,M,Y,8500,3.4732141,0,900
Noritaka,Farsi,605,144-1846,SIOUX FALLS,SD,57195,M,N,9000,0.0,0,0
Adarsh,Best,949,195-1172,LOS GATOS,CA,95030,S,N,46500,9.3,87,0
Willemien,Carlstrom,801,121-1584,SALT LAKE CITY,UT,84165,S,Y,11500,7.0,2475,2475
Sugih,Rado,769,127-1330,NOXAPATER,MS,39346,S,N,92500,5.0,6000,0
Libby,Loewenstern,336,120-1062,MOORESVILLE,NC,28115,M,N,75500,7.3164334,0,0
Lyudmil,Kuiper,801,123-2019,THOMPSON,UT,84540,M,Y,1000,2.4866376,0,2475
Tuyan,Kitai,803,109-1999,ORANGEBURG,SC,29116,S,Y,51000,7.0,3300,3300
Yefim,Orleans,501,107-1250,MAGNOLIA,AR,71754,S,Y,73500,7.0,20,20
Foster,Mittal,203,142-1605,NORWALK,CT,6859,M,Y,90500,5.0,0,0
Fikri,Argamon,775,146-1254,MADISON LAKE,NV-typoMI,89404,M,N,60000,0.0,0,0
Roope,Minnear,401,129-1970,WARWICK,RI,2888,M,N,80500,0.0,0,0
Xian,Gribble,551,187-1123,BELVIDERE,NJ,7823,S,Y,23000,1.4473125,1000,1500
Carma,Noel,351,120-1795,LA VETA,WV,1525,S,Y,3500,5.3,3575,1000
Yuejiang,Eckstein,956,107-1221,TENAHA,TX,75974,M,N,57000,0.0,0,0
Inger,Stanion,808,121-1971,KAPAA,HI,96746,S,Y,18500,4.374342,1040,1040
Chienwen,Lehar,864,142-1597,CORDOVA,SC,29039,M,Y,91000,7.0,0,3300
Gavin,Cestnik,918,183-1569,DAVIDSON,OK,73530,S,N,78000,6.25,1000,0
Arnim,Menninger,443,103-1883,LAUREL,MD,20709,S,N,77500,4.75,2400,0
Breannda,Janocha,816,112-1123,CATRON,MO,63833,M,N,29500,6.0,0,0
Baio,Marshall,207,122-1077,WATERVILLE,ME,4901,S,Y,80000,8.5,2850,2850
Kostas,Naslund,440,184-1871,MC GUFFEY,OH,45859,M,N,73000,2.9692512,0,0
Loring,Neidhardt,631,196-1118,HOMER,NY,13077,S,N,14500,4.0376525,0,0
Donko,Colnari,202,186-1478,WASHINGTON,DC,20453,S,N,65000,9.0,1370,0
Houston,Lotkin,580,116-1498,SKIATOOK,OK,74070,M,N,54000,6.25,0,0
Radu,Pham,602,157-1307,EHRENBERG,AZ,85334,S,Y,35500,3.26525,2100,2300
Concettina,Brolio,978,133-1017,LAKEVILLE,MA,2347,S,Y,37000,5.3,3575,1000
Lunjin,Hadjidimos,603,157-1620,CHESTER,NH,3036,M,N,7500,0.0,0,0
Carmelo,Sawada,765,119-1781,BOONE GROVE,IN,46302,M,Y,51500,3.4,0,1000
Benton,Baldoza,443,106-1614,BITTINGER,MD,21522,S,N,31500,4.75,2400,0
Eugenia,Tavs,701,182-1983,DICKINSON,ND,58601,M,Y,41500,2.2367885,0,3300
Moses,Parson,281,187-1126,BARKER,TX,77413,M,Y,9500,0.0,0,0
Wenhui,Rege,814,177-1917,OXFORD,PA,19363,S,N,11000,3.07,0,0
Jacque,Affisco,708,173-1305,PEARL CITY,IL,61062,S,N,95000,3.0,2000,0
Arnie,Mallela,502,137-1951,FARMERS,KY,40319,M,N,95500,6.0,0,0
Vaughn,Constantineau,505,101-1049,CANONES,NM,87516,S,N,74500,5.3,3300,0
Michihiro,Zobel,410,113-1564,BURKITTSVILLE,MD,21718,M,N,81500,4.75,0,0
Hongbing,Katzberg,775,124-1626,LUNING,NV,89420,S,Y,71000,0.0,0,0
Sanjive,Il'in,440,134-1164,IRONDALE,OH,43932,M,Y,31000,1.5750668,0,1300
Changwook,Pearce,605,164-1199,UTICA,SD,57067,M,Y,78000,0.0,0,0
Zhiyi,Beauvieux,769,118-1534,ROME,MS,38768,M,N,42000,5.0,0,0
Rajamani,Witschorik,208,162-1575,PARMA,ID,83660,S,Y,92500,7.8,3300,3300
Hon,Shumilov,405,135-1564,OKLAHOMA CITY,OK,73157,S,N,74000,6.25,1000,0
Giedrius,Tripathy,304,162-1731,HENDRICKS,WV,26271,M,Y,28500,4.295,0,2000
Chunho,Lovas,435,118-1219,RIVERSIDE,UT,84334,S,N,83000,7.0,2475,0
Kyoichi,Munck,828,157-1213,BOONVILLE,NC,27011,M,N,7500,6.0,0,0
Thoshiaki,Beaucoudrey,562,116-1741,WESTLAKE VILLAGE,CA,91361,M,N,37500,8.361121,0,0
Seshashayee,Ciolek,574,146-1622,MADISON LAKE,IN-typoWV,46637,M,Y,44500,3.4,0,1000
Jian,Motoki,505,147-1323,HARTMAN,IA,88255,S,Y,78000,5.3,3300,3300
Eljas,Miike,603,186-1877,ASHUELOT,NH,3441,M,N,57500,0.0,0,0
Rokia,Sauder,336,194-1121,LAKE LURE,NC,28746,M,Y,4500,6.0,0,3300
Jichang,Charoenkitkarn,913,180-1701,ANTHONY,KS,67003,M,Y,1000,3.5,0,2250
Jianghong,Mossack,912,141-1270,ROME,GA,30162,S,N,39500,6.0,2700,0
Suprakash,Ringeissen,678,199-1755,ARLINGTON,GA,39813,M,Y,96000,6.0,0,3000
Bowden,Gautschi,623,114-1958,MOHAVE VALLEY,AZ,86446,S,Y,5500,2.87,2100,2300
Steven,Dewar,225,115-2016,JENA,LA,71342,M,N,26500,6.0,0,0
Edith,Taubman,939,165-1701,SAN JUAN,PR,933,S,N,36000,0.0,0,0
Yukiyasu,Oberlander,406,154-1988,WHITETAIL,MT,59276,S,N,85500,6.9,1900,0
Suraj,Perz,860,119-1899,BRIDGEPORT,CT,6610,S,N,34000,5.0,12750,0
Jinxi,Kaji,603,181-1244,BOW,NH,3304,S,N,18000,0.0,0,0
Williams,Bekakos,920,111-1660,GREEN BAY,WI,54305,S,Y,54500,5.3933487,700,400
Jean,Schmedding,774,152-1020,TAUNTON,MA,2783,S,Y,18500,5.3,3575,1000
Isabelle,Schweikhardt,307,101-1881,CENTENNIAL-typoNORTH FORT MYERS,IA,82055,S,Y,29000,0.0,0,0
Polly,McNeese,240,121-1502,JESSUP,MD,20794,S,N,77000,4.75,2400,0
Alonso,Suraj,401,193-1840,MADISON LAKE,CT,2854,S,N,70500,0.0,0,0
Rinsjel,DuCasse,505,194-1431,ALBUQUERQUE,NM,87158,S,N,14000,4.614286,3300,0
Shahadat,Haddadi,910,172-1704,GARNER,NC,27529,M,Y,9000,6.0,0,3300
Bishop,Feulner,501,123-1382,MC DOUGAL,AR,72441,M,Y,70500,7.0,0,20
Viv,Iino,828,152-1316,NAPLES,NC,28760,M,N,69500,7.1905594,0,0
Bagirath,Tawera,719,132-1418,ENGLEWOOD,CO,80151,M,N,94500,4.63,0,0
Zine,Yurov,614,196-1819,THORNVILLE,OH,43076,S,N,26000,1.4090923,1300,0
Jeretta,McCann,208,159-1538,BLOOMINGTON,ID,83223,S,Y,26500,7.8,3300,3300
Asaf,Bacciotti,703,125-1809,MADISON LAKE,GA,23415,M,N,57000,5.75,0,0
Springer,Schrodl,623,164-1796,CASA GRANDE,AZ,85194,S,N,98500,4.24175,2100,0
Sourav,Wahbe,507,149-1800,HECTOR,MN,55342,S,N,46000,6.710192,3300,0
Pragnesh,Rask,920,194-1693,RACINE,WI,53404,S,Y,38000,5.106659,700,400
Guglielmo,Aschim,219,150-1698,SOMERSET,IN,46984,S,Y,29000,3.4,1000,1000
Blair,Bhattacharjee,216,147-1046,POWHATAN POINT-typoLA VETA,OH-typoMI,43942,M,Y,20500,1.2265205,0,1300
Liba,Futatsugi,401,119-1785,NORTH FORT MYERS,RI-typoIA,2901,M,Y,57000,0.0,0,0
Mema,Lokketangen,769,108-1316,GEORGETOWN,MS,39078,S,Y,33500,5.0,6000,1500
Cathrine,Gardarin,947,135-1028,COLOMA,MI,49038,S,Y,97000,3.9,3100,3100
HyNode,Hirokawa,843,123-2019,NICHOLS,SC,29581,S,N,47500,7.0,3300,0
Gopi,Aschim,219,142-1741,INDIANAPOLIS,IN,46278,M,Y,93000,3.4,0,1000
Jamel,Altshuler,434,125-1502,STEPHENS CITY,VA,22655,S,Y,78500,5.75,900,900
Emin,Bahk,708,178-1335,JUNCTION,IL,62954,S,N,69000,3.0,2000,0
Czarek,Lindberg,334,136-1083,ARLINGTON,AL,36722,M,Y,65500,5.0,0,300
Wijesuriya,Sowerbutts,815,168-1655,JUNCTION,IL,62954,M,Y,18500,3.0,0,2000
Zineb,Dedood,870,159-1138,VANDERVOORT,AR,71972,M,N,59500,7.0,0,0
Kazuya,Bhavnani,912,103-1881,EXPERIMENT,GA,30212,S,Y,49500,6.0,2700,3000
Nariman,Choon,717,138-1981,NESQUEHONING,PA,18240,S,Y,6500,3.07,0,0
Fei,Koschel,701,107-1323,HORACE,ND,58047,M,Y,48000,2.312138,0,3300
Xuejun,Vogley,727,140-1386,BELL,FL,32619,M,Y,13000,0.0,0,0
Mizuko,Debackere,540,179-1047,WEEMS,VA,22576,M,N,26000,5.75,0,0
Elmer,Nassar,580,188-2070,GLENPOOL,OK,74033,M,Y,25500,6.25,0,1000
Jiangtao,Penn,309,152-1205,SPRINGFIELD,IL,62719,S,N,69000,3.0,2000,0
Shuichi,Buckberry,813,132-1595,LUTZ,FL,33549,M,Y,65000,0.0,0,0
Niranjan,Mandoiu,407,175-1667,SOUTH BAY,FL,33493,S,Y,34000,0.0,0,0
Jingling,Tofts,606,178-1774,BLUE RIVER,KY,41607,M,N,60500,5.1944447,0,0
Amane,Kato,864,188-2074,GREENVILLE,SC,29601,M,Y,49500,7.0,0,3300
Chatschik,Uppaluru,443,137-1115,FREDERICK-typoNORTH FORT MYERS,IA,21704,S,Y,6000,4.75,2400,2400
Hidemitsu,Tepfenhart,847,142-2033,WARRENVILLE,IL,60555,M,N,55500,3.0,0,0
Kazuyuki,Ariola,202,113-1650,WASHINGTON,DC,20597,M,Y,57000,9.0,0,1370
Frantisek,Ratnakar,240,183-1404,BALTIMORE,MD,21281,S,N,31500,4.75,2400,0
Jurn,Verelst,406,191-1402,MONARCH,MT,59463,M,N,21500,6.9,0,0
Timm,Gavrin,563,123-2026,KEOSAUQUA,IA,52565,S,Y,29000,4.641054,40,40
Parimal,Takesue,410,160-1981,CHELTENHAM,MD,20623,S,Y,88000,4.75,2400,2400
Osher,Dahl,307,121-1128,LONETREE-typoNORTH FORT MYERS,IA,82936,M,Y,64000,0.0,0,0
Rafiul,Pordesch,803,142-1382,GREENVILLE,SC,29611,S,Y,11000,6.190175,3300,3300
Maarten,Goullioud,304,176-1219,MOUNT CLARE,WV,26408,S,Y,6500,3.0,2000,2000
Johann,Macpherson,720,111-1870,DENVER,CO,80239,M,Y,70000,4.63,0,0
Shir,Hoppenstand,775,148-1513,LAS VEGAS,NV,89106,S,N,99500,0.0,0,0
Gleb,Ginneken,260,133-2022,BLOOMINGTON,IN,47402,M,N,85500,3.4,0,0
Tiejun,Tuckey,603,191-1742,WHITEFIELD,NH,3598,S,Y,500,0.0,0,0
Lennart,Devore,763,186-1075,ALMONT,WV,56740,M,N,64000,7.670704,0,0
Ubeda,Bonifati,430,174-1936,CARLSBAD-typoALMONT,MI,76934,S,Y,81500,0.0,0,0
Unal,Stamm,701,183-1278,DICKINSON,ND,58602,M,N,94000,2.8453815,0,0
Zoe,Colgate,712,102-1480,INDEPENDENCE,IA,50644,S,Y,22000,3.5604086,40,40
Myuhng,Carre,317,107-1741,LA PORTE,IN,46352,S,Y,7500,3.4,1000,1000
Elad,Rothnie,605,118-1325,ETHAN,SD,57334,M,Y,90000,0.0,0,0
Burkhart,Kaye,908,173-1552,CARTERET,NJ,7008,S,N,67000,2.1412292,1000,0
Xumin,Kawakami,808,117-1253,KAPAAU,HI,96755,M,N,29500,6.357237,0,0
Masamichi,Taka,939,159-1258,SAN JUAN,PR,924,S,Y,54000,0.0,0,0
Rosziati,McMahon,228,117-1302,SHAW,MS,38773,S,N,6000,3.4,6000,0
Woonkyung,Cherian,636,169-1545,HERMANN,MO,65041,S,N,59500,6.0,2100,0
Akiniro,d'Astous,732,197-1486,TRENTON,NJ,8606,S,Y,45000,1.7942708,1000,1500
Carmelo,Trivett,856,161-1793,WAYNE-typoNORTH FORT MYERS,IA,7477,S,N,48000,1.8415833,1000,0
Hamid,Assadi,612,100-1235,ALEXANDRIA,MN,56308,M,Y,62500,7.5906615,0,3300
Kahlil,Ricarte,605,154-1272,POLLOCK,SD,57648,M,N,68000,0.0,0,0
Minshen,Twardowski,606,103-1863,MORGANFIELD,KY,42437,S,N,50000,4.611111,20,0
Kellogg,Mikelsons,505,189-1125,ALBUQUERQUE,NM,87110,M,N,40500,5.3,0,0
Guillaume,Rest,319,165-1226,WALNUT-typoLA VETA,IA-typoGA,51577,S,N,99500,8.98,40,0
Qingyan,Skansholm,769,172-1355,BOYLE,MS,38730,M,N,93500,5.0,0,0
Lodewijk,Pusch,307,175-1055,CHEYENNE,WY,82008,M,Y,89500,0.0,0,0
Echard,Kindlmann,985,157-1575,SIMMESPORT,LA,71369,M,N,53000,6.0,0,0
Owen,Littlewood,605,173-1868,WORTHING,SD,57077,S,N,54000,0.0,0,0
Jen,Perschbacher,801,198-1041,HARTMAN,UT-typoCT,84094,M,N,22000,7.0,0,0
Kiriakos,Alwan,307,142-2037,ROBERTSON,WY,82944,S,Y,21500,0.0,0,0
Kamyar,Kornacker,802,198-1299,NORTH THETFORD,VT,5054,S,Y,10500,3.6,3300,3300
Erich,Rosenkrantz,203,129-1225,BRIDGEPORT,CT,6607,S,N,28500,5.0,12750,0
Dajun,Bhashyam,603,143-1962,NORTH CONWAY,NH,3860,S,N,94000,0.0,0,0
Jordanka,Ampratwum,207,168-1999,AUGUSTA,ME,4336,S,N,64500,8.5,2850,0
Shengrui,Kerr,623,103-1761,MESA,AZ,85208,M,N,71000,3.8154998,0,0
Jianan,Verhofstadt,603,172-1368,SANBORNVILLE,NH,3872,S,Y,3000,0.0,0,0
Daisuke,Bergeretti,334,121-1560,FLOMATON,AL,36441,S,N,3000,5.0,1500,0
Perwez,Robertson,917,100-2094,PAINTED POST,NY,14870,M,N,66500,4.338872,0,0
Kiyokuni,Socolovsky,435,177-1090,SPRING CITY,UT,84662,S,Y,31000,7.0,2475,2475
Avikam,Rayna,302,130-2061,WILMINGTON,DE,19889,S,N,94500,5.95,110,0
Ahmad,Vilot,224,154-1679,BLUFORD,IL,62814,M,N,70000,3.0,0,0
Pieluigi,Carra,848,127-1347,TRENTON,NJ,8603,S,N,14500,1.4,1000,0
Aenne,Yuguchi,253,199-1548,TACOMA,WA,98422,S,N,13000,0.0,0,0
Gerhard,Viveros,414,183-1971,GALLOWAY,WI,54432,S,Y,93000,6.062292,700,400
Yoshinari,Furudate,219,155-1283,AMO,IN,46103,M,Y,5000,3.4,0,1000
Cecylia,Nokel,239,122-1107,SARASOTA,FL,34232,M,N,10500,0.0,0,0
Aikira,Kelb,406,139-1459,FLAXVILLE,MT,59222,M,N,27000,6.9,0,0
Daphne,Stoller,484,151-1565,CREIGHTON,PA,15030,S,Y,3500,3.07,0,0
Lionello,Kumaran,802,139-1735,MONTPELIER,VT,5633,S,Y,29500,3.6,3300,3300
Bohuslav,Beim,954,134-1021,MIAMI,FL,33175,S,Y,37500,0.0,0,0
Yoshinao,Heinzelmann,503,114-1297,FALLS CITY,OR,97344,S,Y,3500,5.8717947,159,159
Mara,Ezer,267,157-1713,COLMAR,PA,18915,S,Y,55500,3.07,0,0
Timothy,Dinstein,914,119-1602,KAUNEONGA LAKE,NY,12749,M,N,62000,4.3128047,0,0
Eneia,Undy,502,148-1263,LOWMANSVILLE-typoALMONT,CT,41232,S,Y,79500,6.0,20,20
Ailamaki,Ash,207,191-1534,ANDOVER,ME,4216,S,N,58500,8.5,2850,0
Song,Lester,401,137-1831,KENYON,RI,2836,M,Y,77000,0.0,0,0
Seiki,Statz,406,152-1229,WYOLA,MT,59089,S,Y,86500,6.9,1900,1900
Kazuhide,Sabnani,859,141-1858,ERILINE,KY,40931,S,N,51000,4.666667,20,0
Stefen,Wagle,787,110-1125,CAROLINA,PR,979,S,N,19000,0.0,0,0
Soufiane,Lakhani,304,181-1346,RODERFIELD,WV,24881,S,N,92000,6.5,2000,0
Weicheng,Roucairol,502,151-1985,TEABERRY,KY,41660,S,Y,14500,2.6388888,20,20
Bastiaan,Striel,620,120-1426,GALVA,KS,67443,M,N,27000,5.8599997,0,0
Demetrios,Kurino,256,178-1487,CASTLEBERRY,AL,36432,M,Y,79000,5.0,0,300
Taghi,Bromley,505,103-1968,HOBBS,NM,88241,S,N,62000,5.3,3300,0
Tianxu,Bardell,208,108-1769,PRESTON,ID,83263,M,Y,79000,7.8,0,3300
Svante,Stentiford,815,127-1451,KEITHSBURG,IL,61442,M,Y,65000,3.0,0,2000
Silvio,Goad,636,155-1659,FRIEDHEIM,MO,63747,S,Y,41000,6.0,2100,1200
Saugata,Bade,641,181-1119,PRAIRIE CITY,IA,50228,S,Y,74500,8.98,40,40
Nicolai,Wuthrich,603,116-1165,SANBORNVILLE,NH,3872,S,N,39000,0.0,0,0
Akeno,Feurzeig,386,147-1297,ROYAL PALM BEACH,FL,33421,S,Y,23000,0.0,0,0
Masahiko,Wetherbe,337,125-2019,KEITHVILLE,LA,71047,M,N,78000,6.0,0,0
Laszlo,Staff,701,196-1744,BALFOUR,ND,58712,S,N,33000,2.1382544,3300,0
Tetsuya,Spiliopoulou,754,149-1078,PUNTA GORDA,FL,33982,M,N,60500,0.0,0,0
Zosimo,Suzaki,612,184-1583,TAYLORS FALLS,MN,55084,S,N,36000,6.176574,3300,0
Hazel,Sezak,225,106-1956,PINEVILLE,LA,71360,S,Y,70000,6.0,4500,1000
Preeti,Layer,602,113-1310,PHOENIX,AZ,85027,S,Y,500,2.87,2100,2300
Kara,Eyre,603,178-1506,EAST CANDIA,NH,3040,M,N,25000,0.0,0,0
Rayond,Falby,769,161-1217,POCAHONTAS,MS,39072,S,N,6500,3.6,6000,0
Valentino,Brunovsky,907,101-1991,SEWARD,AK,99664,S,N,23500,0.0,0,0
Eliezer,Landvogt,203,158-1795,MIDDLEFIELD,CT,6455,S,Y,37500,5.0,12750,0
Meena,Serlin,857,154-1914,NORTH ATTLEBORO,MA,2761,S,N,62000,5.3,3575,0
Hjalmtyr,Skala,308,192-1764,FILLEY,NE,68357,M,Y,100000,6.84,0,103
Sibsankar,Schalk,928,154-2040,LA VETA,AZ-typoIA,85544,S,N,500,2.87,2100,0
Meenakshy,Ghenassia,603,173-1845,SOUTH ACWORTH,NH,3607,S,Y,20000,0.0,0,0
Sumali,Grunsky,218,194-1206,MENTOR,MN,56736,M,N,2500,5.35,0,0
Mordechay,Afsarmanesh,302,138-1181,WILMINGTON,DE,19884,S,N,71000,5.95,110,0
Liem,Pons,802,170-1268,JACKSONVILLE,VT,5342,M,N,26500,3.6,0,0
Hideyuki,Remington,971,153-1454,FALLS CITY,OR,97344,S,N,94000,9.0,159,0
Binh,Solovay,859,180-1006,WOODBURY,KY,42288,S,N,31500,3.5833335,20,0
Betsy,Anupam,406,147-1612,BIRNEY,MT,59012,M,Y,59500,6.9,0,1900
Yuchen,Large,612,191-1884,YOUNG AMERICA,MN,55562,S,N,33000,6.0164886,3300,0
Guillem,Kamiko,907,108-1935,HOMER-typoLA VETA,MI,99603,M,Y,83000,0.0,0,0
Theodoros,Wawrzinek,715,191-1560,HARTMAN,WI-typoIA,53801,S,N,47000,5.2630353,700,0
Borje,Lascarides,708,169-1896,SPRINGFIELD,IL,62739,M,Y,43000,3.0,0,2000
Guochuan,Walicki,307,179-1495,LARAMIE,WY,82072,M,Y,50500,0.0,0,0
Luddy,Hervatic,240,102-1779,ANNAPOLIS,MD,21409,S,Y,19500,4.75,2400,2400
Omran,Lindqvist,701,159-1191,CARTWRIGHT,ND,58838,S,N,31500,2.120866,3300,0
Bonnie,Plun,985,126-1141,LONGSTREET,LA,71050,M,N,41000,6.0,0,0
Yehudah,Esteva,603,172-1838,NORTH SANDWICH,NH,3259,S,N,8000,0.0,0,0
Akila,Pope,401,196-1908,WARWICK,RI,2887,S,N,41000,0.0,0,0
Celina,Loncour,602,183-1113,DEWEY,AZ,86327,M,Y,33500,3.2342498,0,2300
Sairam,Iisaku,775,169-1364,HENDERSON,NV,89053,M,N,24500,0.0,0,0
Jianli,Leinemann,307,177-1264,WOLF,WY,82844,M,Y,60000,0.0,0,0
Nosa,Poswig,507,184-1959,DAKOTA,MN,55925,S,Y,80500,7.85,3300,3300
Harm,Latch,224,183-1108,KEENES,IL,62851,M,Y,62500,3.0,0,2000
Thane,Broll,307,119-1398,BANNER,WY,82832,M,N,53500,0.0,0,0
Gebreselassie,Heiserman,678,178-1718,HARTWELL,GA,30643,M,N,42000,6.0,0,0
Miles,Haber,207,164-1317,BURNHAM,ME,4922,M,N,93000,8.5,0,0
Shelly,Naudin,802,134-1313,SHAFTSBURY,VT,5262,S,Y,6000,3.6,3300,3300
Inger,Rothemund,202,119-1034,WASHINGTON,DC,20434,M,N,73000,9.0,0,0
Sonu,Chandler,304,184-1712,PALESTINE,WV,26160,M,N,82000,6.5,0,0
Subutai,Eisenstadt,410,110-1856,POCOMOKE CITY,MD,21851,M,N,34500,4.75,0,0
Lalita,Bittel,952,115-1655,DONNELLY,MN,56235,M,N,71500,7.85,0,0
Masakatsu,Moshell,773,108-1572,MELROSE PARK,IL,60164,M,Y,46500,3.0,0,2000
Qiuming,Annot,859,130-1119,PITTSBURG,KY,40755,M,Y,69500,5.6944447,0,20
Junxian,Micheaux,314,101-1223,SAINT MARY,MO,63673,S,N,99500,6.0,2100,0
Saburo,Cocchi,406,126-1586,BUTTE,MT,59702,M,Y,47500,6.9,0,1900
Ruby,Inamura,347,103-1629,LORRAINE,NY,13659,S,Y,59500,4.298323,0,1000
Jianxi,Sekino,727,154-1591,WINTER GARDEN,FL,34787,S,N,73500,0.0,0,0
Tina,Strehlo,951,130-1165,GRENADA,CA,96038,S,N,16500,3.4035013,87,0
Wop,Blankenship,734,107-1083,DAVISBURG,MI,48350,M,Y,6000,3.9,0,3100
Basil,Artiges,870,149-1480,TEXARKANA,AR,71854,M,Y,32500,7.0,0,20
Konstantin,Meurs,918,127-1280,MADISON LAKE,OK-typoGA,73056,M,Y,84500,6.25,0,1000
Ammar,Tapp,939,106-1422,CAROLINA,PR,984,M,N,20500,0.0,0,0
Chakravarthy,Hooper,808,177-1643,WHEELER ARMY AIRFIELD,HI,96854,S,N,83500,8.25,1040,0
Jiaofeng,Smotherman,907,195-1521,QUINHAGAK,AK,99655,M,Y,49500,0.0,0,0
Akihiko,Vilarrasa,947,125-2051,WATERSMEET,MI,49969,M,Y,66000,3.9,0,3100
Ivelin,Guizani,701,123-1527,BEULAH,ND,58523,S,N,42000,2.2425847,3300,0
Bandula,Gupta,202,195-1952,WASHINGTON,DC,20417,S,N,62500,9.0,1370,0
Myunghwan,Hyvonen,509,151-1149,MOUNT VERNON,WA,98273,S,N,38000,0.0,0,0
Changwook,Muelner,406,116-1455,SEELEY LAKE,MT,59868,S,Y,34000,6.9,1900,1900
Shiva,Mostrel,918,195-1819,STONEWALL,OK,74871,M,Y,52000,6.25,0,1000
Elliot,Kayton,701,168-1285,FARGO,ND,58103,S,N,100000,2.914935,3300,0
Elisa,Qutaishat,574,193-1540,OAKTOWN,IN,47561,S,N,93500,3.4,1000,0
Octavian,Graw,706,173-1868,COOLIDGE,GA,31738,S,N,17500,6.0,2700,0
Minder,Obozinski,251,107-1470,ENTERPRISE,AL,36330,S,N,57000,5.0,1500,0
Tomyyuki,Farhi,304,147-1443,RONCEVERTE,WV,24970,S,Y,6000,3.0,2000,2000
Kazuharu,Geeter,202,155-1065,WASHINGTON,DC,20229,S,N,14500,5.5125,1370,0
Jianlin,Servieres,715,186-1349,JUMP RIVER,WI,54434,S,N,43000,5.193535,700,0
Pramod,Sittig,502,143-1603,LOUISVILLE,KY,40268,S,Y,33000,3.6666665,20,20
HweeHwa,Karloff,703,167-1191,HOPEWELL,VA,23860,M,N,32500,5.75,0,0
Xunwei,Rase,308,185-1336,SIDNEY,NE,69160,S,Y,9000,3.7321162,103,103
Ahmet,Kahale,978,138-1391,FRAMINGHAM,MA,1703,M,N,75500,5.3,0,0
Hirotaka,Calabrese,801,131-1024,LYNNDYL,UT,84640,S,Y,21500,7.0,2475,2475
Stefan,Kadous,309,124-1937,MOKENA,IL,60448,S,Y,5500,3.0,2000,2000
Cuie,Heimdahl,435,110-1558,MAPLETON,UT,84664,M,N,84000,7.0,0,0
Amani,Crutchfield,260,143-1349,FONTANET-typoALMONT,IN-typoWV,47851,M,N,95000,3.4,0,0
M'hamed,Homond,281,135-1793,DRISCOLL,TX,78351,S,N,52000,0.0,0,0
Remi,Felderman,913,173-1630,ROXBURY,KS,67476,M,N,89500,6.45,0,0
Raymoond,Riis,802,101-1572,BARNARD,VT,5031,M,N,32500,3.6517282,0,0
Fumino,Cunliffe,406,124-1127,ROUNDUP,MT,59072,S,N,18000,6.9,1900,0
Meenakshy,Stary,815,135-1359,SMITHTON,IL,62285,M,N,1000,3.0,0,0
Yanni,Marcken,207,193-1170,GREENE,ME,4236,S,Y,65000,8.5,2850,2850
Giacinto,Mitomo,419,122-1531,BRISTOLVILLE,OH,44402,M,N,97000,3.7659283,0,0
Charles,Gorz,502,112-1306,CLERMONT,KY,40110,M,Y,500,2.0,0,20
Maniel,Bouguettaya,580,107-1217,MONROE,OK,74947,M,N,12500,6.25,0,0
Seijo,Rehn,804,148-1174,BRUCETOWN,VA,22622,S,N,80000,5.75,900,0
Tarik,Oppliger,804,126-1433,NORFOLK,VA,23510,S,Y,4500,2.4017859,900,900
Otfried,Stata,720,172-1711,GREELEY,CO,80632,S,N,65000,4.63,0,0
Luc,Herder,337,193-2086,HARVEY,LA,70059,M,N,50500,6.0,0,0
Kojiro,Goel,618,184-1735,CHICAGO,IL,60701,M,Y,37500,3.0,0,2000
Jooseok,Clapp,202,172-2003,WASHINGTON,DC,20468,M,Y,31500,9.0,0,1370
Teresemarie,Stamp,307,107-1064,FRONTIER,WY,83121,S,N,56500,0.0,0,0
Jega,Geppert,443,175-2096,TUSCARORA,MD,21790,M,N,81500,4.75,0,0
Gustav,Joslin,571,150-1863,BERRYVILLE,VA,22611,S,Y,29000,5.75,900,900
Susanna,Heljanko,302,186-2043,WILMINGTON,DE,19802,S,Y,74500,5.95,110,110
Nguyen,Dix,307,137-1194,AUBURN,WY,83111,M,Y,49000,0.0,0,0
Tru,Cheeseman,503,144-1401,WILLIAMS,OR,97544,S,N,16000,9.0,159,0
Dongqing,Tickle,207,177-1918,PORTLAND,ME,4112,S,Y,42500,8.5,2850,2850
Bethina,Weissberg,864,195-1653,HAMER,SC,29547,M,N,60000,7.0,0,0
Manavendra,Rouet,307,107-1451,RECLUSE,WY,82725,S,N,54500,0.0,0,0
Youngkon,Thibeault,207,163-1972,JONESPORT,ME,4649,S,Y,20500,8.5,2850,2850
Chenhua,Yingchun,712,163-2024,GRINNELL,IA,50112,S,N,44500,7.033912,40,0
Dongmo,Pope,270,136-1302,TOLU,KY,42084,M,Y,23500,3.1388888,0,20
Adas,Foyster,502,196-1951,ALBANY-typoLA VETA,KY-typoGA,42602,S,Y,73000,5.888889,20,20
Wen,Bressoud,605,197-1816,TURTON,SD,57477,M,N,99000,0.0,0,0
Samson,Bugrara,719,174-1394,CRAWFORD-typoMADISON LAKE,WV,81415,S,N,88500,4.63,0,0
Alexey,Fregonese,808,195-1687,KAMUELA,HI,96743,M,N,16000,3.9236841,0,0
Sita,Olenski,760,197-1202,FOWLER,CA,93625,S,N,61500,9.3,87,0
Saulo,Ozkan,256,104-1210,TRINITY,AL,35673,S,N,48500,5.0,1500,0
Hirosi,Dershowitz,951,159-2033,CORCORAN,CA,93212,M,Y,85000,9.3,0,272
Okan,Stoller,202,104-1314,WASHINGTON,DC,20228,M,N,21500,7.0874996,0,0
Sait,Vadhan,971,126-1644,PORTLAND,OR,97254,M,N,37500,9.0,0,0
Yijie,Kamijo,401,192-1653,BRISTOL,RI,2809,M,Y,7000,0.0,0,0
Yizhi,Ede,202,154-1612,WASHINGTON,DC,20411,S,N,48000,9.0,1370,0
Zeger,Devesa,608,100-1199,LITTLE SUAMICO,WI,54141,S,N,1000,4.6,700,0
Jayang,Beeson,208,102-1273,LEWISTON,ID,83501,S,Y,14500,5.387107,3300,3300
Pranjal,Pons,469,144-1775,PLANO,TX,75026,S,N,3500,0.0,0,0
Mandira,Hemami,319,189-1131,CEDAR RAPIDS,IA,52409,S,Y,54500,8.577691,40,40
Luo,Daws,620,191-1176,LEVANT,KS,67743,S,N,32500,6.45,2250,0
Nipun,Saxton,304,116-1670,TUNNELTON,WV,26444,M,N,43500,5.3450003,0,0
Sanko,Falgout,781,117-1414,HOLBROOK,MA,2343,M,N,94000,5.3,0,0
Natacha,Goldhammer,928,135-1122,SCOTTSDALE,AZ,85254,M,Y,41500,3.35825,0,2300
Xiaoxiong,Cincotta,304,130-1022,GANDEEVILLE,WV,25243,M,Y,8500,3.0,0,2000
Burghardt,Warkentin,208,194-1293,IDAHO FALLS,ID,83406,S,N,18500,6.522586,3300,0
Idit,Rene,971,133-1394,PROSPECT,OR,97536,S,Y,27500,9.0,159,159
Sahin,Coggins,503,107-1323,ALSEA,OR,97324,M,Y,9000,9.0,0,159
Hanno,Bellairs,774,155-1313,SPRINGFIELD,MA,1104,S,Y,12500,5.3,3575,1000
Vlatka,Mitina,708,102-1631,BIGGSVILLE,IL,61418,M,N,46000,3.0,0,0
Clares,Meyerhoff,207,104-1302,ATHENS,ME,4912,S,Y,96500,8.5,2850,2850
Madhur,Kharin,251,122-1770,MALCOLM,AL,36556,S,Y,60000,5.0,1500,300
Ulrich,Bennet,601,131-1763,ELLISVILLE,MS,39437,M,Y,88500,5.0,0,1500
Xiaocong,Stata,954,161-1932,LONGWOOD,FL,32752,S,Y,50000,0.0,0,0
Mikiya,Artosi,862,144-1680,LAKEHURST,NJ,8733,M,N,32500,1.5971354,0,0
Ayal,Bronstein,207,108-1517,EAST BALDWIN,ME,4024,S,Y,25500,8.5,2850,2850
Phule,Szilard,302,181-1632,WILMINGTON,DE,19897,M,N,66500,5.95,0,0
Sumiyasu,Ugol'nikov,947,180-1383,HARTMAN,MI-typoGA,49534,M,N,78500,3.9,0,0
Abdulah,Schauser,773,126-1006,MOUNT CARMEL,IL,62863,M,N,26500,3.0,0,0
Avra,Haraguchi,435,115-1243,LAYTON,UT,84041,M,Y,74500,7.0,0,2475
Rondall,Bugaenko,207,129-1001,WASHBURN,ME,4786,S,Y,57500,8.5,2850,2850
Rajagopalan,Merani,858,154-1137,PASADENA,CA,91104,M,N,15000,3.0493855,0,0
Didir,Haftevani,606,136-1268,STINNETT,KY,40868,M,N,33500,3.6944444,0,0
Hsu,Wahls,231,168-1640,NORTHVILLE,MI,48168,M,Y,93000,3.9,0,3100
Deekap,Gulik,618,173-1789,AURORA,IL,60504,S,Y,82000,3.0,2000,2000
Gabor,Joeris,808,189-1922,HAWI,HI,96719,S,Y,92000,8.25,1040,1040
Chirstian,Bachem,860,109-1712,WATERTOWN,CT,6795,S,Y,54000,5.0,12750,0
Tushar,Begiun,509,135-2055,RETSIL,WA,98378,M,N,78000,0.0,0,0
Hjalmtyr,Weissman,802,181-1936,MANCHESTER,VT,5254,S,Y,18500,3.6,3300,3300
Thula,Galdes,302,161-1775,WILMINGTON,DE,19803,S,Y,36500,4.347727,110,110
Jayanti,Baldoni,302,120-1583,WILMINGTON,DE,19898,M,Y,40500,4.6204543,0,110
Kella,Manders,520,160-1545,CHLORIDE,AZ,86431,S,Y,77500,3.91625,2100,2300
Kehsiung,Denti,386,126-1530,THE VILLAGES,FL,32163,S,Y,40500,0.0,0,0
Sungchang,Habel,620,149-1336,COATS,KS,67028,M,N,48500,6.45,0,0
Phill,Kakkad,207,123-1551,MADISON,ME,4950,M,N,87500,8.5,0,0
Syunsuke,Rheingans,501,105-1412,VIOLET HILL,AR,72584,M,Y,37500,7.0,0,20
Manton,Abdennadher,605,125-2044,MONTROSE,SD,57048,M,Y,16500,0.0,0,0
Cornelious,Miranker,828,181-1758,FALLSTON,NC,28042,S,Y,96500,7.756993,3300,3300
Thorsten,Saclay,308,101-1800,LINCOLN,NE,68505,S,Y,67000,6.84,103,103
Gardner,Kuiper,270,120-1047,LEDBETTER,KY,42058,S,N,25500,3.25,20,0
Vuk,Syed,517,142-1034,ANN ARBOR,MI,48105,S,N,65500,3.9,3100,0
Luming,Loganantharaj,201,137-1231,HIBERNIA,NJ,7842,M,N,73500,2.2437396,0,0
Chitresh,Wijshoff,660,100-1870,UTICA,MO,64686,S,N,99500,6.0,2100,0
Puri,Shimbo,202,104-1685,WASHINGTON,DC,20229,M,Y,26000,8.1,0,1370
Ufuk,Raver,202,180-1685,WASHINGTON,DC,20024,S,Y,79000,9.0,1370,1370
Raffi,Hopcroft,605,127-1109,BRUCE,SD,57220,M,Y,93500,0.0,0,0
Liz,Gaudioso,410,192-1581,CUMBERLAND,MD,21505,S,N,11500,4.75,2400,0
Olavi,Tolba,207,173-1568,MOODY,ME,4054,M,N,46500,8.5,0,0
Manoj,Condotta,270,115-1115,CUB RUN,KY,42729,M,Y,25500,3.25,0,20
Chengdian,Toman,951,133-2080,GERBER,CA,96035,M,N,64500,9.3,0,0
Takakazu,Linnemann,304,126-1980,FOSTER,WV,25081,S,N,16500,3.455,2000,0
Kyo,Roisin,302,144-1065,BETHEL,DE,19931,S,Y,23000,3.4272728,110,110
Szymon,Weinreich,701,140-1207,LAKOTA,ND,58344,S,N,82500,2.7120707,3300,0
Augustine,Ochoa,864,157-1296,GLENDALE,SC,29346,S,Y,10500,5.9713035,3300,3300
Vishesh,Luukkainen,401,189-1617,WOONSOCKET,RI,2895,S,Y,64000,0.0,0,0
Joop,Conti,253,163-1104,FEDERAL WAY,WA,98023,M,N,57500,0.0,0,0
Genshiro,Ramsak,860,144-1218,ELLINGTON,CT,6029,M,N,27500,5.0,0,0
Nienke,Borrione,720,171-1847,GILCREST,CO,80623,M,N,72500,4.63,0,0
Minkoo,Kalafatis,308,102-1893,TABLE ROCK,NE,68447,S,N,44000,6.84,103,0
Sovanna,Anguita,907,161-1289,WASILLA,AK,99623,S,N,83500,0.0,0,0
Martii,Krikis,760,163-1736,HEMET,CA,92544,S,N,43500,9.3,87,0
Bruch,Arabi,401,123-1867,LITTLE COMPTON,RI,2837,M,N,19000,0.0,0,0
Yoshiki,Verpoorten,410,164-1620,SEVERNA PARK,MD,21146,M,Y,2000,3.375,0,2400
Quinzheng,Niland,719,171-1307,BRANSON,CO,81027,S,N,53000,4.63,0,0
Servet,Stanion,808,157-1030,KAUMAKANI,HI,96747,S,N,71000,8.25,1040,0
Ferroudja,Loganantharaj,706,175-2007,ALMONT,WV,30288,M,N,33500,6.0,0,0
Thompson,Slaats,603,138-1763,ASHLAND,NH,3217,M,N,35000,0.0,0,0
Hyunchul,Prieur,651,117-1707,MILACA,MN,56353,S,Y,27000,5.696318,3300,3300
Yannik,Pinotti,605,189-1552,ERWIN,SD,57233,M,Y,52000,0.0,0,0
Thien,Broos,603,116-1007,BRISTOL,NH,3222,M,N,5500,0.0,0,0
Masaru,Raju,203,171-1127,HARTFORD,CT,6155,M,Y,18000,5.0,0,0
Kifung,Gyimothy,208,139-1776,NAMPA,ID,83653,S,N,70500,7.8,3300,0
Uffe,Hallowell,251,167-1221,BIRMINGHAM,AL,35289,M,Y,66000,5.0,0,300
Sakthirel,Mendelsohn,406,173-2060,ASHLAND,MT,59003,M,N,61000,6.9,0,0
Donghoon,Spirkovska,208,180-1565,OSBURN,ID,83849,M,Y,99500,7.8,0,3300
Whitfield,Kabir,208,109-1309,MIDVALE,ID,83645,M,Y,24000,7.8,0,3300
Simmi,Tillich,605,166-1513,HERRICK,SD,57538,S,N,29000,0.0,0,0
Jiwei,Rado,808,149-1848,HONOLULU,HI,96818,M,N,15500,3.8335524,0,0
Dara,Utke,701,118-1494,FORMAN,ND,58032,S,Y,46000,2.2889535,3300,3300
Kensuke,Guimaraes,939,136-1980,SAINT JUST,PR,978,M,Y,32500,0.0,0,0
Sungjoo,Altus,808,152-2015,HONOLULU,HI,96836,S,N,57000,8.25,1040,0
Wafik,Panwar,939,186-1140,CEIBA,PR,735,S,N,53000,0.0,0,0
Raino,Pinkston,320,108-1129,LE ROY,MN,55951,S,Y,98000,7.85,3300,3300
Miche,Riha,787,122-1422,SAINT JUST,PR,978,M,N,73500,0.0,0,0
Arijit,Kharatishvili,617,124-2007,LENOX,MA,1240,S,Y,39000,5.3,3575,1000
Jeannie,Tabata,985,101-1410,EUNICE,LA,70535,S,Y,51000,6.0,4500,1000
Chengfeng,Tanida,701,142-1542,GARDNER,ND,58036,M,N,23500,2.1,0,0
Gregor,Sillitoe,907,115-1976,PILOT STATION,AK,99650,S,N,52000,0.0,0,0
Vesna,Rachui,405,195-1829,YUKON,OK,73099,M,Y,75000,6.25,0,1000
Mauri,Board,334,144-1555,GOSHEN,AL,36035,S,Y,4000,5.0,1500,300
Phobe,Homond,802,120-1888,ESSEX,VT,5451,M,Y,53500,4.069533,0,3300
Hanne,Akselsen,660,175-1657,BLUE SPRINGS,MO,64014,M,N,76000,6.0,0,0
Masamitsu,McCallum,214,135-1187,TOW,TX,78672,S,Y,61500,0.0,0,0
Raouf,Yahalom,304,149-1510,SENECA ROCKS,WV,26884,M,Y,92500,6.5,0,2000
Aarni,Baalbergen,304,173-1901,NORTH MATEWAN,WV,25688,S,N,24500,4.015,2000,0
Masaaki,Heppler,208,109-1791,HOWE,ID,83244,M,N,56500,7.8,0,0
Rosario,O'Boyle,240,101-1238,PARK HALL-typoLA VETA,IA,20667,M,N,73500,4.75,0,0
Rame,Dionysiou,920,164-1048,MAIDEN ROCK,WI,54750,M,Y,74000,5.7321644,0,400
Bilha,Keir,605,157-1011,CORONA,SD,57227,S,N,67000,0.0,0,0
Stacia,Kerm,719,139-1358,LITTLETON,CO,80130,M,N,80500,4.63,0,0
Xiulin,Alsup,970,167-1593,MADISON LAKE,GA,81612,S,N,39000,4.63,0,0
Djamal,Gutbrod,907,199-2067,KAKTOVIK-typoNORTH FORT MYERS,AK-typoIA,99747,M,N,17000,0.0,0,0
Shibin,Weerasinghe,860,151-1955,NORTH FORT MYERS,CT-typoWV,6013,M,Y,50500,5.0,0,0
Ekkart,Mumford,907,146-1722,SLEETMUTE,AK,99668,M,Y,4000,0.0,0,0
Bohuslav,Natrajan,317,198-2085,SHIPSHEWANA,IN,46565,M,N,17500,3.4,0,0
Shue,Giachin,316,122-2081,TOPEKA,KS,66615,S,N,62500,6.45,2250,0
Lotfi,Uustalu,203,172-1487,NORTH FRANKLIN,CT,6254,M,Y,33000,5.0,0,0
Mariam,Eyre,918,125-1985,WESTVILLE,OK,74965,S,N,79500,6.25,1000,0
Wujia,Spielman,971,101-1259,PLEASANT HILL,OR,97455,S,Y,34000,9.0,159,159
Sadok,Desel,787,109-1748,HORMIGUEROS,PR,660,M,N,93000,0.0,0,0
Aimo,Nurmeev,401,156-1319,PROVIDENCE,RI,2903,S,Y,9000,0.0,0,0
Chutimet,Shimotsuji,443,136-1080,HYATTSVILLE,MD,20782,S,Y,35500,4.75,2400,2400
Patti,Barnholdt,970,186-1172,YUMA,CO,80759,M,N,89500,4.63,0,0
Gerbert,Vrecion,304,164-1861,SAXON-typoHARTMAN,WV-typoIA,25180,S,N,19500,3.665,2000,0
Toshiya,Walczak,505,164-1491,ARREY,NM,87930,S,Y,97000,5.3,3300,3300
Datta,Recce,715,108-1966,DODGEVILLE,WI,53533,M,N,3000,4.6,0,0
Jock,Alderson,334,117-1896,ALMONT,IA,36250,M,N,68000,5.0,0,0
Dinkar,Desal,203,137-1680,SOUTH WINDSOR,CT,6074,M,Y,97500,5.0,0,0
Avikam,Gjerlov,308,123-1308,ARCADIA,NE,68815,M,N,31000,6.84,0,0
Khakhanian,Gold,802,188-2094,TOWNSHEND,VT,5353,M,N,82500,4.6465015,0,0
Qinsi,Abdulazizoglu,907,103-1788,SHAKTOOLIK,AK,99771,M,Y,84000,0.0,0,0
Anneke,Streng,304,188-1552,CHARLESTON,WV,25309,S,N,22500,3.875,2000,0
Avy,Choquette,202,196-1693,PARCEL RETURN SERVICE,DC,56915,M,Y,28500,8.6625,0,1370
Krishnaiah,Demsar,540,123-1430,ABINGDON,VA,24211,M,N,83000,5.75,0,0
Leora,Gomory,978,194-1471,LAKE PLEASANT,MA,1347,M,Y,60000,5.3,0,1000
Miquel,Kirkova,334,168-1626,WADLEY,AL,36276,M,N,2000,3.8000002,0,0
Niladri,Jiang,302,135-1319,MADISON LAKE,DE-typoIA,19905,S,Y,2000,2.2,110,110
Wonchan,Denecker,802,187-1004,WOODSTOCK,VT,5091,S,N,69500,4.3878603,3300,0
Tuong,Knottenbelt,718,116-2035,CENTRAL ISLIP,NY,11722,M,N,3500,4.0,0,0
Begona,Fontana,351,173-1057,WENHAM-typoMADISON LAKE,MA-typoWV,1984,M,Y,56500,5.3,0,1000
Karima,Vittorini,501,186-1537,ADONA,AR,72001,M,N,75500,7.0,0,0
Darel,Macpherson,301,115-1295,NOTTINGHAM,MD,21236,M,N,98500,4.75,0,0
Marita,Dur,757,103-1657,NORTH FORT MYERS,NV,23059,M,N,78500,5.75,0,0
Natawut,Basu,864,115-1303,BEAUFORT,SC,29905,M,Y,18500,7.0,0,3300
Moustafa,Genin,939,151-1582,BAYAMON,PR,958,S,N,58500,0.0,0,0
Antonia,DeTurk,602,137-1380,TUCSON-typoNORTH FORT MYERS,NV,85726,S,N,63500,3.69925,2100,0
Rene,Lafferriere,201,164-1175,DEERFIELD STREET,NJ,8313,S,N,34000,1.6207917,1000,0
Wilfred,Catto,971,162-1890,MOSIER,OR,97040,S,Y,3500,5.8717947,159,159
Ryszard,Nieuwejaar,307,175-1157,CORA,WY,82925,S,N,33500,0.0,0,0
Abdelmalek,Tabuchi,808,121-1752,HONOLULU,HI,96827,M,Y,30000,6.447368,0,1040
Robi,Chakroborty,769,142-1731,DIBERVILLE,MS,39540,S,N,56500,5.0,6000,0
Vassily,Dalamages,432,146-2058,GRAFORD,TX,76449,S,Y,55500,0.0,0,0
Epaminondas,Vouros,505,151-1365,CHAMA,NM,87520,M,Y,93500,5.3,0,3300
Florentino,Woog,224,192-1416,STEWARD,IL,60553,M,Y,65000,3.0,0,2000
Chase,Famili,662,142-1758,HOLLY SPRINGS,MS,38635,M,Y,24000,5.0,0,1500
Thiagarajan,Bellairs,720,124-1614,WRAY,CO,80758,M,Y,9500,4.63,0,0
Basim,Blumrich,630,193-1439,EOLA,IL,60519,M,Y,21000,3.0,0,2000
Orlando,Grandbois,419,189-1473,FELICITY,OH,45120,M,N,81000,3.2348104,0,0
Nobutoshi,Rehg,801,152-1723,MARYSVALE,UT,84750,M,N,13000,7.0,0,0
Dedre,Rudmik,573,153-2006,HIGBEE,MO,65257,S,Y,98000,6.0,2100,1200
Rosemarie,Carrier,907,158-1451,LA VETA,GA,99802,M,Y,97000,0.0,0,0
Andrej,Reinsch,803,192-1118,SENECA,SC,29672,S,N,40000,7.0,3300,0
Holger,Tzerpos,928,115-2019,ARIVACA,AZ,85601,S,Y,26000,3.1179998,2100,2300
Ashok,Homeier,603,175-1101,FITZWILLIAM,NH,3447,M,Y,46000,0.0,0,0
Dattatraya,Matuttis,318,141-1325,HOLDEN,LA,70744,M,Y,81500,6.0,0,1000
Eelco,Mezzalama,907,180-1546,TELLER,AK,99778,M,N,92500,0.0,0,0
Sylvain,Birdsall,605,118-1812,LUDLOW,SD,57755,S,Y,58000,0.0,0,0
Weiru,Versino,337,132-1899,CLARENCE,LA,71414,M,Y,73500,6.0,0,1000
Stecey,Taillibert,901,138-1208,DRESDEN,TN,38225,S,Y,80000,0.0,0,0
Surya,Sessions,605,125-1857,SIOUX FALLS,SD,57193,M,N,30000,0.0,0,0
Alselm,Sylvan,843,110-1166,CONESTEE,SC,29636,S,N,13000,7.0,3300,0
Peitao,Highland,757,128-1386,BROWNSBURG,VA,24415,S,Y,50500,5.75,900,900
Deekap,Stefanini,205,144-1836,WILSONVILLE,AL,35186,S,Y,30000,5.0,1500,300
Jiangtao,Yanker,865,128-1525,GUILD,TN,37340,M,Y,38000,0.0,0,0
Friederike,Vesel,202,134-1588,WASHINGTON-typoALMONT,GA,20546,S,Y,16500,5.9625,1370,1370
Mongi,Holcombe,417,190-1609,PRINCETON,MO,64673,S,N,64500,6.0,2100,0
Qingzhou,Panadiwal,405,196-1801,TULSA,OK,74152,M,N,46500,6.25,0,0
Branislava,Standing,985,115-1614,GORUM,LA,71434,S,N,26000,6.0,4500,0
Hyunchul,Westin,952,171-1860,SAINT JOSEPH,MN,56374,S,Y,23000,5.4828706,3300,3300
Yoriko,Exarkhopoulo,563,175-1973,MONROE,IA,50170,S,Y,5500,1.013173,40,40
Jiansan,Schwertel,803,176-1211,SLATER,SC,29683,S,N,23000,7.0,3300,0
Goutam,Beutelspacher,228,151-1950,MOSS POINT,MS,39562,S,N,40500,5.0,6000,0
Steve,Lafuente,701,167-2000,NORWICH,ND,58768,M,N,47500,2.306342,0,0
Biswa,Loevenich,302,197-1312,WILMINGTON,DE,19892,S,N,89000,5.95,110,0
Valdiodio,Massoumi,956,184-1396,DRIPPING SPRINGS,TX,78620,M,Y,35500,0.0,0,0
Mohamed,Ruamviboonsuk,307,122-1855,CROWHEART,WY,82512,M,Y,31000,0.0,0,0
Marcelo,Kohling,740,161-1238,THURSTON,OH,43157,S,N,65000,2.7036924,1300,0
Pravin,Balluchi,402,127-1703,NORFOLK-typoHARTMAN,IA,68701,M,Y,4500,2.932946,0,103
Christelle,Flinn,608,185-2074,MAPLEWOOD-typoNORTH FORT MYERS,WI-typoIA,54226,S,Y,500,4.6,700,400
Manu,Maskit,863,198-2015,EGLIN AFB,FL,32542,M,Y,63000,0.0,0,0
Liqin,Dionysiou,405,194-1075,COUNTYLINE,OK,73425,M,N,75000,6.25,0,0
Hirokazu,Dougan,505,187-1112,ALBUQUERQUE,NM,87197,S,N,48000,5.3,3300,0
Tadeusz,Onate,731,197-1411,MEMPHIS,TN,38130,S,Y,88500,0.0,0,0
Dongchang,Amandi,678,111-2054,CLARKSTON,GA,30021,S,N,24000,6.0,2700,0
Gueesang,Kamm,970,149-1291,DUMONT,CO,80436,S,N,66000,4.63,0,0
Despina,Luttermann,605,193-2050,HOWES,SD,57748,M,N,7500,0.0,0,0
Avideh,Wile,406,196-1010,GRASS RANGE,MT,59032,S,Y,19500,6.9,1900,1900
Irek,Gust,860,122-1931,WASHINGTON,CT,6793,S,N,61500,5.0,12750,0
Djimitri,Wigderson,605,112-1685,CANTON,SD,57013,M,Y,17000,0.0,0,0
Keun,Redey,802,166-1781,BRATTLEBORO,VT,5301,S,Y,89500,4.7857695,3300,3300
Nael,Baum,931,189-2056,OLD HICKORY,TN,37138,S,N,69000,0.0,0,0
Santosh,Girona,202,105-2071,WASHINGTON,DC,20055,M,N,55000,9.0,0,0
Wiebke,Lantz,757,110-1920,HAMPTON,VA,23670,S,N,77500,5.75,900,0
Priscilla,Beninger,770,191-1647,FORSYTH,GA,31029,S,Y,72500,6.0,2700,3000
Jayne,Raupp,803,104-1374,GRESHAM,SC,29546,S,Y,24000,7.0,3300,3300
Mathias,Graft,205,129-1191,SMITHS STATION,AL,36877,M,Y,2000,3.8000002,0,300
Rame,Boreddy,309,163-1402,NORTHBROOK,IL,60065,M,Y,3500,3.0,0,2000
Maheswara,Detkin,713,194-1695,HOUSTON,TX,77020,S,Y,86500,0.0,0,0
Youjian,Malabarba,769,168-1064,WALLS,MS,38680,M,Y,42500,5.0,0,1500
Kiyokuni,Farag,202,114-1515,WASHINGTON,DC,20222,M,Y,57000,9.0,0,1370
Safa,Kleinschmidt,334,158-1132,CUSSETA,AL,36852,M,N,38500,5.0,0,0
Shivendra,Thoresen,901,108-1140,MEMPHIS,TN,38165,S,N,7500,0.0,0,0
Kanae,Kurata,878,140-1552,WESTFIELD,PA,16950,S,Y,24500,3.07,0,0
Arfst,Orailoglu,207,103-2051,HAMPDEN,ME,4444,M,N,7500,3.399635,0,0
Jianxi,Grospietsch,812,118-1447,KINGSBURY,IN,46345,M,Y,32000,3.4,0,1000
Rok,Gustavson,405,140-1419,TWIN OAKS,OK,74368,S,Y,65500,6.25,1000,1000
LeRoy,Junot,828,121-1374,GRANITE QUARRY,NC,28072,M,Y,17000,6.089161,0,3300
Marney,Goffman,802,186-1573,VERSHIRE,VT,5079,S,N,88500,4.765874,3300,0
Swati,Saletore,856,152-1712,AVALON,NJ,8202,M,N,80500,2.3541355,0,0
Rajshekhar,Togawa,843,199-1794,CHAPPELLS,SC,29037,M,N,18000,7.0,0,0
Lynda,Isbitz,217,165-2060,BYRON,IL,61010,S,N,72000,3.0,2000,0
Ramo,Noga,608,173-1532,STEUBEN,WI,54657,M,Y,49500,5.3064733,0,400
Venkatesan,Rissanen,440,149-1982,LORAIN,OH,44053,S,Y,20500,1.2265205,1300,1300
Qinglan,Cheikhrouhou,985,141-1202,KILBOURNE,LA,71253,M,Y,73500,6.0,0,1000
Puneet,Zhakarov,787,167-1829,SAN JUAN,PR,924,M,Y,54000,0.0,0,0
Zhiping,Alberti,502,180-1768,MOUSIE,KY,41839,M,Y,55000,4.888889,0,20
Nello,Skurczynski,405,133-1694,CLEO SPRINGS,OK,73729,S,N,84500,6.25,1000,0
Reagan,Rawn,202,153-1122,WASHINGTON,DC,20424,M,N,97000,9.0,0,0
Abdelillah,Fabrizio,540,105-1335,MARIONVILLE-typoALMONT,WV,23408,M,Y,91000,5.75,0,900
Laveen,Binkley,307,160-1852,LYSITE,WY,82642,S,Y,1000,0.0,0,0
Quanfeng,Tiernan,505,149-1092,PENA BLANCA,NM,87041,M,Y,83500,5.3,0,3300
Kyogji,Globig,402,106-1149,OMAHA,NE,68106,S,N,58500,6.84,103,0
Pascal,Nassor,606,133-2004,SANDERS,KY,41083,M,Y,59000,5.111111,0,20
Yukihiro,Isman,605,139-1180,SINAI,SD,57061,M,Y,37000,0.0,0,0
Zhenjiang,Sylla,401,156-1521,TIVERTON,RI,2878,S,N,88000,0.0,0,0
Begona,Rutsche,414,177-1014,BROWNTOWN,WI,53522,M,Y,89000,5.992791,0,400
Jintae,Wallenborn,907,144-1010,CHIGNIK LAGOON,AK,99565,M,N,40000,0.0,0,0
Keun,Poston,308,109-1547,JULIAN,NE,68379,S,N,21500,5.952033,103,0
Jinjuan,Hammerl,859,148-1412,MORGANTOWN,KY,42261,M,Y,79500,6.0,0,20
Bruno,Terwiesch,865,115-1009,GATES,TN,38037,S,N,17500,0.0,0,0
Beng,Ozhan,612,103-1893,CLARA CITY,MN,56222,S,Y,44500,6.6301494,3300,3300
Yulin,Swartout,781,137-1105,GILL,MA,1354,M,Y,84000,5.3,0,1000
Silke,Graw,404,184-1892,RICHMOND HILL,GA,31324,S,N,10000,6.0,2700,0
Svetozara,Nova,504,136-1631,BARKSDALE AFB,LA,71110,S,N,15500,2.96,4500,0
Marisa,Bustami,303,118-1234,AURORA,CO,80015,S,Y,5500,4.63,0,0
Fortune,Goos,406,104-1506,MC LEOD,MT,59052,S,Y,61500,6.9,1900,1900
Sanping,Eidelson,704,175-1090,STEM,NC,27581,S,Y,39500,6.5611887,3300,3300
Ramakrishnan,Rabagliati,203,170-2096,STAMFORD,CT,6928,S,N,72000,5.0,12750,0
Jun'ichi,Schachtel,440,187-1810,TRINWAY,OH,43842,M,Y,57500,2.454731,0,1300
Qui,Inamori,732,127-1678,LITTLE SILVER,NJ,7739,S,N,12000,1.4,1000,0
Gururaj,Nocetti,602,100-1615,BELLEMONT,AZ,86015,S,N,43000,3.3814998,2100,0
Rinie,Baumslag,435,155-1824,SPANISH FORK,UT,84660,S,N,44500,7.0,2475,0
Armin,Atrawala,505,171-1011,FAYWOOD,NM,88034,S,N,63000,5.3,3300,0
Stelios,Mayrand,912,163-1506,CHESTER,GA,31012,M,N,50500,6.0,0,0
Fuhua,Tokunaga,505,145-1208,FORT STANTON,NM,88323,S,N,32500,5.3,3300,0
Nicky,Martschew,603,198-1377,CONCORD,NH,3302,M,Y,92000,0.0,0,0
Jamal,Jowett,907,152-1402,CENTRAL-typoNORTH FORT MYERS,AK-typoMI,99730,M,N,97000,0.0,0,0
Jussi,Deriche,603,164-1752,RYE,NH,3870,S,Y,95500,0.0,0,0
Seongmoon,Baxter,787,120-1943,CIDRA,PR,739,M,Y,82000,0.0,0,0
Kendra,Gammage,229,157-1868,ATLANTA,GA,30379,M,N,6500,5.6,0,0
Kingsley,Nussche,505,108-1326,CEBOLLA,NM,87518,S,Y,19500,5.3,3300,3300
Andra,Schmerl,808,105-1874,KIHEI,HI,96753,M,N,24000,5.3657894,0,0
Naseem,Dewey,404,116-1358,MACON,GA,31201,S,N,89500,6.0,2700,0
Bern,Huhtala,704,102-1857,SALISBURY,NC,28147,S,N,48000,6.7395105,3300,0
Raimond,Althammer,551,137-1484,CEDAR BROOK,NJ,8018,M,N,16500,1.4,0,0
Sejin,Poulsen,925,175-1307,MALIBU,CA,90263,M,Y,100000,9.3,0,272
Czarek,Mitter,913,109-1107,BAILEYVILLE,KS,66404,S,Y,14000,3.5,2250,2250
Ladjel,Hellwagner,580,176-1745,MUSKOGEE,OK,74402,S,Y,62500,6.25,1000,1000
Riverson,Friedman,720,102-1582,LITTLETON,CO,80166,S,N,41500,4.63,0,0
Sandra,Kolinko,505,166-1891,ALGODONES,NM,87001,S,N,94500,5.3,3300,0
Hisako,Grinter,402,155-1151,LEIGH,NE,68643,M,N,8000,3.5545228,0,0
Nathaniel,Lotem,406,117-1561,JOPLIN,MT,59531,S,N,98500,6.9,1900,0
Shensheng,Prokosch,914,127-1630,DELEVAN,NY,14042,M,Y,89500,4.4721036,0,1000
Karni,Hosaka,406,156-1529,PLEVNA,MT,59344,S,N,69500,6.9,1900,0
Romesh,Terwiesch,612,181-1955,GRAND RAPIDS,MN,55730,S,Y,4500,5.35,3300,3300
Devika,Koszlajda,515,101-1157,TIFFIN,IA,52340,S,N,51500,8.114557,40,0
Cristiano,Bateman,803,144-1872,ANDERSON,SC,29626,S,N,36500,7.0,3300,0
Mayez,Fraichard,973,155-1748,QUAKERTOWN,NJ,8868,S,N,48000,1.8415833,1000,0
Karima,Gjerlov,906,124-1944,SAINT CLAIR-typoHARTMAN,NV,48079,M,Y,45500,3.9,0,3100
Elli,Czezowski,407,162-1995,TALLAHASSEE,FL,32395,M,Y,62500,0.0,0,0
Winky,Kadakuntla,971,106-1331,CURTIN,OR,97428,S,N,32500,9.0,159,0
Benn,Coxon,913,156-1242,QUINTER,KS,67752,S,Y,4500,3.5,2250,2250
Jiang,Poehlman,832,110-1501,HOUSTON,TX,77249,M,N,9500,0.0,0,0
Jinchang,Candy,971,107-1049,BEAVERTON,OR,97007,M,N,94500,9.0,0,0
Etienne,Akiyama,662,190-1085,JACKSON,MS,39284,M,Y,68500,5.0,0,1500
Rangasam,Dorling,631,155-1217,NEW YORK,NY,10080,S,N,80000,4.4170732,0,0
Kali,Zabele,920,123-1670,SOMERSET,WI,54025,S,N,19500,4.7852187,700,0
Rassul,Baalbergen,970,141-1406,NEW CASTLE,CO,81647,S,N,7000,4.63,0,0
Sunghyun,Poulakidas,580,115-1409,EAGLETOWN,OK,74734,M,Y,73000,6.25,0,1000
Kilian,Sommen,256,182-1120,LAFAYETTE,AL,36862,S,N,56000,5.0,1500,0
Dmitry,Coroyer,865,115-1393,NEW JOHNSONVILLE,TN,37134,S,N,65000,0.0,0,0
Somkiat,Shedroff,404,103-1296,NORCROSS,GA,30071,M,Y,87000,6.0,0,3000
Basil,Schroeppel,605,131-1118,WHITE,SD,57276,S,Y,34500,0.0,0,0
Iqbal,Agmon,516,150-1692,WEST COXSACKIE,NY,12192,S,Y,31000,4.1332316,0,1000
Daria,Izumida,207,154-1681,HARRINGTON,ME,4643,M,Y,54000,8.5,0,2850
Grigoris,Westra,785,133-1656,MACKSVILLE,KS,67557,S,N,27000,5.8599997,2250,0
Vaidy,Altiok,207,109-1218,NEW SHARON,ME,4955,M,Y,58000,8.5,0,2850
Abdelmajid,Perschbacher,651,116-1276,CRYSTAL BAY,MN,55323,S,Y,62500,7.5906615,3300,3300
Yanggon,Bensaou,574,163-1498,INDIANAPOLIS,IN,46296,M,Y,4000,3.4,0,1000
Shrinivas,Kruck,316,168-1048,DORRANCE,KS,67634,S,N,67500,6.45,2250,0
Gerrine,Lucks,808,155-1634,PRINCEVILLE,HI,96722,S,N,28500,6.176974,1040,0
Tjalling,McIlraith,865,140-1239,MAYNARDVILLE,TN,37807,S,N,95500,0.0,0,0
Jonell,Swiler,308,167-1459,DANBURY,NE,69026,S,Y,42500,6.84,103,103
Gudrun,Boe,206,106-1235,IONE,WA,99139,M,N,64000,0.0,0,0
Lorna,Vutukuru,702,135-1668,LAS VEGAS,NV,89159,M,Y,46000,0.0,0,0
Conrado,Biefeld,505,181-1541,NAVAJO DAM,NM,87419,M,N,95000,5.3,0,0
Simo,Baudino,863,147-1430,RIVERVIEW,FL,33568,S,N,74500,0.0,0,0
Carmelita,Hudlicka,870,102-1645,FORT SMITH,AR,72902,M,Y,43500,7.0,0,20
Mallory,Mahapatra,636,100-1498,FAIR PLAY,MO,65649,M,Y,25000,6.0,0,1200
Yali,Abelha,253,179-1806,GRAYLAND,WA,98547,M,N,80000,0.0,0,0
Moriyoshi,Reid,763,131-1949,JACKSON,MN,56143,S,Y,74000,7.85,3300,3300
Inhye,Pesonen,256,190-1047,BIRMINGHAM,AL,35205,M,N,96000,5.0,0,0
Niteen,Terziyan,605,186-2067,LAKE ANDES,SD,57356,M,Y,56500,0.0,0,0
Dunren,Dayana,715,181-1518,WALDO,WI,53093,M,Y,84000,5.9059157,0,400
Haojin,Anguita,907,120-1308,FAIRBANKS,AK,99710,M,N,94000,0.0,0,0
Alty,Mahboob,701,106-2095,FARGO,ND,58121,M,N,69500,2.5613713,0,0
Ardian,Rajaram,513,136-1176,SENECAVILLE,OH,43780,S,N,21000,1.243118,1300,0
DeLiang,Mazzocca,479,163-1225,HARRISBURG,AR,72432,S,N,3000,1.0,20,0
Liangwei,Zhongxiu,406,111-1058,GOLD CREEK,MT,59733,M,Y,97500,6.9,0,1900
Masooma,Rest,980,174-1114,MINNEAPOLIS,NC,28652,M,N,41500,6.603147,0,0
Brigitta,Keim,661,181-1515,VICTOR,CA,95253,M,N,5500,1.0,0,0
Ramayya,Gore,580,154-1977,HAWORTH,OK,74740,S,N,40000,6.25,1000,0
Vasudevan,Gumm,207,119-1556,RICHMOND-typoNORTH FORT MYERS,WV,4357,S,N,86000,8.5,2850,0
Samudra,Loganantharaj,757,185-1485,CAPRON,VA,23829,S,Y,58500,5.75,900,900
Kristina,Puppe,414,139-1680,CRANDON,WI,54520,S,N,36000,5.071909,700,0
Rosemarie,Guinther,207,119-1082,SWANS ISLAND,ME,4685,M,Y,7000,3.1624088,0,2850
Kimihiro,Rachid,906,161-1270,NORTH FORT MYERS,MI-typoCT,48309,S,N,10000,3.9,3100,0
Wamberto,Fratarcangeli,949,134-1243,ESCONDIDO,CA,92030,S,Y,7000,1.1607685,87,272
Graca,Breunig,562,154-1376,SAN JOSE,CA,95153,S,Y,46000,9.3,87,272
Yasushi,Grems,401,116-1782,PAWTUCKET,RI,2860,M,Y,61000,0.0,0,0
Pieter,Kamijo,769,132-2000,MERIDIAN,MS,39307,M,Y,58500,5.0,0,1500
Erven,Parascandalo,312,119-1334,CAROL STREAM,IL,60197,S,Y,57500,3.0,2000,2000
Noha,Malinowski,208,182-1105,MOUNTAIN HOME A F B,ID,83648,S,Y,5500,2.8322787,3300,3300
Marney,Genin,301,119-1471,HYATTSVILLE,MD,20782,S,N,79500,4.75,2400,0
Mirela,Keay,801,140-1286,CEDAR CITY-typoALMONT,CT,84720,M,N,46000,7.0,0,0
Samson,Llado,425,112-1341,TACOMA,WA,98417,S,N,45000,0.0,0,0
Abdelmadjid,Deverell,605,112-1732,SPENCER,SD,57374,M,Y,100000,0.0,0,0
Hirondo,Langford,786,168-1659,SAINT PETERSBURG,FL,33747,S,N,61500,0.0,0,0
Brice,Eisenstadt,865,150-1957,KINGSTON SPRINGS-typoHARTMAN,NV,37082,S,Y,16500,0.0,0,0
Sudhir,Paciorek,517,121-1611,KALAMAZOO-typoALMONT,MI-typoCT,49019,S,Y,19000,3.9,3100,3100
Danae,Didic,719,142-1242,DE BEQUE,CO,81630,M,N,86000,4.63,0,0
Gautam,Vollaro,618,165-1979,POSEN,IL,60469,M,Y,66000,3.0,0,2000
Stacy,Rioboo,307,131-1739,LYSITE,WY,82642,S,Y,57500,0.0,0,0
Michi,Lampe,307,169-1857,NATRONA,WY,82646,M,Y,43500,0.0,0,0
Shalhav,Zolotykh,252,141-1571,DURHAM,NC,27702,S,Y,9000,6.0,3300,3300
Phokion,Lease,702,170-1377,ELKO,NV,89801,M,Y,65500,0.0,0,0
Munehiro,Pendleton,816,163-1050,CLARK,MO,65243,M,Y,8500,5.71875,0,1200
Dzung,Strcalov,406,119-1262,EDGAR,MT,59026,S,N,79000,6.9,1900,0
Yasubumi,Bhat,317,105-1250,EVANSVILLE,IN,47739,S,N,63500,3.4,1000,0
Taegyun,Leiba,202,115-1093,WASHINGTON,DC,20318,S,N,48500,9.0,1370,0
Jyhjong,Vernalde,512,102-1354,HOUSTON,TX,77043,M,N,2000,0.0,0,0
Brijesh,Diebold,319,121-1950,RUDD,IA,50471,S,Y,40000,6.339211,40,40
Sumeer,Apers,443,157-1058,RIVERDALE,MD,20738,S,Y,98000,4.75,2400,2400
Qui,Forcade,503,174-1356,BRIDGEPORT,OR,97819,S,Y,79500,9.0,159,159
Jay,Promhouse,603,105-1225,GLENCLIFF,NH,3238,S,N,25500,0.0,0,0
Xiaoyang,Ponthieu,484,187-1202,HEGINS,PA,17938,S,Y,9500,3.07,0,0
Hardeep,Sajaniemi,603,172-1473,HAMPTON,NH,3842,S,Y,73000,0.0,0,0
Yueming,Grignetti,339,160-1935,AMHERST,MA,1004,S,N,72500,5.3,3575,0
Harman,Klusch,435,152-1847,SALT LAKE CITY,UT,84141,S,Y,36000,7.0,2475,2475
Chaiyaporn,Ventura,203,111-1745,WATERBURY,CT,6724,M,Y,2000,3.0,0,0
Mario,Moudgal,954,151-1968,VALRICO,FL,33596,S,Y,94000,0.0,0,0
Padraig,Kusakari,302,159-1575,NORTH FORT MYERS,DE-typoWV,19804,S,N,90000,5.95,110,0
Lanfranco,Kamo,850,152-1824,BUNNELL,FL,32110,S,Y,28000,0.0,0,0
Joji,Harnett,503,186-1874,BRIGHTWOOD,OR,97011,S,Y,7000,9.0,159,159
Phill,Awong,603,170-1041,NASHUA,NH,3064,M,N,12500,0.0,0,0
Fadi,Hulaas,605,133-1468,PARMELEE,SD,57566,M,N,86000,0.0,0,0
Suryanarayana,Lesperance,504,128-1443,SUMMERFIELD,LA,71079,M,Y,69500,6.0,0,1000
Patty,Klutke,907,129-1333,ANDERSON,AK,99744,S,Y,77500,0.0,0,0
Mladen,Sessa,435,128-1443,SAINT GEORGE,UT,84790,S,Y,14500,7.0,2475,2475
Hyungjeong,Heuter,215,154-1160,JOHNSTOWN,PA,15909,M,Y,14000,3.07,0,0
Joakim,Merckt,202,137-2067,WASHINGTON,DC,20268,M,N,10000,4.5,0,0
Mervin,Woof,802,165-1949,MONTPELIER,VT,5601,S,Y,6000,3.6,3300,3300
Gianfranco,Bodlaender,603,167-1889,ROCHESTER,NH,3868,S,N,46000,0.0,0,0
Mandyam,Bittner,802,194-1628,GRANBY,VT,5840,M,N,90000,4.7957172,0,0
Rayadurgam,Rosenquist,701,191-1778,ROLETTE,ND,58366,S,Y,86500,2.7584395,3300,3300
Heejo,Lukassen,202,154-1794,WASHINGTON,DC,20076,S,Y,44000,9.0,1370,1370
Deryk,Grohoski,201,135-1698,STILLWATER,NJ,7875,S,N,74500,2.2595105,1000,0
Aya,Luon,406,144-1600,WOLF CREEK,MT,59648,M,N,34000,6.9,0,0
Pierluigi,Shmyglevsky,787,140-1789,SAN JUAN,PR,911,S,N,29500,0.0,0,0
Borivoj,Arefi,317,148-1272,LA CROSSE,IN,46348,S,N,28500,3.4,1000,0
Renger,Ferneda,606,197-1360,WALTON,KY,41094,S,Y,15500,2.6944444,20,20
Nobuhisa,Punter,402,156-1521,MINATARE,NE,69356,S,N,3500,2.7553527,103,0
Qing,Constantinescu,570,149-1210,HANOVER,PA,17335,S,Y,31000,3.07,0,0
Pushpa,Schulman,307,101-1892,DIAMONDVILLE,WY,83116,S,Y,21000,0.0,0,0
Anu,Stanger,973,184-1667,MONROE TOWNSHIP,NJ,8831,S,Y,12500,1.4,1000,1500
Jerry,Haddadi,702,176-1303,RENO,NV,89505,M,N,99500,0.0,0,0
Shahadat,Thompson,406,138-1775,POMPEYS PILLAR,MT,59064,M,Y,28000,6.9,0,1900
Heon,Keen,505,186-1498,WINSTON,NM,87943,S,Y,46500,5.3,3300,3300
Egidio,Hagmann,701,160-2083,STERLING,ND,58572,M,N,8500,2.1,0,0
Yoshiharu,Westarp,917,123-1290,WEST LEBANON,NY,12195,S,Y,98000,4.5213413,0,1000
Dawei,Krider,602,101-1594,PHOENIX,AZ,85006,M,Y,86500,4.05575,0,2300
Venkata,Koszlajda,256,144-1846,MOBILE,AL,36675,M,N,56000,5.0,0,0
Genjiro,Klawonn,505,150-1212,HANOVER,NM,88041,M,N,43000,5.3,0,0
Yifang,Aichinger,401,184-1964,EXETER,RI,2822,M,N,79000,0.0,0,0
Apkar,Minoura,318,100-1997,LA VETA,IA,70002,M,N,8000,2.0,0,0
Morgan,Baldan,580,156-1229,OKLAHOMA CITY,OK,73112,S,Y,33000,6.25,1000,1000
Toby,Miculan,401,141-1133,BRISTOL,RI,2809,M,Y,67000,0.0,0,0
Amokrane,Spieker,907,166-1394,ESTER,AK,99725,S,Y,11000,0.0,0,0
Oskari,Koenker,920,197-1433,FALL CREEK,WI,54742,M,Y,96000,6.114417,0,400
Bong,Shahrbabaki,856,122-1757,NORTHVALE,NJ,7647,S,N,25500,1.4867395,1000,0
Xiaocong,Habermann,802,187-1650,POWNAL,VT,5261,S,N,95000,4.8951945,3300,0
Annette,Balcer,205,183-1085,ECHOLA,AL,35457,S,Y,36000,5.0,1500,300
Sami,Middleditch,605,171-1000,LAKE NORDEN,SD,57248,S,Y,76500,0.0,0,0
Aidan,Box,801,109-1046,SALINA,UT,84654,S,Y,27000,7.0,2475,2475
Eliahu,Moudgil,406,195-1520,GARRYOWEN,MT,59031,S,Y,95500,6.9,1900,1900
Len,Vinter,843,153-1756,CATAWBA,SC,29704,M,Y,16500,7.0,0,3300
Kevin,Gershman,302,196-1533,WILMINGTON,DE,19893,M,Y,35000,4.245455,0,110
Zvonko,Highland,701,156-1337,YORK,ND,58386,M,Y,88000,2.7758281,0,3300
Laure,Ariyoshi,701,172-1164,REGAN,ND,58477,S,N,68500,2.5497792,3300,0
Lantzos,Benoit,707,157-1735,CLOVIS,CA,93619,M,Y,50000,9.3,0,272
Divesh,Syed,603,192-2046,HAMPTON,NH,3842,S,Y,65000,0.0,0,0
Silviu,Hiromitsu,860,145-1131,PAWCATUCK,CT,6379,M,Y,44000,5.0,0,0
Khakhanian,Leifert,419,130-1351,AMANDA,OH,43102,M,Y,18000,1.1435333,0,1300
Berthe,Shallof,717,120-2088,FARRELL,PA,16121,M,Y,80000,3.07,0,0
Masao,Bittar,917,148-1071,RICHMOND HILL-typoALMONT,NY-typoNV,11418,S,Y,86000,4.4518294,0,1000
Manlio,Travis,505,170-1513,LOS ALAMOS,NM,87545,M,N,20500,5.3,0,0
Saburo,Popien,503,147-1063,OXBOW,OR,97840,S,N,26500,9.0,159,0
Calton,Falvo,517,169-1473,DEARBORN,MI,48124,S,Y,99000,3.9,3100,3100
Miltos,Pero,787,166-1395,NARANJITO,PR,719,S,N,7500,0.0,0,0
Ilana,Barr,719,190-1420,FRASER,CO,80442,S,N,30000,4.63,0,0
Claudi,Uesaka,901,144-1351,LUTTRELL,TN,37779,M,N,57000,0.0,0,0
Srecko,Panagaden,262,196-1251,VIROQUA,WI,54665,S,Y,23000,4.846032,700,400
Ranabir,Guad,848,121-1447,MEDFORD,NJ,8055,M,N,21000,1.4157708,0,0
Kanae,Quadeer,434,172-1398,MAX MEADOWS,VA,24360,M,N,33000,5.75,0,0
Kencheng,Martella,304,171-1419,BOMONT,WV,25030,S,N,100000,6.5,2000,0
Youngkon,Bannelier,608,189-1513,STEUBEN,WI,54657,S,N,33000,5.0197835,700,0
Maitham,Ramras,413,139-1955,WAYLAND,MA,1778,M,N,59500,5.3,0,0
Drago,Shioya,203,174-1637,BURLINGTON,CT,6013,M,N,24000,5.0,0,0
Maroin,Raju,318,163-1935,DUBBERLY,LA,71024,M,Y,80000,6.0,0,1000
Leoan,Oertly,551,114-2076,RIVERTON,NJ,8076,M,Y,98000,2.630125,0,1500
Appie,Rudaz,678,114-1480,WILLIAMSON,GA,30292,M,Y,38500,6.0,0,3000
Katsuhisa,Moehrke,816,105-1335,MORRISON,MO,65061,S,N,39500,6.0,2100,0
Saburo,Reeves,207,127-1015,WATERVILLE,ME,4901,S,N,81000,8.5,2850,0
Shaun,Mitusi,541,174-1050,REDMOND,OR,97756,M,N,14500,9.0,0,0
Hermann,Marquard,302,186-1661,WILMINGTON,DE,19893,S,N,95000,5.95,110,0
Kincho,Notz,507,185-1950,DULUTH,MN,55801,S,N,21500,5.402828,3300,0
Yousong,Kahale,401,119-1788,SLOCUM,RI,2877,M,Y,1500,0.0,0,0
Ranjeev,Terral,970,183-1241,MANASSA,CO,81141,M,Y,1000,4.63,0,0
Nicu,Stockmeyer,253,149-1606,DUPONT,WA,98327,M,Y,46500,0.0,0,0
Anzhelika,Witzgall,985,126-1314,ELM GROVE,LA,71051,M,N,89000,6.0,0,0
Jarno,Kobara,316,100-1216,DEERFIELD,KS,67838,S,N,58000,6.45,2250,0
Wernher,Cichosz,808,149-1484,KEAUHOU,HI,96739,M,Y,87000,8.25,0,1040
Hirohiko,Kreuer,609,117-1502,NORTH FORT MYERS,NJ-typoMI,7068,S,Y,60000,2.0308332,1000,1500
Pravil,Weymouth,763,130-1825,KENSINGTON,MN,56343,S,Y,38000,6.2832975,3300,3300
Dharmavani,Vrsalovic,208,130-1280,CULDESAC,ID,83524,M,Y,54000,7.8,0,3300
Achilleas,Sakurai,802,131-2006,EAST CHARLESTON-typoALMONT,MI,5833,M,N,39500,3.7909963,0,0
Fethi,Valtchev,207,142-1594,BOWDOIN,ME,4287,S,Y,87000,8.5,2850,2850
Watani,Orelup,847,189-1264,STEELEVILLE,IL,62288,M,N,28000,3.0,0,0
Constantinos,Waldschmidt,704,188-2049,CREEDMOOR,NC,27522,M,N,30000,6.361888,0,0
Sinisa,Oxenboll,701,103-1416,NECHE,ND,58265,S,Y,17000,2.1,3300,3300
Gaofeng,Bonniger,804,174-2022,ALMONT,VA-typoCT,22314,M,N,26000,5.75,0,0
Zhongyang,Nagavamsi,816,165-1592,SAINT LOUIS,MO,63128,M,Y,52000,6.0,0,1200
Jinhua,Nuzman,505,170-1282,TAOS,NM,87571,S,N,61000,5.3,3300,0
Oskari,Kankaanpaa,251,114-1253,CULLMAN,AL,35057,M,N,1000,2.6,0,0
Kalervo,Nishizawa,208,119-1532,HAMMETT,ID,83627,M,Y,17000,6.0967813,0,3300
Pin,Lugli,802,174-1726,PAWLET,VT,5761,M,N,93000,4.855404,0,0
Kasidit,Narasayya,731,150-1336,MEMPHIS-typoLA VETA,TN-typoCT,38124,M,N,20000,0.0,0,0
Farooq,Widjojo,808,194-1605,LAHAINA,HI,96767,S,Y,44000,8.25,1040,1040
Nora,Leeser,580,116-1140,HOLDENVILLE,OK,74848,M,Y,44500,6.25,0,1000
Mercedes,Shephard,563,175-1512,MARCUS,IA,51035,S,N,79000,8.98,40,0
Benedito,Etzioni,253,134-1080,TACOMA,WA,98446,S,Y,95000,0.0,0,0
Lei,Hollenbach,509,135-1114,PATEROS,WA,98846,S,Y,42000,0.0,0,0
Tefko,Lauck,985,196-2021,LAFAYETTE,LA,70503,S,Y,62500,6.0,4500,1000
Hyoung,Hendren,718,160-1028,PREBLE,NY,13141,S,Y,16000,4.0463414,0,1000
Tianxu,Keronen,240,175-1389,CAPITOL HEIGHTS-typoALMONT,MD-typoWV,20791,M,Y,36000,4.75,0,2400
Shantanu,Trinidad,504,147-1973,LA PLACE,LA,70069,S,N,500,2.0,4500,0
Neil,Normoyle,541,170-2058,HAINES,OR,97833,S,Y,13500,9.0,159,159
Krishna,Humborstad,479,116-1313,DIAZ-typoALMONT,NV,72043,M,Y,3000,1.0,0,20
Naser,Darche,803,191-1226,AIKEN,SC,29802,M,N,67500,7.0,0,0
Hosahalli,Kupiec,706,119-1123,MINERAL BLUFF,GA,30559,M,N,1500,1.5999999,0,0
Ataru,Gras,307,172-1768,FORT LARAMIE,WY,82212,S,N,29500,0.0,0,0
Bader,Nittel,805,197-1745,MORGAN HILL,CA,95038,S,N,91500,9.3,87,0
Yongun,Vajtersic,501,153-1439,MOUNT HOLLY,AR,71758,M,Y,51500,7.0,0,20
Fun,Serra,314,169-1009,WINDSOR,MO,65360,M,N,500,1.5,0,0
Toshiya,Sekine,940,138-1197,AUSTIN,TX,78741,S,Y,80500,0.0,0,0
Oksana,Tsiknakis,240,169-1414,INGLESIDE,MD,21644,S,N,74500,4.75,2400,0
Yuriko,Cakir,307,161-1446,ALPINE,WY,83128,M,N,2500,0.0,0,0
Imran,Beounes,928,130-1858,BEACON FALLS,AZ-typoGA,85264,S,Y,84500,4.0247498,2100,2300
Athena,Bik,907,199-1636,DELTA JUNCTION,AK,99737,S,Y,61000,0.0,0,0
Jarek,Parris,216,116-1784,WATERLOO,OH,45688,S,N,83000,3.3012,1300,0
Feipei,Derks,410,153-1544,FREDERICK,MD,21709,M,N,99500,4.75,0,0
Ningda,Baldoza,878,196-1562,LUMBERVILLE,PA,18933,S,N,73500,3.07,0,0
Kazumitsu,Castle,434,164-1423,FORK UNION,VA,23055,S,Y,2000,2.0,900,900
Lingyuan,Banerji,401,108-1645,NORTH SMITHFIELD,RI,2896,S,N,94500,0.0,0,0
Ratko,Sridhar,802,170-1173,EAST THETFORD,VT,5043,M,N,84000,4.6763444,0,0
Basant,Koszlajda,765,111-1058,TROY,IN,47588,S,N,34000,3.4,1000,0
Wiebe,Tall,208,191-1246,KUNA,ID,83634,M,N,89500,7.8,0,0
Kenji,Dybig,502,124-1151,MAGNOLIA,KY,42757,M,Y,21000,3.0,0,20
Nauman,Posthoff,614,197-1590,NEFFS,OH,43940,S,N,1500,0.712,1300,0
Saulo,Gurrie,334,121-1773,MADISON,AL,35757,M,N,59000,5.0,0,0
Antonina,Crampes,210,149-1403,TULIA,TX,79088,S,N,50000,0.0,0,0
Itzchak,Sucheston,803,106-1318,JEFFERSON,SC,29718,M,Y,89000,7.0,0,3300
Wanjiun,Agostini,307,107-1681,BOSLER,WY,82051,S,Y,72500,0.0,0,0
Teruhiko,Praeger,435,185-2027,BRYCE CANYON,UT,84717,M,Y,52000,7.0,0,2475
Myunghwan,Latta,360,143-1505,TAHOLAH,WA,98587,M,Y,78000,0.0,0,0
Achilleas,Elenbaas,239,131-1595,LUTZ,FL,33558,M,Y,1000,0.0,0,0
Juval,Melzer,402,185-1266,ORLEANS,NE,68966,S,Y,64000,6.84,103,103
Madanpal,Agosti,605,183-1920,SAINT ONGE,SD,57779,S,N,45000,0.0,0,0
Marlo,Liskiewicz,980,111-1092,MADISON,NC,27025,S,N,26000,6.277972,3300,0
Sigalit,Ercolano,712,122-1245,SWISHER,IA,52338,S,N,33000,5.258566,40,0
Xiaofang,Hanawa,410,126-1335,PORT REPUBLIC,MD,20676,M,Y,37000,4.75,0,2400
Jozsef,Thenmozhi,937,136-1030,WAYNESFIELD,OH,45896,M,N,68000,2.803277,0,0
Tadahiko,Colmerauer,763,116-1109,DONALDSON,MN,56720,M,N,72500,7.85,0,0
Rajashekar,Linnemann,952,165-1080,CRYSTAL BAY,MN,55323,S,N,11500,5.35,3300,0
Traytcho,Horswill,605,150-2065,SOUTH SHORE,SD,57263,M,Y,87000,0.0,0,0
Eberhardt,Tano,320,144-1019,YOUNG AMERICA,MN,55594,M,Y,26000,5.6429563,0,3300
Dongmyun,Craske,203,157-2041,NIANTIC,CT,6357,S,N,18000,5.0,12750,0
Qiping,Carreras,878,165-1244,ADAH,PA,15410,M,Y,27500,3.07,0,0
Raj,Gorz,708,196-1202,EDDYVILLE,IL,62928,M,N,46000,3.0,0,0
Nizar,Seibert,605,132-1066,TEA,SD,57064,S,Y,52500,0.0,0,0
Egidio,Bitz,603,171-1684,MEREDITH,NH,3253,S,Y,41500,0.0,0,0
Arne,Yaoi,302,120-1581,ELLENDALE,DE,19941,M,Y,54500,5.575,0,110
Jaap,Boufaida,769,192-1921,SHERMAN-typoNORTH FORT MYERS,MI,38869,M,N,6500,3.6,0,0
Carter,Langtangen,843,129-1152,INMAN,SC,29349,M,Y,8000,4.8769455,0,3300
Andres,Yetim,203,132-1941,WESTON,CT,6883,S,N,43000,5.0,12750,0
Seungjong,Depommier,980,129-1336,CLIFFSIDE-typoLA VETA,NV,28024,S,Y,99000,7.8094406,3300,3300
Colleen,Trappl,551,120-1386,BUTTZVILLE,NJ,7829,S,Y,72000,2.2200832,1000,1500
Carrsten,Catto,406,167-1971,BASIN,MT,59631,S,Y,31000,6.9,1900,1900
Wibke,Bothner,240,123-2012,TAKOMA PARK-typoNORTH FORT MYERS,MD-typoIA,20913,M,Y,71000,4.75,0,2400
Hirotsugo,Raza,302,126-1990,WILMINGTON,DE,19810,S,N,30500,3.9386363,110,0
Hongzhong,Malsburg,207,184-1029,BRYANT POND,ME,4219,M,Y,73000,8.5,0,2850
Jaroslava,Koehl,406,153-1621,CANYON CREEK,MT,59633,S,Y,500,1.0,1900,1900
Jalel,Copperman,201,197-1111,MAGNOLIA,NJ,8049,S,N,65500,2.1175728,1000,0
Shinsei,Shippy,504,112-1650,FOLSOM-typoNORTH FORT MYERS,NV,70437,S,Y,19000,4.08,4500,1000
Shivendra,Deussen,602,171-1024,HAYDEN,AZ,85135,S,N,99500,4.25725,2100,0
Jamaludin,Huleihel,602,148-1190,SURPRISE,AZ,85374,S,Y,43500,3.3892498,2100,2300
Matthias,Hojati,308,130-1689,PAWNEE CITY,NE,68420,S,Y,87500,6.84,103,103
Haiming,Wischnewsky,504,120-1831,EVERGREEN,LA,71333,M,N,68500,6.0,0,0
Kajal,Piera,203,162-1520,HARTFORD,CT,6126,M,N,29000,5.0,0,0
Roded,Grana,801,192-1745,WEST JORDAN,UT,84088,S,N,10500,7.0,2475,0
Min,Moshkow,732,128-2029,ROEBLING,NJ,8554,S,N,25000,1.4788542,1000,0
Abdelsalam,Yelavich,402,136-2042,SNYDER,NE,68664,M,N,98500,6.84,0,0
Baoling,Waumans,907,144-2073,ALMONT,AK-typoWV,99644,S,Y,16500,0.0,0,0
Haleh,Rudisin,970,195-1833,STEAMBOAT SPRINGS,CO,80488,M,Y,85000,4.63,0,0
Qijia,Ratha,708,122-1094,STONEFORT,IL,62987,M,N,35000,3.0,0,0
Sakti,Lakoumentas,320,137-1595,CHASKA,MN,55318,S,Y,52500,7.0570436,3300,3300
Yiya,Zhiwei,240,189-1847,GARRETT PARK,MD,20896,S,Y,66000,4.75,2400,2400
Efthimis,Welinder,304,161-1993,COOL RIDGE,WV,25825,S,Y,28500,4.295,2000,2000
Zevi,Tobin,302,149-1356,GEORGETOWN,DE,19947,M,Y,55500,5.643182,0,110
Armar,Keirsey,269,186-1967,MILLERSBURG,MI,49759,S,Y,99500,3.9,3100,3100
Yoga,Feber,712,167-1593,MARION,IA,52302,S,N,99000,8.98,40,0
Corrado,Brook,704,199-1542,CAMP LEJEUNE,NC,28542,M,N,86000,7.5367136,0,0
Yew,Whiteley,607,126-1809,CORNWALLVILLE,NY,12418,S,Y,64500,4.3272867,0,1000
Margrit,Stadl,301,115-1225,BOWIE,MD,20718,M,Y,53000,4.75,0,2400
Alejo,Hallman,330,126-1609,AKRON-typoALMONT,OH-typoIA,44328,M,Y,49500,2.1891718,0,1300
Mayan,Leger,440,175-1312,TOLEDO,OH,43604,S,N,32000,1.6082616,1300,0
Etsujiro,Eskridge,435,181-1659,SALT LAKE CITY,UT,84109,M,N,95000,7.0,0,0
Koldo,Tibblin,605,190-1103,PINE RIDGE,SD,57770,M,Y,93000,0.0,0,0
Micha,Paradis,503,147-1303,HALFWAY,OR,97834,S,Y,100000,9.0,159,159
Burke,Leena,404,101-1361,HOSCHTON,GA,30548,S,N,65000,6.0,2700,0
Baher,Brown,303,163-1298,KIRK,CO,80824,M,Y,17500,4.63,0,0
Nesime,Pedrotti,304,125-1142,CHARLESTON,WV,25339,M,N,85000,6.5,0,0
Malur,Hallet,802,153-1726,ESSEX,VT,5451,S,Y,91000,4.815613,3300,3300
Ataru,Michalak,313,148-1025,VERNON,MI,48476,M,N,98500,3.9,0,0
Dinesh,Nagasawa,252,110-1562,ALMONT,CT,27498,S,Y,500,6.0,3300,3300
Elizabeth,Sreerama,252,146-1624,TOWNSVILLE,NC,27584,S,N,81500,7.4423075,3300,0
Teruhiro,Galatescu,571,187-1309,HARTMAN,VA-typoCT,23218,S,Y,80500,5.75,900,900
Toniann,Stomenovic,812,170-1648,DUBLIN,IN,47335,M,Y,16000,3.4,0,1000
Odysseas,Beer,716,136-1391,CASTLE POINT,NY,12511,M,Y,70000,4.359146,0,1000
Radomir,Ratz,787,144-1357,MANATI,PR,674,M,N,94500,0.0,0,0
Qingda,Wong,401,161-1667,PASCOAG,RI,2859,S,N,93500,0.0,0,0
Springer,Kroon,808,117-1628,HONOLULU,HI,96822,S,Y,17500,4.194079,1040,1040
Hiromi,Dimitoglou,304,133-1097,GLEN JEAN,WV,25846,S,Y,88000,6.5,2000,2000
Aviram,Guzdial,907,139-1438,FORT YUKON,AK,99740,S,N,8000,0.0,0,0
Wilko,Mondadori,859,155-1430,ESSIE,KY,40827,M,Y,95500,6.0,0,20
Yagil,Placide,501,147-1839,AUBREY,AR,72311,M,N,68000,7.0,0,0
Nariman,Buekenhout,970,179-1203,AURORA,CO,80017,M,Y,7500,4.63,0,0
Tran,Kameya,304,183-1968,ROMNEY,WV,26757,S,N,12000,3.14,2000,0
Hosahalli,Heiser,509,174-1219,GREENACRES,WA,99016,S,N,63500,0.0,0,0
Iwao,Rinn,402,121-1456,HARVARD,NE,68944,M,Y,59000,6.84,0,103
Milvio,Rilling,435,133-1960,LA SAL,UT,84530,M,Y,80500,7.0,0,2475
Baiju,Noack,856,135-1643,LEEDS POINT,NJ,8220,S,N,99500,2.6537814,1000,0
Ghislaine,Christinaz,256,170-1708,CUSSETA,AL,36852,S,N,3500,5.0,1500,0
Josyula,Kranakis,918,175-1180,TULSA,OK,74193,S,Y,73000,6.25,1000,1000
Ramarao,Tzannes,603,161-1342,HILLSBOROUGH,NH,3244,M,Y,39500,0.0,0,0
Rockford,Radivojevic,401,112-1497,FORESTDALE,RI,2824,M,Y,2500,0.0,0,0
Rossella,Aigrain,276,138-1818,ASHLAND,VA,23005,M,N,68000,5.75,0,0
Tullio,Dashofy,608,124-1382,GALLOWAY,WI,54432,S,Y,91000,6.0275416,700,400
Muralidhar,Arentze,701,106-1772,VOLTAIRE,ND,58792,M,N,42000,2.2425847,0,0
Ina,Tollander,904,132-1490,HORSESHOE BEACH,FL,32648,M,N,7500,0.0,0,0
Leslie,Mooers,614,114-1333,GROVER HILL,OH,45849,M,N,95500,3.716136,0,0
Laure,Nocker,828,168-1533,AULANDER,NC,27805,S,N,85500,7.5262237,3300,0
Dusanka,Partove,701,128-1348,DICKINSON,ND,58601,S,Y,1500,2.1,3300,3300
Darice,Gidron,601,129-1188,GRENADA,MS,38901,M,Y,95500,5.0,0,1500
Jacque,Barr,859,198-1429,LA VETA,KY-typoWV,40366,S,N,13500,2.5833333,20,0
Armen,Inuo,567,172-1304,MOUNT HOPE,OH,44660,M,N,74000,3.0024462,0,0
Lihu,Duparc,319,178-1319,SIOUX CITY,IA,51108,M,Y,47500,7.4970455,0,40
Hannes,Suermann,603,170-1601,SULLIVAN,NH,3445,S,Y,74500,0.0,0,0
Giampio,Stiver,270,151-1268,LEXINGTON,KY,40582,S,Y,29000,3.4444444,20,20
TakaHide,Farris,401,185-1532,EAST PROVIDENCE,RI,2914,M,N,42000,0.0,0,0
Yaoqing,Aidoud,580,150-2013,HARTMAN,OK-typoWV,74136,M,Y,99000,6.25,0,1000
Jason,Waroquier,208,100-1880,STANLEY,ID,83278,S,N,66500,7.8,3300,0
Bouchung,Jayaprakash,701,166-1996,WILTON,ND,58579,M,N,59500,2.4454489,0,0
Masayuki,Spong,435,161-1385,HYDE PARK,UT,84318,M,N,37000,7.0,0,0
Dzung,Nedjah,414,168-1770,MILWAUKEE,WI,53268,M,N,60500,5.4975996,0,0
Kumud,Zabele,319,189-2031,SHERRILL,IA,52073,S,N,18500,3.0200863,40,0
Insup,Melton,931,119-2045,ATWOOD,TN,38220,M,Y,52500,0.0,0,0
Merritt,Subhlok,719,120-1922,COLORADO SPRINGS,CO,80941,S,N,31000,4.63,0,0
Rosemary,Fulcher,937,115-2048,LITHOPOLIS,OH,43136,S,Y,67500,2.7866797,1300,1300
Jonna,Schwabacher,302,130-1214,HOCKESSIN,DE,19707,S,Y,23500,3.4613638,110,110
Aris,Lafortune,307,120-1253,BEDFORD,WY,83112,S,Y,70000,0.0,0,0
Shaodi,Junkin,808,143-1773,HONOLULU,HI,96818,S,N,59000,8.25,1040,0
Ronda,Wernecke,662,102-1310,WIGGINS,MS,39577,S,N,78000,5.0,6000,0
Tarun,Umkehrer,813,149-1069,SILVER SPRINGS,FL,34488,S,N,21000,0.0,0,0
Ibibia,Even,606,158-1319,ROSINE,KY,42370,M,Y,8000,2.2777777,0,20
Verlynda,Leguy,787,189-1746,SAN JUAN,PR,917,M,N,19500,0.0,0,0
Shambhu,Hagerman,787,185-1134,CAROLINA,PR,988,S,N,9500,0.0,0,0
Harvey,DiGiano,302,198-1170,WILMINGTON,DE,19805,M,Y,19000,3.1545453,0,110
Kyuchul,Ziauddin,918,191-1175,PERRY,OK,73077,M,Y,33500,6.25,0,1000
Chandrajit,Wiseman,605,135-1428,SIOUX FALLS,SD,57197,M,Y,61500,0.0,0,0
Wenjie,Ballim,307,106-1173,BOULDER,WY,82923,M,Y,94500,0.0,0,0
Steen,Dang,802,149-1336,BURLINGTON,VT,5402,M,N,73500,4.467442,0,0
Euripides,Babu,878,166-1246,COLVER,PA,15927,S,Y,18500,3.07,0,0
Debashish,Shimojo,804,176-1845,MILFORD,VA,22514,M,N,95000,5.75,0,0
Mahadev,Hallman,727,186-1516,FORT LAUDERDALE,FL,33336,M,Y,31000,0.0,0,0
Horward,Gips,302,133-1799,WOODSIDE-typoLA VETA,WV,19980,M,N,19500,3.1886363,0,0
Sham,Sahidar,501,165-1936,NEW EDINBURG,AR,71660,S,Y,62500,7.0,20,20
Nayyer,Kurian,714,146-1652,SANTA MARIA,CA,93457,M,N,79500,9.3,0,0
Huaiyuan,Prochazka,202,153-1285,WASHINGTON,DC,20510,S,N,13500,5.2875,1370,0
Galina,Klimov,928,162-1887,ARLINGTON,AZ,85322,M,Y,93500,4.16425,0,2300
Yong,McCaig,469,107-1985,MABANK,TX,75147,S,Y,42000,0.0,0,0
Pozung,Gwinn,307,105-1854,LINCH,WY,82640,S,Y,93500,0.0,0,0
Huapeng,Dervin,561,150-2077,PALM BAY,FL,32908,M,Y,47500,0.0,0,0
Hidehisa,Stocker,505,140-1682,ALBUQUERQUE,NM,87194,M,N,98500,5.3,0,0
Marcian,Svensson,478,166-1526,OFFERMAN,GA,31556,M,Y,22000,6.0,0,3000
Hyuk,Villain,401,151-2012,CUMBERLAND,RI,2864,S,Y,25000,0.0,0,0
Felipe,Ellozy,769,155-1759,CRUGER,MS,38924,M,Y,35500,5.0,0,1500
Persi,Lapid,415,154-2002,YUCAIPA,CA,92399,S,Y,16000,3.2854626,87,272
Volkmar,Gilleron,406,153-1505,BOZEMAN,MT,59717,M,N,8500,4.153448,0,0
Abdechahid,Shackel,505,137-1345,REGINA,NM,87046,S,N,21500,5.3,3300,0
Changwoo,Mosciatti,307,138-1822,HORSE CREEK,WY,82061,M,Y,56000,0.0,0,0
Kimmo,Ayers,860,130-1330,WEST HAVEN,CT,6516,S,N,79500,5.0,12750,0
Isidor,Pilouk,843,126-1666,HEMINGWAY,SC,29554,M,N,93500,7.0,0,0
Hian,Kalp,732,183-2026,MOUNT ARLINGTON,NJ,7856,S,N,98500,2.6380105,1000,0
Renzo,Crivelli,267,173-1681,HYDETOWN,PA,16328,S,Y,39500,3.07,0,0
Akash,Broodsky,603,137-1070,CAMPTON,NH,3223,S,Y,64000,0.0,0,0
Forrest,Seggelke,316,142-1410,BEVERLY,KS,67423,M,N,55500,6.45,0,0
Iara,Banning,763,163-1829,EVANSVILLE,MN,56326,S,N,47000,6.7635536,3300,0
Pradeep,Kroeger,563,167-1130,OSKALOOSA,IA,52577,M,N,44000,6.9567227,0,0
Audrey,DasSarma,952,119-1031,ISANTI,MN,55040,M,N,55500,7.217129,0,0
Steven,Garnham,859,133-1562,BETHELRIDGE,KY,42516,S,N,70500,5.75,20,0
Bogong,Merlo,706,160-1741,COLUMBUS,GA,31998,S,Y,88000,6.0,2700,3000
Tedd,Paleologo,304,150-1065,MAMMOTH,WV,25132,M,Y,70500,6.5,0,2000
Anant,Heusch,308,179-2026,MANLEY,NE,68403,M,Y,46000,6.84,0,103
Gunes,Padman,563,149-1971,FORT ATKINSON,IA,52144,M,N,76000,8.98,0,0
Vitaly,Soutyrina,351,192-1311,NORTH FORT MYERS,CT,1525,M,Y,72000,5.3,0,1000
Paritosh,Leufke,808,113-1092,HALEIWA,HI,96712,M,N,79500,8.25,0,0
Xunwei,Kandlur,787,153-1169,GUAYNABO,PR,970,M,Y,94500,0.0,0,0
Sibsankar,Sikka,808,149-1927,HONOLULU,HI,96811,M,Y,48000,8.25,0,1040
Anisoara,Bonacina,859,180-1642,OWENSBORO,KY,42301,M,N,98500,6.0,0,0
Dragomir,Steingart,715,196-1144,CECIL,WI,54111,M,N,83000,5.8885403,0,0
Sherwood,Kabatianski,208,177-1933,BOISE,ID,83725,M,Y,14500,5.387107,0,3300
Chahab,Malhis,605,139-1718,YANKTON,SD,57078,S,Y,27000,0.0,0,0
Remco,Musen,701,185-1608,EPPING,ND,58843,S,Y,7500,2.1,3300,3300
Moira,Zaccagnini,301,125-2048,PERRYVILLE,MD,21903,S,N,96000,4.75,2400,0
Yannik,d'Acierno,312,118-1072,MADISON LAKE,IA,62355,S,Y,34500,3.0,2000,2000
Constantin,Belkhatir,907,108-1617,CHICKEN,AK,99732,M,N,55000,0.0,0,0
Alipio,Manago,307,106-1026,EVANSTON,WY,82930,S,N,2000,0.0,0,0
Lutz,Ostvold,864,139-1486,COWARD,SC,29530,S,Y,9000,5.3146887,3300,3300
Xenofon,Smotroff,432,139-2031,WINNIE-typoLA VETA,IA,77665,S,N,6500,0.0,0,0
Linas,Sippi,913,193-1845,STARK,KS,66775,S,Y,31000,6.45,2250,2250
Moritz,Radzik,207,130-1451,ROCKWOOD,ME,4478,S,Y,63500,8.5,2850,2850
Motofumi,Groenboom,785,164-1673,TOPEKA-typoALMONT,WV,66652,S,Y,84500,6.45,2250,2250
Malek,Verhofstadt,770,146-1275,WAYNESVILLE,GA,31566,S,N,14000,6.0,2700,0
Wenqui,Crubille,435,172-1424,MEADOW,UT,84644,M,N,58500,7.0,0,0
Zakaria,Benatallah,870,106-2004,CASH,AR,72421,M,Y,98500,7.0,0,20
Kalervo,Bakhtari,208,180-1333,HAYDEN,ID,83835,M,Y,92500,7.8,0,3300
Tobias,Luksch,985,147-1880,SONDHEIMER,LA,71276,S,Y,94000,6.0,4500,1000
Baltasar,Minor,207,180-1026,SANGERVILLE,ME,4479,S,Y,69000,8.5,2850,2850
Suhir,Wile,435,152-1167,ALPINE,UT,84004,M,N,2500,4.530116,0,0
Rachida,Layne,971,151-2073,PACIFIC CITY,OR,97135,M,N,11500,9.0,0,0
Innes,Merhav,567,172-1282,KIRBY,OH,43330,S,Y,3000,0.712,1300,1300
Sukemitsu,Tchernykh,618,164-1902,FRANKFORT HEIGHTS,IL,62840,M,N,6000,3.0,0,0
Hyunki,Moilanen,308,189-1838,BELLWOOD,NE,68624,S,Y,22000,6.04083,103,103
Ray,Emden,209,196-2078,SMARTSVILLE,CA,95977,S,N,45500,9.3,87,0
Bart,Shermer,605,135-1286,MILLER,SD,57362,S,N,58500,0.0,0,0
LouAnna,Fierens,303,123-1538,NIWOT,CO,80544,S,Y,58500,4.63,0,0
Konstantin,DeJean,912,131-2081,LA VETA,GA-typoMI,39842,M,N,79000,6.0,0,0
Maurita,Golgstein,617,111-1281,HINGHAM,MA,2044,M,N,54000,5.3,0,0
Hidemi,Kuvayev,907,171-1429,NUIQSUT,AK,99789,S,N,2000,0.0,0,0
Huaxiong,Gubitoso,317,133-1936,STATE LINE,IN,47982,S,N,23500,3.4,1000,0
Lorinda,Spelke,973,128-1190,CLINTON,NJ,8809,S,Y,10000,1.4,1000,1500
Yingfei,Rayko,605,154-1503,SUMMIT,SD,57266,M,Y,62000,0.0,0,0
Erling,Andreasen,720,176-1430,LITTLETON,CO,80166,M,N,61000,4.63,0,0
Rahul,Sassano,801,107-1974,HYRUM,UT,84319,M,N,500,2.3,0,0
Jago,Poel,207,199-1409,BIDDEFORD,ME,4007,M,N,14000,6.483577,0,0
Fangju,Vrecion,501,133-1754,COMPTON-typoMADISON LAKE,WV,72624,S,Y,69000,7.0,20,20
Kester,Hubbner,803,138-1762,GABLE,SC,29051,S,N,60000,7.0,3300,0
Lyman,Delugach,334,163-1191,LOGAN,AL,35098,M,N,84500,5.0,0,0
Wenan,Trinidad,405,135-1717,SAVANNA,OK,74565,M,N,71000,6.25,0,0
Prodip,Troyer,731,185-1648,CRUMP,TN,38327,S,Y,44000,0.0,0,0
Uming,Bommel,540,109-1548,VIENNA,VA,22185,S,Y,49500,5.75,900,900
Ren,Lauterbach,503,111-1318,CASCADIA,OR,97329,S,N,6500,8.948718,159,0
Margherita,Karsai,231,110-1598,DETROIT,MI,48288,M,N,92000,3.9,0,0
Mirsad,Dingus,208,195-2032,GENESEE,ID,83832,M,Y,49000,7.8,0,3300
Kjell,Birsak,320,114-1595,EXCELSIOR,MN,55331,S,Y,9500,5.35,3300,3300
Shuguang,Kriplani,252,176-2051,GREENSBORO,NC,27419,M,Y,36500,6.498252,0,3300
Gianni,Dress,580,119-1293,MARLOW,OK,73055,M,Y,60500,6.25,0,1000
LuoQuan,Rahmer,402,140-1498,RUSKIN,NE,68974,S,Y,99500,6.84,103,103
Lambert,Siprelle,505,150-1257,SUNLAND PARK,NM,88063,M,Y,79500,5.3,0,3300
Birger,Rosenmann,502,108-1196,HARDYVILLE-typoBEACON FALLS,KY-typoCT,42746,M,Y,96000,6.0,0,20
Sumitaka,Betz,608,195-2098,CUBA CITY,WI,53807,S,N,43500,5.2022223,700,0
Roope,Pflugl,401,117-1986,GREENE,RI,2827,S,N,44000,0.0,0,0
Leni,Barr,716,121-2029,WESTBURY,NY,11594,M,Y,30500,4.1303353,0,1000
Anamaria,Chandru,401,161-1745,PROVIDENCE,RI,2912,S,Y,21000,0.0,0,0
Helmar,Olveszky,802,182-1094,UNDERHILL,VT,5489,M,Y,53000,4.059585,0,3300
Wenceslas,Asmuth,502,132-1877,LOUISVILLE,KY,40228,M,N,5000,2.1111112,0,0
Evelyne,Kopetz,662,105-1591,CRYSTAL SPRINGS,MS,39059,S,N,85000,5.0,6000,0
Kyoung,Sidje,361,181-1932,CARROLLTON,TX,75007,S,N,84500,0.0,0,0
Song,Zettel,772,125-1012,PALATKA,FL,32178,M,N,54000,0.0,0,0
Amancio,Klevans,224,119-1446,LA VETA,CT,61756,S,N,53000,3.0,2000,0
Raminder,Campadelli,304,126-1644,ONEGO,WV,26886,M,N,18000,3.56,0,0
Aurel,Bernhard,701,144-2002,MAXBASS,ND,58760,S,Y,16000,2.1,3300,3300
Albrect,Daskalopulu,501,152-1169,JACKSONVILLE,AR,72076,M,N,11500,2.9364169,0,0
Naoshi,Gagvani,505,175-1739,DONA ANA,NM,88032,M,Y,31000,5.3,0,3300
Kouchi,Bayraktar,425,199-1860,HARTMAN,WA-typoWV,99202,M,N,79000,0.0,0,0
Markus,Mutch,718,103-1526,FLORAL PARK,NY,11001,S,Y,34000,4.15061,0,1000
Gad,Giannotti,870,119-1873,FORT SMITH,AR,72913,S,N,26000,6.4024143,20,0
Indradeep,Narasayya,602,188-2089,PHOENIX,AZ,85096,M,Y,54000,3.552,0,2300
Saeko,Nikovski,603,150-1637,SOUTH SUTTON,NH,3273,S,Y,30000,0.0,0,0
Mamoru,Juvin,813,134-1458,WAVERLY-typoNORTH FORT MYERS,CT,33877,M,N,3500,0.0,0,0
Hsiangchu,Milicic,540,129-1402,SHORTT GAP,VA,24647,M,Y,54000,5.75,0,900
Chinhyun,Hirzer,401,166-1092,CHARLESTOWN-typoALMONT,RI-typoIA,2813,S,N,75000,0.0,0,0
Cheng,Meusel,781,140-2042,MARSTONS MILLS,MA,2648,M,N,87500,5.3,0,0
Kyujin,DeFouw,202,156-1395,WASHINGTON,DC,20578,M,Y,87500,9.0,0,1370
Shay,Guerrieri,302,110-1706,LAUREL,DE,19956,S,N,37500,4.415909,110,0
Shun'ichi,Weisenberg,775,148-1409,LAS VEGAS,NV,89105,S,Y,29000,0.0,0,0
Boyko,Bian,262,112-1009,MADISON,WI,53719,S,N,87000,5.958041,700,0
Bonghee,Basermann,571,186-1334,WAKE,VA,23176,M,Y,63000,5.75,0,900
Wade,Vasanthakumar,316,117-1141,LECOMPTON,KS,66050,S,N,47500,6.45,2250,0
Oliviero,MacRobert,320,166-1988,AUSTIN,MN,55912,S,Y,15000,5.35,3300,3300
Christa,Reitenspies,605,149-1251,BROOKINGS,SD,57006,M,Y,95500,0.0,0,0
Changsik,Jacquet,425,158-1423,MOHLER,WA,99154,M,Y,30500,0.0,0,0
Yacine,Isbell,360,106-2010,FEDERAL WAY,WA,98023,S,Y,7500,0.0,0,0
Ricky,Lismont,319,120-1265,DOW CITY,IA,51528,S,N,59000,8.98,40,0
Mildred,Fritts,312,187-1470,CHENOA,IL,61726,S,Y,94500,3.0,2000,2000
Rain,Cremilleux,952,186-1041,EUCLID,MN,56722,M,N,16500,5.35,0,0
Wuxu,Wilm,217,135-1371,TISKILWA,IL,61368,M,Y,82500,3.0,0,2000
Pino,Marinova,939,194-1962,AIBONITO,PR,705,M,N,31500,0.0,0,0
Irmtraut,Allinson,717,118-2030,WEST CHESTER,PA,19380,S,N,3000,3.07,0,0
Honglan,Landy,913,184-1414,COPELAND,KS,67837,S,N,80500,6.45,2250,0
Junxian,Moorman,843,170-1310,JAMESTOWN,SC,29453,M,Y,84000,7.0,0,3300
Aspi,Roussille,541,118-1305,RUFUS,OR,97050,M,Y,69000,9.0,0,159
Goopeel,Bett,410,115-1866,LAUREL,MD,20707,M,N,18000,4.75,0,0
Moheb,Iacobetz,808,169-1811,WAIALUA,HI,96791,M,N,500,1.4,0,0
Subash,Arens,662,115-1925,MONTICELLO,MS,39654,M,Y,99500,5.0,0,1500
Wamberto,Purday,580,182-1341,TULSA,OK,74134,S,Y,14500,6.25,1000,1000
Shogo,Pinkal,910,176-1897,RALEIGH,NC,27622,S,N,62000,7.0332165,3300,0
Ziv,Semmens,801,105-1065,KOOSHAREM,UT,84744,S,N,51500,7.0,2475,0
Keumog,Okurowski,803,118-1678,CAMDEN,SC,29020,S,Y,71000,7.0,3300,3300
Sanat,Canepa,309,116-1099,CHICAGO,IL,60642,S,Y,83500,3.0,2000,2000
Jiangling,Didic,334,112-1416,PELL CITY,AL,35125,M,N,100000,5.0,0,0
Ruedi,Schaft,509,162-1649,SUMNER,WA,98390,M,N,22000,0.0,0,0
Mosleh,Jording,213,117-1897,CHATSWORTH,CA,91311,M,Y,77000,9.3,0,272
Changyuan,Mullainathan,267,172-1023,ALMONT,PA-typoGA,15728,M,Y,94500,3.07,0,0
Shimon,Piramuthu,401,116-1421,HARRISVILLE,RI,2830,S,Y,47500,0.0,0,0
Gordon,Thallinger,401,171-1187,EXETER-typoALMONT,WV,2822,M,N,94500,0.0,0,0
Meurig,Maderna,302,118-1066,HOCKESSIN,DE,19707,S,Y,44000,4.859091,110,110
Joy,Blomberg,406,155-2010,CORAM,MT,59913,S,Y,89000,6.9,1900,1900
Umang,Heiserman,270,125-1593,BOAZ,KY,42027,M,N,68500,5.638889,0,0
Chinhyun,Stadl,920,198-1815,FISH CREEK,WI,54212,S,Y,3000,4.6,700,400
Lucio,Gien,601,145-1175,TUNICA-typoNORTH FORT MYERS,MS-typoGA,38676,M,N,52000,5.0,0,0
SangMin,Hibberd,865,192-1608,MEMPHIS,TN,37501,M,Y,61500,0.0,0,0
Aharon,Yamauchi,208,109-1421,KIMBERLY,ID,83341,S,Y,18000,6.380651,3300,3300
Kaye,Bui,402,172-1253,BRADY,NE,69123,M,Y,78000,6.84,0,103
Frederic,Sanada,714,169-1499,RIPON,CA,95366,S,Y,94500,9.3,87,272
Naomichi,Seubert,907,120-1937,LA VETA,AK-typoGA,99777,M,N,42500,0.0,0,0
Jesus,Fleck,713,161-1289,SULPHUR SPRINGS,TX,75482,S,N,34500,0.0,0,0
Besma,Crotty,605,137-1405,NEW HOLLAND,SD,57364,M,N,85500,0.0,0,0
Xiaolan,Ostertag,940,152-1799,WEESATCHE,TX,77993,S,N,46000,0.0,0,0
Shelly,Cedeno,808,158-1964,KAAAWA,HI,96730,S,Y,93500,8.25,1040,1040
Frits,Wigderson,616,189-2061,POWERS,MI,49874,M,N,69500,3.9,0,0
Rattikorn,Zisapel,801,172-1578,TRIDELL,UT,84076,S,N,48500,7.0,2475,0
Balint,Kabalevsky,208,108-1948,BOISE,ID,83732,M,N,40500,7.8,0,0
Channing,Horvitz,304,156-1963,ALBRIGHT,WV,26519,M,N,49000,5.73,0,0
Mariemma,Eterovic,402,160-1107,CONCORD,NE,68728,M,Y,66500,6.84,0,103
Gaofeng,Kratochvil,304,171-1194,LA VETA,WV-typoIA,25203,S,N,9500,3.0,2000,0
Debashish,Akiyama,228,138-1323,TILLATOBA,MS,38961,S,Y,65000,5.0,6000,1500
Minshen,Bage,318,188-1308,CAMPTI,LA,71411,S,N,62500,6.0,4500,0
Joao,Hoogendoorn,641,141-2061,BELLE PLAINE-typoLA VETA,IA-typoGA,52208,M,N,92000,8.98,0,0
Masahide,Berend,307,142-2061,SHAWNEE,WY,82229,M,N,67500,0.0,0,0
Injun,Heylen,804,183-1767,SCOTTSBURG,VA,24589,S,N,73500,5.75,900,0
Margrit,Crames,414,118-1079,LANCASTER,WI,53813,M,N,7500,4.6,0,0
Nimar,McNicholl,302,113-1530,WILMINGTON,DE,19899,M,Y,14000,2.8136363,0,110
Elke,Ohmori,423,145-1056,KINGSPORT,TN,37669,M,Y,62500,0.0,0,0
Kazushige,Snelling,808,180-2054,FORT SHAFTER,HI,96858,S,N,37500,7.799342,1040,0
Faramak,Lubin,402,149-1670,HOWELLS,NE,68641,S,N,68000,6.84,103,0
Xinhau,Gornas,808,124-1779,WAIMANALO,HI,96795,S,Y,54500,8.25,1040,1040
Katsuhisa,Mitusi,314,122-1364,RAYMONDVILLE,MO,65555,S,N,32000,6.0,2100,0
Henner,Schaar,603,114-1546,RYE BEACH,NH,3871,S,N,44500,0.0,0,0
Madhan,Kuriyan,865,189-2013,DEER LODGE,TN,37726,M,Y,7000,0.0,0,0
Joford,Miculan,401,106-1736,CLAYVILLE,RI,2815,S,N,78500,0.0,0,0
Tareq,Broadwell,937,130-1214,LIBERTY CENTER,OH,43532,S,N,39500,1.8572232,1300,0
Odette,Shinozaki,203,114-1306,ROCKFALL,CT,6481,M,Y,4500,3.0,0,0
Abdelsalam,Tasiemski,252,117-1552,GASTONIA,NC,28055,M,Y,48000,6.7395105,0,3300
Toshimori,Zuidweg,801,125-1201,BLANDING,UT,84511,M,Y,40000,7.0,0,2475
Falko,Middleton,775,199-1582,CARSON CITY,NV,89702,M,Y,66000,0.0,0,0
Katrina,Dairaine,859,101-2001,BYPRO,KY,41612,S,Y,38500,3.9722223,20,20
Henry,Rychly,704,193-1165,HARTMAN,NC-typoIA,27702,M,Y,24000,6.236014,0,3300
Melvin,Stuckle,203,134-1321,WEST HARTFORD,CT,6127,S,N,11000,5.0,12750,0
Zhexue,Banning,701,150-1218,ESMOND,ND,58332,S,N,91000,2.8106048,3300,0
Gou,Oshisanwo,620,166-1229,LONGTON,KS,67352,M,N,71000,6.45,0,0
Wilfred,Mullainathan,615,186-1553,PLEASANT HILL,TN,38578,S,N,54500,0.0,0,0
Lora,Meguro,804,180-1993,CROZET,VA,22932,S,N,53500,5.75,900,0
Felex,Tulley,801,187-1639,DUCK CREEK VILLAGE,UT,84762,M,Y,22000,7.0,0,2475
Maksim,Yahyapour,208,141-1781,FELT,ID,83424,M,Y,50000,7.8,0,3300
Marcian,Rodite,860,198-1218,STAMFORD,CT,6907,S,N,67000,5.0,12750,0
Ravindra,Kodama,610,131-1299,NORTHERN CAMBRIA,PA,15714,M,N,72500,3.07,0,0
Antonella,Halici,636,178-1329,REEDS,MO,64859,M,Y,3000,2.625,0,1200
Zahir,Phiphobmongkol,304,145-1108,RONCEVERTE,WV,24970,M,Y,68500,6.5,0,2000
Venkatesan,Bodla,609,188-1602,ALMONT,NJ-typoWV,8090,S,N,88500,2.480302,1000,0
Katharina,Dutta,603,129-2088,EATON CENTER,NH,3832,M,Y,85000,0.0,0,0
Jaihie,Mosedale,215,199-1737,FISHERTOWN,PA,15539,M,Y,79500,3.07,0,0
Emile,Galicia,207,140-2024,EAGLE LAKE,ME,4739,M,Y,68000,8.5,0,2850
Wentong,Musin,801,188-1666,LA VETA,IA,84667,S,Y,49000,7.0,2475,2475
Vasant,Halliwell,662,123-1934,LA VETA,MS-typoGA,38686,M,Y,65500,5.0,0,1500
Sastry,Schoning,520,150-1101,ARLINGTON,AZ,85322,S,Y,29500,3.1722498,2100,2300
Jihie,Ciolek,503,157-1055,ELGIN,OR,97827,S,Y,96500,9.0,159,159
Steephane,Agarawala,202,166-1113,WASHINGTON,DC,20301,M,N,2000,4.5,0,0
Ebrahim,Spray,985,101-1893,NEW ORLEANS,LA,70130,M,N,51000,6.0,0,0
Vale,Maccabe,620,126-1468,TOPEKA,KS,66637,S,N,44500,6.45,2250,0
Mahmoud,Tait,815,138-1380,HARTMAN,CT,62926,M,Y,36000,3.0,0,2000
Clit,Cashman,401,172-1662,MIDDLETOWN,RI,2842,M,Y,80000,0.0,0,0
Uros,Stolboushkin,620,134-2046,OAKLEY,KS,67748,S,N,29000,6.253333,2250,0
Cort,Rosenkrantz,402,122-1037,NORFOLK,NE,68702,S,N,40500,6.84,103,0
Hanns,Beau,307,131-1777,GRANGER,WY,82934,S,N,76500,0.0,0,0
Gordon,Wallenborn,920,134-1553,LYONS,WI,53148,S,Y,52000,5.349911,700,400
Shachindra,Brochard,603,117-1406,NORTH SANDWICH,NH,3259,M,Y,30500,0.0,0,0
Nectaria,Rieu,240,165-1555,IJAMSVILLE,MD,21754,M,Y,16500,4.75,0,2400
Pradip,Marzurkiewicz,939,197-1619,SAN JUAN,PR,915,S,N,42500,0.0,0,0
Meltem,Hooman,617,102-1510,WILLIAMSTOWN,MA,1267,S,N,73000,5.3,3575,0
Lyudmil,Skala,704,106-2082,MOUNT AIRY,NC,27030,S,N,37000,6.5087414,3300,0
Wasim,Harangsri,405,148-1577,WATTS,OK,74964,M,N,79000,6.25,0,0
Tassadit,Getov,202,156-1626,WASHINGTON,DC,20575,S,Y,13000,5.175,1370,1370
Takeo,Sagayama,704,139-1298,BEACON FALLS,WV,28577,M,Y,54000,6.8653846,0,3300
Aylmer,Stark,541,192-1203,PORTLAND,OR,97223,M,Y,6500,8.948718,0,159
June,Urponen,314,135-1573,ARROW ROCK,MO,65320,S,N,78500,6.0,2100,0
Razvan,Boigelot,253,153-1792,SUMNER,WA,98352,S,Y,20000,0.0,0,0
Hla,Stenstrom,785,183-1585,LIBERAL,KS,67905,M,Y,26500,5.7616663,0,2250
Lamine,Blumberg,954,183-1363,LOCHLOOSA,FL,32662,S,Y,29000,0.0,0,0
Anmol,Giles,802,193-1987,WHITINGHAM,VT,5361,S,Y,70500,4.407756,3300,3300
Kihyun,Collinson,701,148-1245,ABSARAKA,ND,58002,S,N,78000,2.6599054,3300,0
Micheal,Rosis,980,167-1595,ROXBORO,NC,27574,M,Y,4500,6.0,0,3300
Vilena,Rajkumar,630,133-1441,ANCONA,IL,61311,M,Y,3000,3.0,0,2000
Hyeongil,Kambhampati,803,113-1351,MULLINS,SC,29574,M,Y,52500,7.0,0,3300
Dejan,Milojicic,430,153-1914,HAMSHIRE,TX,77622,S,Y,13000,0.0,0,0
Guangye,Schend,856,199-1845,WOODCLIFF LAKE,NJ,7677,M,N,28000,1.5261667,0,0
Karthik,Keum,505,189-1143,PINOS ALTOS,NM,88053,S,Y,64000,5.3,3300,3300
Sadegh,Fairtlough,208,139-1766,SANDPOINT,ID,83864,S,Y,88000,7.8,3300,3300
Uri,Buekenhout,704,119-1209,GIBSONVILLE-typoLA VETA,GA,27249,M,N,70000,7.201049,0,0
Nandit,Socorro,832,145-1404,SAN ANTONIO,TX,78235,S,N,37000,0.0,0,0
Yohji,Zadicario,401,190-2011,WAKEFIELD,RI,2880,M,N,3500,0.0,0,0
Fatemeh,Schedl,574,192-2011,NEWBERRY,IN,47449,M,Y,49500,3.4,0,1000
Loganath,Nanard,505,106-2067,SAN CRISTOBAL,NM,87564,M,Y,32000,5.3,0,3300
Mengchu,Basaran,801,193-1906,FORT DUCHESNE,UT,84026,M,Y,8500,7.0,0,2475
Changpeng,Schade,307,198-1999,LYMAN,WY,82937,M,Y,42000,0.0,0,0
Nimish,Tacic,878,158-1679,MADISON LAKE,PA-typoMI,19101,S,Y,6000,3.07,0,0
Golden,Henser,208,108-1874,PIERCE,ID,83546,S,Y,39500,7.8,3300,3300
Kokou,Speek,563,118-1522,DORCHESTER,IA,52140,M,Y,23500,3.7919755,0,40
Haleh,Porenta,516,194-1735,NEW YORK,NY,10259,M,Y,84000,4.4402437,0,1000
Alla,Hoepman,304,118-1079,NEW MARTINSVILLE,WV,26155,S,N,97000,6.5,2000,0
Hodong,Korelc,612,169-1683,SEARLES,MN,56084,M,N,10000,5.35,0,0
Anindo,Poch,561,178-2024,TAMPA,FL,33618,M,Y,65500,0.0,0,0
Shigeo,Schriesheim,406,112-1222,WEST YELLOWSTONE,MT,59758,M,N,18500,6.9,0,0
Hark,Speckmann,406,175-1722,ALMONT,MT-typoMI,59422,S,Y,16000,6.9,1900,1900
Ojelanki,Soleimanipour,901,185-1663,MEMPHIS,TN,38184,M,N,5000,0.0,0,0
Carmel,Mintchev,860,173-1530,WEST HARTLAND,CT,6091,M,Y,90500,5.0,0,0
Hakan,Yaru,269,137-1217,SPRINGPORT-typoHARTMAN,MI-typoWV,49284,M,N,16000,3.9,0,0
Candace,Sandoe,301,122-1119,GLEN BURNIE,MD,21061,S,N,64500,4.75,2400,0
Woo,Hjalmtysson,228,161-1212,MOUND BAYOU,MS,38762,S,Y,70500,5.0,6000,1500
Constanze,Rajaraman,207,187-1167,HOULTON,ME,4730,S,N,64500,8.5,2850,0
Aiqin,Torasso,952,118-1257,HOVLAND,MN,55606,M,N,55500,7.217129,0,0
Abdelwaheb,Ranst,763,109-1252,TWIN VALLEY,MN,56584,S,Y,72000,7.85,3300,3300
Gennoveffa,Kotlyar,901,151-1937,COLLEGE GROVE,TN,37046,M,Y,55000,0.0,0,0
Bhuwan,Luef,580,105-1883,INDIAHOMA,OK,73552,M,N,48000,6.25,0,0
Seungho,Hirschowitz,616,100-1539,HUDSONVILLE,MI,49426,M,Y,76000,3.9,0,3100
Kristen,Jiang,229,107-1459,FAIRBURN,GA,30213,S,Y,12500,6.0,2700,3000
Mathai,Lando,769,170-1766,SHAW,MS,38773,M,Y,18000,5.0,0,1500
Vials,Ormicki,417,105-1915,GRAVOIS MILLS,MO,65037,M,N,78000,6.0,0,0
Tuija,Itzfeldt,308,195-1008,HOWELLS,NE,68641,S,Y,65500,6.84,103,103
Gonzalo,Asperti,405,145-1304,ALMONT,NV,73439,M,Y,77500,6.25,0,1000
Georgij,Subramanya,605,168-1592,SIOUX FALLS,SD,57188,M,Y,83000,0.0,0,0
Hezhi,Miczo,801,118-1113,SALT LAKE CITY,UT,84112,M,Y,34500,7.0,0,2475
Roope,Rappoport,775,149-1341,BEATTY,NV,89003,S,N,35500,0.0,0,0
Hermano,Abellanas,505,192-1388,NEW LAGUNA,NM,87038,S,Y,16500,5.3,3300,3300
Dattatraya,Kandogan,603,151-1163,MANCHESTER,NH,3103,S,Y,46000,0.0,0,0
Aahok,Pangrle,515,147-1302,HOLY CROSS,IA,52053,S,Y,74000,8.98,40,40
Aos,Damm,605,129-1582,HARTMAN,NV,57356,M,N,93000,0.0,0,0
Weifeng,Horacek,419,164-1899,LA VETA,OH-typoGA,44101,M,N,17500,1.126936,0,0
Paulien,Gutta,405,128-1011,SPIRO,OK,74959,M,N,27000,6.25,0,0
Harris,Parmakson,808,186-1366,HONOLULU,HI,96812,S,N,30500,6.5375,1040,0
Hana,Jaakkola,813,102-1246,MIAMI,FL,33183,M,Y,22500,0.0,0,0
Iven,Gopi,435,174-1353,SALT LAKE CITY,UT,84199,M,Y,72500,7.0,0,2475
Raf,Riis,219,196-1949,COLUMBUS,IN,47203,M,Y,36500,3.4,0,1000
Theodosios,Hjelsvold,216,119-1000,BIG PRAIRIE,OH,44611,S,N,99500,3.8489156,1300,0
Tokinori,Bergen,623,179-1064,QUEEN CREEK,AZ,85240,S,N,56500,3.59075,2100,0
Hamed,Ghazalie,228,196-1305,RICHTON,MS,39476,S,Y,25000,5.0,6000,1500
Kazuhito,Caticha,503,105-1803,VIDA,OR,97488,M,N,87500,9.0,0,0
Periklis,Pedrotti,802,149-1509,BRATTLEBORO,VT,5303,M,N,7500,3.6,0,0
Ayla,Tada,918,162-1217,BLANCHARD,OK,73010,M,Y,37000,6.25,0,1000
Ataru,Khosla,609,199-1539,PITTSTOWN,NJ,8867,S,N,17000,1.4,1000,0
Nagesh,Chute,701,126-2045,PENN,ND,58362,M,N,8500,2.1,0,0
Fredric,Poss,203,192-1881,ANSONIA,CT,6401,S,Y,97500,5.0,12750,0
Oscar,Jacquot,606,111-1733,VIPER,KY,41774,S,N,27000,3.3333335,20,0
Athomas,Pacheco,920,118-1017,OREGON,WI,53575,M,Y,87000,5.958041,0,400
Verlyn,Kroener,769,194-1438,GULFPORT,MS,39503,S,N,70500,5.0,6000,0
Eiji,Buchanan,864,191-1642,ALMONT,NV,29853,S,Y,8500,5.095817,3300,3300
Sungchang,Maluszynski,401,163-1000,SHANNOCK,RI,2875,S,N,85000,0.0,0,0
Piere,Herget,423,139-2069,MADISONVILLE,TN,37354,M,N,52500,0.0,0,0
Kiam,Quatrain,304,124-2054,GALLIPOLIS FERRY,WV,25515,S,Y,95000,6.5,2000,2000
Casper,Lortz,712,171-1676,HAVELOCK,IA,50546,M,N,40500,6.4164004,0,0
Bani,Riccone,303,180-1968,SALIDA,CO,81201,M,Y,20000,4.63,0,0
Jaedong,Paillier,505,186-1232,SAN MIGUEL,NM,88058,M,N,79000,5.3,0,0
Euiseob,Olien,920,175-1964,APPLETON,WI,54915,M,Y,32500,5.011096,0,400
Elissa,Traunmuller,256,179-2058,MOBILE,AL,36671,M,N,25000,5.0,0,0
Denis,Kean,907,138-1810,ANCHORAGE,AK,99507,M,Y,23500,0.0,0,0
Francisca,Furedi,307,193-1926,BUFFALO,WY,82834,S,Y,57000,0.0,0,0
Miryam,Rieh,505,175-2062,MONTICELLO,NM,87939,S,N,80500,5.3,3300,0
Koti,Antonakopoulos,480,110-1761,PHOENIX-typoMADISON LAKE,NV,85096,S,N,51500,3.5132499,2100,0
Kamar,Puterman,830,108-1656,ROCKPORT,TX,78381,S,N,13000,0.0,0,0
Xiaoxin,Mattoso,360,124-1085,SPOKANE,WA,99223,M,Y,22000,0.0,0,0
Sanggoo,Mezyk,701,141-2071,GRACE CITY,ND,58445,S,N,18500,2.1,3300,0
Leen,Schroff,323,119-1382,ALMONT,WV,91716,M,N,18000,3.7576172,0,0
Berl,Pradelles,410,109-1271,EASTON,MD,21606,S,Y,37500,4.75,2400,2400
Daeshik,Coxon,406,175-2077,BIG ARM,MT,59910,M,N,31500,6.9,0,0
Nofumi,Herbster,318,197-1272,GLENMORA,LA,71433,M,N,17000,3.44,0,0
Ragaa,Ariyoshi,337,188-1710,MONROE,LA,71212,S,N,58500,6.0,4500,0
Refael,Salvaneschi,952,185-2046,ALMONT,NV,55572,M,Y,51000,6.977001,0,3300
Ahuva,Metha,541,160-1031,PORTLAND,OR,97202,S,N,23000,9.0,159,0
Masateru,Prata,201,170-1196,HIGHLAND PARK,NJ,8904,S,N,17000,1.4,1000,0
Hosam,Aingworth,850,182-1682,HIALEAH,FL,33002,S,N,50500,0.0,0,0
Loretta,Pictet,202,175-2027,WASHINGTON,DC,20558,S,N,13000,5.175,1370,0
Jahnavi,Kruyt,781,123-2087,NORTH ATTLEBORO,MA,2760,S,Y,79500,5.3,3575,1000
Serenella,Strasser,928,105-1614,FLAGSTAFF,AZ,86002,S,N,18000,2.994,2100,0
Clovis,Llorente,603,164-1139,NASHUA-typoHARTMAN,NV,3064,M,Y,58000,0.0,0,0
Totadri,Evers,251,187-1284,ALEXANDER CITY,AL,35011,S,Y,97000,5.0,1500,300
Putthi,Veretennikov,304,170-1330,POND GAP,WV,25160,M,Y,84000,6.5,0,2000
Gaku,Kukimoto,715,174-1229,SCHOFIELD,WI,54476,S,Y,57500,5.445474,700,400
Katsunobu,Nordbotten,907,167-1865,CRAIG,AK,99921,M,N,34500,0.0,0,0
Kejitan,Holenderski,307,189-1690,CHEYENNE,WY,82007,M,Y,54500,0.0,0,0
Surapant,Luebbert,619,138-1006,CORONADO,CA,92178,M,Y,23500,5.0560412,0,272
Ifor,Suomi,870,187-1425,SAINT PAUL,AR,72760,S,N,30000,7.0,20,0
Fan,Oizhong,802,144-1016,FLORENCE,VT,5744,S,N,82500,4.6465015,3300,0
Lane,Cousins,608,164-1085,SUN PRAIRIE,WI,53590,S,N,45000,5.228285,700,0
Konstantinos,Hekken,612,157-1225,FREEPORT,MN,56331,M,N,77500,7.85,0,0
Tsong,Derochette,304,108-1703,MILAM,WV,26838,M,Y,88000,6.5,0,2000
Anup,Cooman,701,145-1201,DENHOFF,ND,58430,S,Y,47500,2.306342,3300,3300
Lofti,Getfert,623,185-1545,LAKE HAVASU CITY,AZ,86406,M,N,62000,3.6759999,0,0
Harrie,Heiken,202,142-1343,WASHINGTON,DC,20470,S,N,31500,9.0,1370,0
Jehoshua,Furman,308,164-2010,OSMOND,NE,68765,S,Y,64500,6.84,103,103
Davi,Moudini,507,175-1751,GONVICK,MN,56644,S,N,93000,7.85,3300,0
Kayoko,Delcambre,701,131-1893,PALERMO,ND,58769,M,Y,56500,2.4106722,0,3300
Abdel,Bergeretti,719,141-1428,BONCARBO,CO,81024,M,Y,87500,4.63,0,0
Mabo,Kane,307,157-1250,OPAL,WY,83124,M,N,66000,0.0,0,0
Jurn,Standera,620,145-1461,ROBINSON,KS,66532,S,N,37500,6.45,2250,0
Cesur,Hatakka,281,104-1124,HOUSTON,TX,77202,S,N,84000,0.0,0,0
Moshe,Koyama,850,144-1542,TAMPA,FL,33651,M,Y,47500,0.0,0,0
Bohuslav,Pfefferle,702,145-1730,MOUNTAIN CITY,NV,89831,S,Y,62500,0.0,0,0
Yumi,Duris,701,195-1854,BOTTINEAU,ND,58318,S,N,76500,2.642517,3300,0
Shalosh,Bierman,601,189-1848,CRYSTAL SPRINGS,MS,39059,S,N,60500,5.0,6000,0
Fytton,Hagimont,202,172-1944,WASHINGTON,DC,20080,M,N,74000,9.0,0,0
Kunsoo,Loyot,918,188-1131,TALIHINA,OK,74571,M,N,88000,6.25,0,0
Ileana,Eizirik,989,170-1603,MUSKEGON,MI,49442,S,N,99000,3.9,3100,0
Cordelia,Michalakopoulos,334,140-1149,PIEDMONT,AL,36272,M,Y,91500,5.0,0,300
Messaoud,Bacciotti,919,180-1873,RALEIGH,NC,27640,S,N,36500,6.498252,3300,0
Wenjun,Pampoukis,434,182-1820,BURR HILL,VA,22433,M,N,6000,2.8035715,0,0
Raanan,Styles,406,172-1608,ALMONT,MT-typoIA,59446,S,N,17000,6.9,1900,0
Thom,Dulin,802,119-1245,BRIDPORT,VT,5734,S,Y,29500,3.6,3300,3300
Cyrille,Moharir,505,132-1252,CARRIZOZO,NM,88301,S,Y,70000,5.3,3300,3300
Brynjulf,Zadeh,616,135-1243,MIDLAND,MI,48667,S,Y,27500,3.9,3100,3100
Jerrell,McGuffin,574,195-1804,EVANSVILLE,IN,47708,M,Y,54000,3.4,0,1000
Monvef,Porenta,808,149-1301,HANAPEPE,HI,96716,S,Y,98000,8.25,1040,1040
Ruzena,Steininger,715,111-1942,GAYS MILLS,WI,54631,S,N,74500,5.740852,700,0
Sneha,Wilf,907,148-1866,HUSLIA,AK,99746,M,Y,73500,0.0,0,0
Arupratan,Hemaspaandra,405,153-1574,ALBANY,OK,74721,S,N,57500,6.25,1000,0
Anneli,Varsek,808,112-1314,KULA,HI,96790,S,Y,87000,8.25,1040,1040
Michiko,Zavattaro,808,120-1419,ANAHOLA,HI,96703,M,N,49500,8.25,0,0
Clovis,Leemis,503,179-2033,O BRIEN,OR,97534,M,N,36500,9.0,0,0
Stasys,Fabrizio,701,108-2047,REGENT,ND,58650,S,N,97500,2.8859544,3300,0
Tianxu,Halewood,301,121-1644,PHOENIX,MD,21131,S,Y,40000,4.75,2400,2400
Duri,Castelli,351,104-1375,TAUNTON,MA,2783,S,N,74000,5.3,3575,0
Raquel,Luth,781,154-1932,SOUTH WALPOLE,MA,2071,S,Y,92000,5.3,3575,1000
Shiyu,Soriano,202,153-1071,WASHINGTON,DC,20340,M,N,18500,6.4125,0,0
Phillippe,Ratnaker,801,198-1948,AMERICAN FORK,UT,84003,M,Y,18500,7.0,0,2475
Chiharu,Bolsens,843,132-1181,REIDVILLE,SC,29375,M,Y,37000,7.0,0,3300
Grace,Trudel,917,132-1482,ENDICOTT-typoLA VETA,NV,13763,S,Y,34000,4.15061,0,1000
Junhui,Kadesch,205,152-1823,TRENTON,AL,35774,M,N,21500,5.0,0,0
Fortune,IJdens,989,189-1244,HAMTRAMCK,MI,48212,S,Y,2000,3.9,3100,3100
Carlisle,Tada,919,108-1711,CAMERON,NC,28326,M,Y,29500,6.3513985,0,3300
Heiner,Falster,941,128-2088,BRADENTON,FL,34206,M,Y,63500,0.0,0,0
Ignace,Herath,435,177-1176,RANDLETT-typoBEACON FALLS,UT-typoIA,84063,S,N,98500,7.0,2475,0
Asif,Hudlicka,479,113-1323,JESSIEVILLE,AR,71949,S,N,72000,7.0,20,0
Ashfaq,Vinck,408,101-1679,FRESNO,CA,93741,S,Y,95500,9.3,87,272
Zhenyi,Chappell,918,132-1068,RINGOLD,OK,74754,S,N,90500,6.25,1000,0
Ariel,Mykkeltveit,203,119-1662,NORTHFORD,CT,6472,S,Y,69500,5.0,12750,0
Dekai,Mitzlaff,928,130-1952,PHOENIX,AZ,85033,M,Y,84000,4.017,0,2300
Chitresh,Alencar,770,144-1017,THOMASVILLE,GA,31758,S,Y,36000,6.0,2700,3000
Jianer,Loveland,307,119-1713,TEN SLEEP,WY,82442,S,N,99000,0.0,0,0
Irvin,Siegrist,860,150-1361,MOODUS,CT,6469,M,Y,1000,3.0,0,0
Shyue,Durer,307,161-1618,GRANITE CANON,WY,82059,M,Y,20000,0.0,0,0
Masahisa,Hajnal,808,164-1679,KIHEI,HI,96753,S,Y,22500,5.095395,1040,1040
Juyoung,Kinley,904,119-2038,KISSIMMEE,FL,34744,M,Y,15000,0.0,0,0
Padma,Rodding,603,106-1878,PORTSMOUTH,NH,3801,S,Y,18500,0.0,0,0
Thijs,Che,878,124-1129,CLARK,PA,16113,S,N,24000,3.07,0,0
Mercedes,Daigle,304,129-1896,CHARLESTON,WV,25365,S,Y,34000,4.68,2000,2000
Jongsuk,Shannnon,302,179-1641,HOCKESSIN,DE,19707,M,Y,74500,5.95,0,110
Ingeborg,Bier,907,105-1255,ANCHORAGE,AK,99517,S,N,28500,0.0,0,0
Haider,Bellosta,478,102-1760,LAKELAND,GA,31635,S,Y,20500,6.0,2700,3000
Kathryn,Gram,405,142-1080,WAGONER-typoMADISON LAKE,OK-typoNV,74467,S,Y,8000,4.9722223,1000,1000
Noburu,Yamauchi,939,185-1550,ALMONT,PR-typoWV,681,M,Y,40500,0.0,0,0
Yeogirl,Stricker,660,118-1114,DUDLEY,MO,63936,S,N,90000,6.0,2100,0
Atif,Grad,504,109-1055,SHREVEPORT,LA,71103,S,Y,33000,6.0,4500,1000
Barinderpal,Hintermaier,318,163-2001,WEYANOKE,LA,70787,S,Y,33000,6.0,4500,1000
Chabane,Lambadaris,218,108-1244,WINDOM,MN,56101,M,Y,6000,5.35,0,3300
Boudewijn,Schrooten,202,137-1726,WASHINGTON,DC,20585,S,Y,41000,9.0,1370,1370
Hideya,Gecseg,919,152-1592,SAINT PAULS,NC,28384,S,Y,66500,7.1276226,3300,3300
Goh,Junkin,843,127-1151,MOUNT PLEASANT,SC,29464,S,Y,30000,7.0,3300,3300
Haruaki,Gerbig,505,195-1214,RAINSVILLE,NM,87736,M,N,75500,5.3,0,0
Tomi,Protzen,936,110-1540,BEAUMONT,TX,77703,M,N,45000,0.0,0,0
Curt,Deco,508,158-1357,BOXBOROUGH-typoMADISON LAKE,CT,1719,M,Y,59000,5.3,0,1000
Seongwoo,Esposito,509,196-1505,MALAGA,WA,98828,S,N,68500,0.0,0,0
Sigalit,Muhlenbein,401,180-1122,NORTH SCITUATE,RI,2857,S,N,15500,0.0,0,0
Xiaotie,Rachid,406,100-1177,WEST YELLOWSTONE,MT,59758,M,Y,81000,6.9,0,1900
Wijesuriya,Voinov,928,137-1613,SECOND MESA,AZ,86043,S,Y,67000,3.7535,2100,2300
Sivaprakasam,Newton,401,126-1031,NEWPORT,RI,2841,M,N,87500,0.0,0,0
Azer,Aretz,401,174-1491,WEST WARWICK,RI,2893,S,Y,93500,0.0,0,0
Zita,Kawagoe,406,166-2079,WISDOM,MT,59761,M,Y,54000,6.9,0,1900
Corneliu,Belanger,620,180-1583,LATHAM-typoMADISON LAKE,WV,67072,M,Y,38000,6.45,0,2250
Inderpal,Schwaller,580,140-1699,ROSE,OK,74364,M,Y,45500,6.25,0,1000
Fahimeh,Cooley,828,104-2025,SOPHIA-typoNORTH FORT MYERS,NC-typoGA,27350,S,Y,26500,6.2884617,3300,3300
Supriyo,Cangellaris,308,147-2060,PHILLIPS,NE,68865,S,Y,1500,2.56,103,103
Amabile,Gire,803,151-1682,ORANGEBURG,SC,29117,S,N,52500,7.0,3300,0
Nicoletta,Laxer,207,162-1627,LITCHFIELD-typoHARTMAN,ME-typoMI,4350,M,Y,10500,4.8229923,0,2850
Wiliam,Brody,312,187-1373,LA VETA,WV,62883,S,N,21500,3.0,2000,0
Taishin,Colnari,802,179-1834,SOUTH POMFRET,VT,5067,M,Y,31500,3.6318326,0,3300
Fredric,Cazalens,808,172-1041,KAILUA KONA,HI,96745,S,Y,22500,5.095395,1040,1040
Yagil,Skawa,605,148-1854,BURBANK,SD,57010,S,Y,5000,0.0,0,0
Vassilios,Vignes,845,186-1276,VESTAL,NY,13850,M,Y,90000,4.475,0,1000
Laif,Meckler,478,122-1011,MOULTRIE,GA,31776,S,Y,91500,6.0,2700,3000
Kasidit,Ehrhart,843,196-1366,BLACKVILLE,SC,29817,M,N,4000,3.1259727,0,0
Jouko,Winstone,870,100-1515,DELL,AR,72426,M,N,47500,7.0,0,0
Grey,Paciorek,254,162-1483,SALADO-typoALMONT,TX-typoMI,76571,S,N,15000,0.0,0,0
Anette,Whitcroft,405,159-1914,GOWEN,OK,74545,S,N,26000,6.25,1000,0
Bianca,Leifert,231,189-1756,FERNDALE,MI,48220,M,Y,89500,3.9,0,3100
Yiwei,Serna,405,105-1782,PADEN,OK,74860,M,Y,90500,6.25,0,1000
Yashodara,Perkins,603,131-1467,WEST CHESTERFIELD,NH,3466,M,Y,43000,0.0,0,0
Francisco,Verbauwhede,605,185-2037,RENNER,SD,57055,S,Y,83000,0.0,0,0
Burghardt,Weigand,503,115-2065,NORTH FORT MYERS,GA,97128,S,Y,74500,9.0,159,159
Michee,Henriksson,541,107-2025,SEAL ROCK,OR,97376,M,Y,26000,9.0,0,159
Jans,Sigel,605,186-2043,SIOUX FALLS,SD,57196,M,N,27500,0.0,0,0
Janett,Krumm,302,132-1181,WILMINGTON,DE,19899,M,Y,81500,5.95,0,110
Yukiko,Rubin,939,180-1148,CAGUAS,PR,726,S,N,83000,0.0,0,0
Shushma,Mazene,260,173-2010,LA VETA,CT,46244,S,Y,2500,3.4,1000,1000
Nawaaz,Accomazzi,920,183-1073,FRIENDSHIP-typoLA VETA,IA,53934,M,Y,23500,4.8547196,0,400
Timucin,Kalamatianos,651,131-1161,JACOBSON,MN,55752,M,Y,56500,7.2704906,0,3300
Hosaker,Scheid,207,195-1388,NEW PORTLAND,ME,4954,M,Y,36000,8.5,0,2850
Will,Delaune,701,144-1513,SHERWOOD,ND,58782,S,Y,24000,2.1,3300,3300
Shengrui,Greenwald,662,113-1702,MEADVILLE,MS,39653,M,Y,87000,5.0,0,1500
Moshe,Nadin,213,128-1624,BALDWIN PARK,CA,91706,S,N,2500,1.0,87,0
Cary,Fortenbach,787,140-1239,TOA BAJA,PR,950,M,Y,61500,0.0,0,0
Gyora,Nassef,406,189-1891,BLACK EAGLE,MT,59414,M,N,51500,6.9,0,0
Grit,Ruder,769,144-1046,PASS CHRISTIAN,MS,39571,S,N,10000,5.0,6000,0
Jianchen,Broos,501,128-1647,MENA,AR,71953,S,N,95000,7.0,20,0
Dipayan,Pils,307,122-1143,LA BARGE,WY,83123,M,Y,41500,0.0,0,0
Gaston,Thomson,302,187-1197,WILMINGTON,DE,19889,M,Y,18000,3.0863636,0,110
Yoshikazu,Collart,603,121-1146,NASHUA-typoMADISON LAKE,IA,3061,M,N,98500,0.0,0,0
Naoki,Dickmanns,808,108-2071,LA VETA,HI-typoNV,96706,S,Y,71000,8.25,1040,1040
Doreen,Hitzenberger,402,173-1191,OMAHA,NE,68175,M,N,42500,6.84,0,0
Juliano,Tedijanto,859,105-1142,PARKSVILLE,KY,40464,M,N,35500,3.8055556,0,0
Patrice,Schlimbach,978,103-1679,AUBURNDALE,MA,2466,S,Y,64000,5.3,3575,1000
Andishe,Seshadri,863,113-1956,MELBOURNE,FL,32936,M,Y,90500,0.0,0,0
Jaeseok,Falster,701,192-1586,TOLNA,ND,58380,M,N,4500,2.1,0,0
Hantak,Weicker,304,188-1512,HUNTINGTON,WV,25776,S,Y,50000,5.8,2000,2000
Linas,Calabrese,325,149-1112,QUANAH,TX,79252,M,N,8500,0.0,0,0
Fiorenza,Emmes,302,100-1937,WILMINGTON,DE,19850,M,N,12000,2.6772728,0,0
Paola,Jacquot,808,119-1168,WAIMEA,HI,96796,M,N,27500,5.996711,0,0
Ramzan,Rehg,903,156-1744,ROBSTOWN,TX,78380,S,Y,84000,0.0,0,0
Rudolph,Fontaine,251,142-2040,NATURAL BRIDGE,AL,35577,M,N,27500,5.0,0,0
Gunes,Goswami,309,190-1264,HAMPTON,IL,61256,M,Y,72500,3.0,0,2000
Ghinwa,Borrmann,901,167-1156,MEMPHIS,TN,38107,S,Y,56500,0.0,0,0
Oksana,Kapp,952,186-1411,MINNETONKA,MN,55345,S,Y,33000,6.0164886,3300,3300
Manavendra,Bisiani,620,166-1378,LONG ISLAND,KS,67647,S,N,91000,6.45,2250,0
Olin,Genssler,505,156-2000,BROADVIEW,NM,88112,M,N,8500,2.7285714,0,0
Ashid,Vilot,808,192-1328,HONOLULU,HI,96818,M,Y,6500,2.2111843,0,1040
Hee,Schiefer,701,102-1269,JAMESTOWN,ND,58402,S,N,96000,2.868566,3300,0
Chengxiang,Constantinescu,810,121-1071,ROTHBURY,MI,49452,M,N,86500,3.9,0,0
Reg,Stockus,701,119-1924,OSNABROCK,ND,58269,M,Y,6000,2.1,0,3300
Gert,Brasileiro,775,137-1112,LAS VEGAS,NV,89179,S,Y,70500,0.0,0,0
Fumitaka,Rozoy,931,160-1419,SODDY DAISY,TN,37379,M,N,63000,0.0,0,0
Suliman,Klippgen,803,152-1414,ISLANDTON,SC,29929,M,Y,82000,7.0,0,3300
Kate,Beun,207,186-1353,NEWCASTLE,ME,4553,S,N,37500,8.5,2850,0
Celena,Benecke,401,153-1472,NORTH SMITHFIELD,RI,2896,M,Y,44500,0.0,0,0
Sunggu,Paterson,405,124-1062,NOWATA,OK,74048,M,Y,48500,6.25,0,1000
LouAnn,Tuozzi,813,193-1706,TAMPA,FL,33630,S,Y,23500,0.0,0,0
Mikal,Ducasse,520,122-1220,TUCSON,AZ,85742,M,N,38000,3.304,0,0
Shivaraman,Hatcliff,304,192-1940,VALLEY BEND,WV,26293,M,Y,40500,5.135,0,2000
Kazuyasu,Tashiro,907,144-2092,GAKONA,AK,99586,S,N,87500,0.0,0,0
Luis,Noot,623,170-1771,LA VETA,AZ-typoWV,85205,S,Y,15500,2.9552498,2100,2300
Gillis,Reinhard,301,123-1457,PERRYVILLE,MD,21903,M,Y,100000,4.75,0,2400
Keven,Fernald,518,103-1727,STATEN ISLAND,NY,10310,S,N,95000,4.5039635,0,0
Juho,Atchley,609,138-1774,PORT ELIZABETH-typoALMONT,GA,8348,M,N,83000,2.3935623,0,0
Nabuo,Zongker,603,177-1446,HENNIKER,NH,3242,S,N,51500,0.0,0,0
Ondrej,Sajaniemi,814,169-1357,PENN,PA,15675,S,Y,53500,3.07,0,0
Sandeepan,Reid,918,147-1722,BARTLESVILLE,OK,74005,M,Y,94000,6.25,0,1000
Shiho,Laval,208,161-1644,PARKER,ID,83438,S,N,85000,7.8,3300,0
Katarina,Udding,919,133-1827,ROSMAN,NC,28772,M,N,84000,7.4947553,0,0
Zhenzhong,Axelband,319,153-1200,WATERVILLE,IA,52170,M,Y,62000,8.98,0,40
Amihai,Fasching,410,106-1334,DAMERON,MD,20628,M,N,24000,4.75,0,0
Gustavo,Remy,505,116-1899,COCHITI LAKE-typoMADISON LAKE,GA,87083,S,N,93000,5.3,3300,0
Hichul,Yagati,605,151-2090,TIMBER LAKE,SD,57656,S,Y,59000,0.0,0,0
Fatma,Noga,320,136-1197,HALSTAD,MN,56548,S,Y,6000,5.35,3300,3300
Izaskun,Badr,304,163-1889,BLUEFIELD,WV,24701,S,Y,31000,4.47,2000,2000
Damanjit,Mussi,952,199-1302,HAMBURG,MN,55339,S,N,35500,6.1498933,3300,0
Ilona,Lavington,602,125-1106,TUCSON,AZ,85701,M,Y,46500,3.43575,0,2300
Emilo,Scarborough,615,190-1798,CHATTANOOGA,TN,37416,S,N,76500,0.0,0,0
Guochuan,Azagury,765,144-1883,FORT WAYNE,IN,46868,S,N,27500,3.4,1000,0
Arvola,Kamiya,781,145-1905,WORCESTER,MA,1606,S,N,30500,5.3,3575,0
Masaski,Groz,515,146-1901,ROLFE,IA,50581,M,Y,45000,7.111101,0,40
Alexei,Ranst,939,116-1072,CATANO,PR,962,M,Y,85500,0.0,0,0
LiMin,Zheng,503,113-1791,MEDFORD,OR,97501,M,Y,20500,9.0,0,159
Giampaolo,Herity,203,126-1944,HARTMAN,IA,6128,M,Y,45000,5.0,0,0
Yaoqing,Dunbar,228,142-1404,HEIDELBERG,MS,39439,S,N,98000,5.0,6000,0
Kyoung,Merico,409,133-1753,WICKETT,TX,79788,M,Y,82500,0.0,0,0
Kepa,Smale,228,139-1107,STAR,MS,39167,S,Y,20000,5.0,6000,1500
Huifen,Schreier,843,122-1296,GREENVILLE,SC,29607,S,N,6500,4.2203307,3300,0
Stanislav,Purdy,406,188-1771,MOORE,MT,59464,S,N,37500,6.9,1900,0
Hiraku,Grabe,401,184-1332,GREENVILLE,RI,2828,S,N,99000,0.0,0,0
Ding,Rahman,772,106-2034,PANAMA CITY,FL,32411,S,N,30000,0.0,0,0
Dustin,Servatius,907,116-1080,DEERING,AK,99736,M,N,66500,0.0,0,0
Moriyoshi,Hertweck,803,166-1245,ROEBUCK,SC,29376,S,N,48500,7.0,3300,0
Jerrold,Flagg,608,100-1920,CAROLINE,WI,54928,S,Y,28500,4.941595,700,400
Lucian,Stenstrom,440,173-1286,MARYSVILLE,OH,43041,S,Y,19000,1.1767282,1300,1300
Yonghong,Zlatea,406,148-1813,BOZEMAN,MT,59717,S,N,39000,6.9,1900,0
Katsuji,Gutleber,281,179-1168,TYLER,TX,75706,M,N,39000,0.0,0,0
Zhanqiu,Ferriere,501,130-1138,OARK,AR,72852,M,Y,74000,7.0,0,20
Osnat,Schiex,816,171-2098,NEWTONIA,MO,64853,S,Y,17000,6.0,2100,1200
Lipo,Varhegyi,602,176-1623,PHOENIX,AZ,85016,S,N,63000,3.6915,2100,0
Russ,IJdens,843,142-1635,GREENVILLE,SC,29613,S,N,75000,7.0,3300,0
Jarno,Alsio,573,192-1437,WAYNESVILLE,MO,65583,S,N,38000,6.0,2100,0
Yojiro,Walpole,801,126-1944,ORDERVILLE,UT,84758,M,N,66500,7.0,0,0
Huifen,Honglei,307,104-1784,GUERNSEY,WY,82214,S,N,70500,0.0,0,0
Kyungwol,Berendt,203,157-1924,VOLUNTOWN,CT,6384,M,N,93000,5.0,0,0
Muguel,Postel,939,150-1751,YAUCO,PR,698,M,N,41000,0.0,0,0
Lihao,Mikschl,706,116-1253,MACON,GA,31209,S,N,98500,6.0,2700,0
Ravin,Kikuchi,631,153-1104,JAVA VILLAGE,NY,14083,M,N,91000,4.4807925,0,0
Totadri,Peral,202,193-1409,WASHINGTON,DC,20006,M,Y,88500,9.0,0,1370
Youpyo,Moehrke,217,193-1218,WILLOW SPRINGS,IL,60480,S,Y,89000,3.0,2000,2000
Carleton,Hadjidimos,334,192-1655,OAK HILL,AL,36766,S,N,92500,5.0,1500,0
Oddvar,Mozdzynski,843,181-1702,COLUMBIA,SC,29222,S,Y,48500,7.0,3300,3300
Faye,Haber,787,123-1398,SANTA ISABEL,PR,757,M,N,39000,0.0,0,0
Eralp,Ziegler,603,108-1575,TWIN MOUNTAIN-typoALMONT,NH-typoGA,3595,S,N,61500,0.0,0,0
Weining,Jousselin,862,144-1708,BELLE MEAD,NJ,8502,S,Y,54000,1.9362082,1000,1500
Kazue,Tuomenoksa,601,124-1298,COLLINS,MS,39428,S,N,38500,5.0,6000,0
Alan,Helland,304,171-2029,MABIE,WV,26278,S,Y,74500,6.5,2000,2000
Sedat,Kolinko,808,123-1130,MAKAWAO,HI,96768,S,N,13000,3.3828945,1040,0
Viliam,Wile,769,135-1483,JACKSON,MS,39201,S,N,49000,5.0,6000,0
Yasukazu,Tannenbaum,979,176-1060,LEWISVILLE,TX,75077,M,N,44500,0.0,0,0
Lem,Weaver,979,151-1034,SAN FELIPE,TX,77473,S,N,23500,0.0,0,0
Annie,Katzberg,559,143-1638,LA VETA,CT,93313,M,Y,1500,1.0,0,272
Wenci,Nagafuji,207,195-1779,STOCKHOLM,ME,4783,S,N,52000,8.5,2850,0
Ryszard,Philipson,787,120-1755,SAINT JUST,PR,978,M,N,19000,0.0,0,0
Horward,Urbain,252,155-1905,OAKBORO,NC,28129,S,N,96500,7.756993,3300,0
Erina,Bitner,443,119-1679,CLARKSBURG,MD,20871,M,N,17500,4.75,0,0
Edil,Slimani,801,152-1242,LEEDS,UT,84746,M,N,8500,7.0,0,0
Tokinori,Lavrac,308,100-1435,LEXINGTON-typoHARTMAN,IA,68850,S,N,16500,5.064067,103,0
Pierrette,Karton,651,140-1569,MELRUDE,MN,55766,S,N,14000,5.35,3300,0
Kaoru,Giradot,505,118-2061,SHEEP SPRINGS-typoNORTH FORT MYERS,NM-typoGA,87364,M,N,20500,5.3,0,0
Tetra,Gorenstein,719,199-1562,BRIGHTON,CO,80602,M,Y,76000,4.63,0,0
Forest,Bast,702,167-1503,LAS VEGAS,NV,89195,S,Y,50000,0.0,0,0
Cherri,Mugridge,865,127-1397,MEMPHIS-typoHARTMAN,TN-typoNV,38106,S,Y,94000,0.0,0,0
Juro,Otterloo,585,146-1806,BRIDGEWATER,NY,13313,M,Y,33500,4.147713,0,1000
Kirstie,Hedger,812,114-1880,SULLIVAN-typoMADISON LAKE,IN-typoGA,47864,S,N,8000,3.4,1000,0
Changjie,Swoboda,401,109-2041,MAPLEVILLE,RI,2839,M,N,82500,0.0,0,0
Cort,Halpenny,251,160-1845,GREEN POND,AL,35074,S,N,8500,5.0,1500,0
Belinda,Broadwell,203,172-1859,HARTFORD,CT,6140,M,Y,89500,5.0,0,0
Jaeho,Tuchel,859,153-1855,CRESTWOOD,KY,40014,M,N,53500,4.8055553,0,0
Ziqiang,Kappner,860,100-1713,PEQUABUCK,CT,6781,M,N,36000,5.0,0,0
Sadun,Soutyrina,606,153-1472,LOUISVILLE,KY,40255,S,N,60000,5.166667,20,0
Percy,Polishjuk,252,155-1174,GERMANTON,NC,27019,M,Y,37500,6.519231,0,3300
Nimrod,Halova,270,162-2060,LEXINGTON,KY,40517,S,Y,89500,6.0,20,20
Zenping,Fuchi,848,167-1321,MONROE TOWNSHIP,NJ,8831,M,N,38500,1.6917604,0,0
Kumkum,Groenemans,478,163-1600,CALHOUN,GA,30703,S,N,88500,6.0,2700,0
Jnan,Seung,318,117-1486,PLAIN DEALING,LA,71064,S,Y,94000,6.0,4500,1000
Vijayalakshmi,Libkin,208,151-1722,MOYIE SPRINGS,ID,83845,M,Y,17500,6.238716,0,3300
Shridhar,Zuidweg,719,164-1810,LIVERMORE,CO,80536,M,N,15500,4.63,0,0
Kazuyasu,Sidou,567,162-1319,CHESTER,OH,45720,S,Y,23500,1.3261051,1300,1300
Hisao,Scanlon,859,109-1041,HARDINSBURG,KY,40143,M,N,29000,3.4444444,0,0
Kwangjo,Cosette,203,143-1779,HARTFORD,CT,6156,S,N,7000,3.0,12750,0
Zhong,Rebeuf,308,198-1105,OMAHA,NE,68139,M,N,30000,6.84,0,0
Moonhang,Buford,971,195-1347,DALLAS,OR,97338,M,Y,72500,9.0,0,159
Adwait,Schnabel,816,138-1991,PORTAGE DES SIOUX,MO,63373,S,N,90500,6.0,2100,0
Ato,Bowditch,423,132-1598,LOUISVILLE,TN,37777,S,Y,70500,0.0,0,0
Sadayoshi,Presttun,402,183-1612,BERTRAND,NE,68927,S,N,31500,6.84,103,0
Tommaso,Ridoux,727,182-1355,JACKSONVILLE BEACH-typoNORTH FORT MYERS,NV,32250,M,N,31500,0.0,0,0
Pratap,Baransky,443,144-1860,POMFRET,MD,20675,M,N,80000,4.75,0,0
Vanja,Woeginger,808,123-1534,CAMP H M SMITH,HI,96861,S,N,23000,5.185526,1040,0
Mieczyslaw,Aknine,802,115-1979,HARDWICK,VT,5843,M,N,65000,4.298331,0,0
Chengchang,Emmitt,440,127-1177,ROSEWOOD,OH,43070,S,N,81000,3.2348104,1300,0
Subhashish,Steenstrup,406,126-1207,RAYMOND,MT,59256,S,Y,69000,6.9,1900,1900
Eneko,Treiber,612,148-1026,CLEARWATER,MN,55320,S,Y,97000,7.85,3300,3300
Shuhong,Karasan,603,133-1079,DOVER,NH,3821,M,Y,54500,0.0,0,0
Freimut,Anker,718,171-1175,ALMONT,NV,12436,M,N,28000,4.115854,0,0
Debendra,Sabbadin,615,150-2036,MURFREESBORO,TN,37128,M,Y,31500,0.0,0,0
Alon,Hallowell,878,135-1829,SKYTOP,PA,18357,S,Y,80000,3.07,0,0
Tzusheng,Kleftouris,712,112-1492,HARVEY,IA,50119,S,Y,69000,8.98,40,40
Patiwat,Brunovsky,401,107-1899,ADAMSVILLE,RI,2801,S,Y,58500,0.0,0,0
Nechama,Garnier,251,107-1468,LA VETA,AL-typoNV,36255,M,N,14500,5.0,0,0
Fraser,Ellozy,719,124-1755,MADISON LAKE,NV,81132,S,N,27500,4.63,0,0
Twan,Chrzastowski,240,124-1878,BORING,MD,21020,S,Y,13000,4.75,2400,2400
Ilia,Abate,347,195-1798,LIVONIA,NY,14487,S,N,37500,4.170884,0,0
Niranjan,Lutzeler,208,118-1015,MORELAND,ID,83256,S,Y,64500,7.8,3300,3300
Ping,Kobler,615,167-1395,RIDGELY,TN,38080,S,Y,27000,0.0,0,0
Massayuki,Baransel,541,110-1739,OAKRIDGE,OR,97463,S,N,2000,5.0,159,0
Maryline,Kajihara,614,175-1725,GAMBIER,OH,43022,S,N,64000,2.6704974,1300,0
Alejandro,Rouquie,563,152-1706,ELDORA,IA,50627,M,Y,29000,4.641054,0,40
Karlhorst,Staudhammer,812,102-1533,EVANSVILLE,IN,47730,M,N,77500,3.4,0,0
Desmond,Darden,603,147-1070,STINSON LAKE,NH,3274,M,Y,35000,0.0,0,0
Jyrki,Beznosov,409,189-1677,MINERAL WELLS,TX,76068,S,Y,91500,0.0,0,0
Vasudevan,Leivant,202,181-2012,WASHINGTON,DC,20241,S,Y,72000,9.0,1370,1370
Jarmo,Gust,931,149-2057,DOWELLTOWN,TN,37059,M,Y,45500,0.0,0,0
Simeon,Langholm,985,165-1054,ELTON,LA,70532,S,N,72500,6.0,4500,0
Ergun,Bereiter,907,154-1882,MOOSE PASS,AK,99631,M,Y,46500,0.0,0,0
Aiguo,Teitelbaum,863,135-1924,CARYVILLE,FL,32427,S,Y,23500,0.0,0,0
Klara,Staveren,603,142-1288,ELKINS,NH,3233,M,Y,65500,0.0,0,0
Arlette,Weeger,702,159-1141,RENO,NV,89511,S,Y,79500,0.0,0,0
Khosrow,Johnston,406,130-1806,HARLOWTON,MT,59036,S,Y,65000,6.9,1900,1900
Huy,McGranaghan,970,149-1093,CASTLE ROCK,CO,80109,M,Y,89000,4.63,0,0
Stanly,McNaught,843,182-1687,BISHOPVILLE-typoHARTMAN,NV,29010,S,Y,36000,7.0,3300,3300
Elan,Nadas,419,154-1963,LUDLOW FALLS,OH,45339,S,N,4500,0.712,1300,0
Rachid,Gribble,302,126-1443,GEORGETOWN,DE,19947,M,Y,76500,5.95,0,110
Hideho,Bittianda,740,136-1985,STILLWATER,OH,44679,M,Y,10000,0.8779744,0,1300
Ger,Ishai,405,160-2030,LA VETA,OK-typoIA,73844,S,N,48000,6.25,1000,0
Seraffin,Bottreau,769,186-1412,EASTABUCHIE,MS,39436,S,N,4500,3.0,6000,0
Biplav,Gunther,702,141-2035,AUSTIN,NV,89310,S,Y,79000,0.0,0,0
Lougie,Zukowski,754,152-1166,PORT RICHEY,FL,34673,M,Y,94000,0.0,0,0
Xiaolong,Farrell,603,112-1566,ROCHESTER,NH,3839,M,Y,14500,0.0,0,0
Apostolos,Rene,860,160-1277,COLCHESTER,CT,6415,S,Y,99500,5.0,12750,0
Colette,Thibeault,435,120-1175,EMERY,UT,84522,S,N,93000,7.0,2475,0
Pak,Bouloucos,787,174-1502,TOA BAJA,PR,949,M,Y,16500,0.0,0,0
Ethem,Fanty,414,192-1943,BLOOMER,WI,54724,M,Y,52500,5.3585987,0,400
Veronique,D'Hont,815,100-1764,YATES CITY,IL,61572,M,Y,27500,3.0,0,2000
Roopa,Grizzle,918,112-1595,CLINTON,OK,73601,S,N,43500,6.25,1000,0
Ramsey,Loeppner,715,151-1145,ARKDALE,WI,54613,S,N,6500,4.6,700,0
Natalija,Donald,574,165-1907,CHARLESTOWN,IN,47111,M,N,32500,3.4,0,0
Divine,Konikowska,603,125-1247,SPOFFORD,NH,3462,S,N,99000,0.0,0,0
Tevfik,Ohsie,307,189-1784,WHEATLAND-typoLA VETA,NV,82201,S,N,53500,0.0,0,0
Fredo,Azumi,308,182-1337,SHICKLEY,NE,68436,S,N,91500,6.84,103,0
Piyawadee,Corso,678,186-1942,FORT STEWART,GA,31315,M,N,49000,6.0,0,0
Kellogg,Schwertel,702,143-1374,CARSON CITY,NV,89712,S,Y,3000,0.0,0,0
Yukihisa,Amrhein,716,196-1658,BROOKLYN,NY,11203,M,Y,75000,4.3881097,0,1000
Lydia,Spink,304,106-2025,MULLENS,WV,25882,M,Y,57500,6.325,0,2000
Bohdan,Widjojo,808,188-1088,HONOLULU,HI,96816,M,N,86000,8.25,0,0
Menas,Braschler,567,183-1073,EMPIRE,OH,43926,M,N,54000,2.3385487,0,0
Barton,Edmark,228,123-1686,BLUE SPRINGS,MS,38828,S,Y,24500,5.0,6000,1500
Margaretha,Rustenburg,505,105-1282,ALAMOGORDO,NM,88310,M,Y,64500,5.3,0,3300
Waltraud,Dulli,435,175-1312,LEVAN,UT,84639,M,N,36000,7.0,0,0
Tullio,Tzaban,406,114-1440,BROCKWAY,MT,59214,M,Y,6500,3.1362069,0,1900
Tsong,Capps,510,182-1486,PINE MOUNTAIN CLUB,CA,93222,S,Y,8500,1.5148842,87,272
Shian,Tuckey,208,110-1809,COEUR D ALENE,ID,83815,S,N,73000,7.8,3300,0
Carmelita,Leibl,336,111-1239,AURORA,NC,27806,M,Y,91000,7.641608,0,3300
Jurn,Hanakawa,970,153-1462,COLORADO SPRINGS-typoLA VETA,CO-typoGA,80960,S,N,79500,4.63,0,0
Raid,Tahi,806,181-1106,SOUTH HOUSTON,TX,77587,S,N,53000,0.0,0,0
Aya,Geidmanis,802,178-2029,SALISBURY,VT,5769,S,N,27000,3.6,3300,0
Azeddine,Charretton,703,122-1784,HARRISONBURG,VA,22803,S,N,95500,5.75,900,0
Hariolf,Chandra,617,139-1590,HARTMAN,MA-typoNV,1910,M,N,22000,5.3,0,0
Evangelos,Postiff,401,156-1912,MAPLEVILLE,RI,2839,S,Y,95000,0.0,0,0
Catharina,Anstee,603,154-2079,ACWORTH,NH,3601,M,N,67500,0.0,0,0
Yili,Pusterhofer,606,171-1319,ELIZABETHTOWN,KY,42701,M,N,86000,6.0,0,0
Huihuang,Figueiredo,405,101-2093,NORTH MIAMI,OK,74358,M,N,56500,6.25,0,0
Ashfaq,Kuester,563,147-1720,MONTROSE-typoNORTH FORT MYERS,IA-typoGA,52639,M,N,76500,8.98,0,0
Stana,Pfitzmann,415,195-1391,WEST SACRAMENTO,CA,95799,M,N,50500,9.3,0,0
Chaitanya,Huttel,603,168-1475,WEST PETERBOROUGH,NH,3468,S,N,45000,0.0,0,0
Horatiu,Roussou,603,158-1747,NEWFIELDS-typoALMONT,NH-typoGA,3856,M,N,40500,0.0,0,0
Tetra,Lebel,859,197-1442,WHITE MILLS,KY,42788,M,N,70500,5.75,0,0
Jianjun,Esik,304,142-1866,TALCOTT,WV,24981,M,Y,79000,6.5,0,2000
Gianni,Abbara,513,188-1910,SUGAR GROVE,OH,43155,S,N,69000,2.836472,1300,0
Van,Marsden,304,175-2056,GREEN BANK,WV,24944,M,N,62000,6.5,0,0
Tuong,Junker,409,143-1278,BARKSDALE,TX,78828,S,N,97500,0.0,0,0
Xinfeng,Brutlag,601,157-1847,CARSON,MS,39427,M,Y,51500,5.0,0,1500
Rosalyn,Kisuki,308,173-1245,STAPLEHURST,NE,68439,S,N,82500,6.84,103,0
Shoji,Schatz,913,144-1202,PARADISE-typoLA VETA,KS-typoCT,67658,M,N,76500,6.45,0,0
Yingping,Cusick,605,135-1137,NEW HOLLAND,SD,57364,M,N,48000,0.0,0,0
Nand,Colotti,316,132-1352,WEIR,KS,66781,S,N,55500,6.45,2250,0
Shinkyu,Guerriero,574,167-1823,WARSAW,IN,46580,M,Y,33500,3.4,0,1000
Kunihiro,Sohoni,304,182-1032,DANIELS,WV,25832,S,Y,81000,6.5,2000,2000
Stepehn,Mareels,224,137-1737,CHICAGO,IL,60622,M,N,38500,3.0,0,0
Ngoc,Thiran,414,155-1878,WITHEE,WI,54498,M,Y,93500,6.0709796,0,400
Justus,Xiaocong,612,150-1437,ALBERTA,MN,56207,M,N,5000,5.35,0,0
Stacia,Kupper,406,149-1623,GEYSER,MT,59447,M,Y,52000,6.9,0,1900
Moe,Murai,510,103-1883,FRESNO,CA,93725,M,Y,95000,9.3,0,272
Jianxiu,Boucheron,713,199-1917,KEENE,TX,76059,M,Y,77000,0.0,0,0
Brenda,Whitebread,808,118-1761,KAPAA,HI,96746,S,Y,61500,8.25,1040,1040
Seinosuke,Chebini,802,155-1390,WEST DOVER,VT,5356,M,N,22000,3.6,0,0
Rakefet,Raju,845,154-1136,BUFFALO,NY,14241,S,N,38000,4.1737804,0,0
Milan,Crouch,276,121-1459,HERNDON,VA,20171,S,Y,40000,5.75,900,900
Jinjuan,Domenig,406,189-1045,CIRCLE,MT,59215,M,N,16000,6.9,0,0
Chong,Ege,251,118-1088,BIRMINGHAM,AL,35215,S,N,65500,5.0,1500,0
Wieland,Latyshev,202,141-1987,ALMONT,DC-typoNV,20541,S,N,62000,9.0,1370,0
Linn,Praus,435,173-1625,TOOELE,UT,84074,S,N,8000,7.0,2475,0
Carmelita,Wolniewicz,302,159-1339,HARBESON,DE,19951,M,N,99500,5.95,0,0
Reima,Susmaga,574,139-1892,DEPUTY,IN,47230,S,N,95500,3.4,1000,0
Weikai,Schatz,571,105-1299,PORT ROYAL,VA,22535,M,N,15500,5.348214,0,0
Duvvuru,Renault,201,178-1548,FAIRFIELD,NJ,7004,S,Y,39500,1.7075312,1000,1500
Marlene,Kageura,939,139-1710,TOA BAJA,PR,950,S,Y,7000,0.0,0,0
Phaiboon,Khalid,972,129-1796,EL PASO,TX,79961,M,Y,97000,0.0,0,0
Giampaolo,McNeese,360,106-1377,MATTAWA,WA,99349,S,N,75500,0.0,0,0
Filiberto,Mackey,234,110-2086,YOUNGSTOWN,OH,44514,M,N,30000,1.5418718,0,0
Sangyeun,Eidelson,775,142-1834,RENO,NV,89511,M,N,43000,0.0,0,0
Asif,Kalefeld,605,185-1645,SIOUX FALLS,SD,57117,S,N,43500,0.0,0,0
Natasa,Dor,320,182-1589,ELLENDALE,MN,56026,S,N,24000,5.5362325,3300,0
Rayk,Wouk,225,159-1397,LEESVILLE,LA,71496,M,Y,96000,6.0,0,1000
Mohlalefi,Tomia,956,144-1213,DALLAS,TX,75277,M,N,1000,0.0,0,0
Ulrik,Itzigehl,605,100-1079,MITCHELL,SD,57301,M,Y,37500,0.0,0,0
Batoul,Schell,603,189-1021,FARMINGTON,NH,3835,S,Y,86500,0.0,0,0
Manavendra,Becraft,203,168-1546,CROMWELL,CT,6416,S,Y,28000,5.0,12750,0
Naohide,Zisserman,606,108-1016,SPARTA,KY,41086,S,N,64000,5.388889,20,0
Yahui,Dundas,234,188-1509,DERWENT,OH,43733,S,Y,65500,2.7202897,1300,1300
Berndt,Abeta,878,199-1657,BREINIGSVILLE,PA,18031,M,Y,47500,3.07,0,0
Tetsuhiko,Fortune,864,161-2055,HOLLYWOOD,SC,29449,S,Y,16500,7.0,3300,3300
Jongho,Dimitroff,802,122-1716,WINDSOR,VT,5089,S,Y,68500,4.3679647,3300,3300
Leslie,Kabat,401,148-1263,WEST KINGSTON,RI,2892,S,Y,21500,0.0,0,0
Xiaolei,Keates,603,154-2006,ELKINS,NH,3233,M,Y,80000,0.0,0,0
Lefteris,Campr,208,182-2057,BOISE,ID,83705,M,N,41000,7.8,0,0
Dhabaleswar,Gahlot,425,106-1504,WASHOUGAL,WA,98671,S,Y,21000,0.0,0,0
Mooi,Mutoh,207,114-1295,BRADLEY,ME,4411,S,Y,46500,8.5,2850,2850
Oystein,Tvrdik,603,134-1058,NEWTON JUNCTION,NH,3859,M,Y,19500,0.0,0,0
Teruya,Sagawa,706,168-2070,SMYRNA,GA,30081,S,Y,14500,6.0,2700,3000
Iyer,Hohne,502,194-1784,PHILPOT-typoBEACON FALLS,KY-typoWV,42366,M,N,78000,6.0,0,0
Isi,Leonhardt,303,137-1170,STONINGTON,CO,81075,S,Y,54500,4.63,0,0
Timothy,Buescher,508,125-1242,LEICESTER,MA,1524,M,Y,77500,5.3,0,1000
Mehrdad,Yemeni,317,180-1947,TENNYSON,IN,47637,S,N,24000,3.4,1000,0
Mitch,Trammell,406,111-1634,BROCKWAY,MT,59214,S,N,1500,1.0,1900,0
Atilio,Skurczynski,262,160-1839,PLAIN,WI,53577,S,Y,88000,5.975416,700,400
Regine,McCloskey,602,132-1524,BULLHEAD CITY,AZ,86442,M,N,89500,4.10225,0,0
Mayuri,Philbin,910,151-1396,GREENSBORO,NC,27495,M,N,88500,7.589161,0,0
Spyridon,Rault,717,199-1048,BLANDBURG,PA,16619,M,Y,96000,3.07,0,0
Hui,Tsotsos,719,181-1808,FLORENCE-typoMADISON LAKE,WV,81290,M,N,99500,4.63,0,0
Xuan,Geidmanis,580,151-1502,SAINT LOUIS,OK,74866,M,Y,55000,6.25,0,1000
Concepcion,Plattner,501,182-1694,BEE BRANCH,AR,72013,S,N,56500,7.0,20,0
Raph,Keum,207,193-1252,OLD ORCHARD BEACH,ME,4064,M,N,71000,8.5,0,0
Amalendu,Holager,208,151-1102,SAINT ANTHONY,ID,83445,M,N,12500,4.8193674,0,0
Krishan,Rich,501,113-1919,OGDEN,AR,71853,M,N,66500,7.0,0,0
Ramachander,Bett,913,140-1954,VALLEY FALLS,KS,66088,M,N,71500,6.45,0,0
Quoc,Carzaniga,401,127-2091,KINGSTON-typoALMONT,IA,2881,M,Y,31000,0.0,0,0
Venkat,Versino,202,125-1827,WASHINGTON,DC,20251,M,N,500,4.5,0,0
Maniel,Goto,802,153-1511,RICHFORD,VT,5476,S,N,22500,3.6,3300,0
Matti,Rudmann,605,115-1452,LEAD,SD,57754,S,N,2500,0.0,0,0
Solveig,Benzmuller,787,101-1182,VEGA BAJA-typoHARTMAN,GA,693,S,N,4500,0.0,0,0
Puneet,Pinchon,229,105-1655,DECATUR,GA,30034,M,Y,99500,6.0,0,3000
Rajaraman,Gibbard,603,109-1725,WILMOT,NH,3287,M,Y,51000,0.0,0,0
Christi,Wedberg,352,193-1518,LAKELAND-typoLA VETA,FL-typoGA,33803,S,N,61500,0.0,0,0
Kowen,Uhrik,202,173-1197,WASHINGTON,DC,20553,S,N,82000,9.0,1370,0
Orkut,Mahoui,318,110-1852,MARINGOUIN,LA,70757,S,Y,3500,2.0,4500,1000
Dwifiandika,Perrizo,786,139-1675,COCONUT CREEK,FL,33097,M,N,84500,0.0,0,0
Juhana,Schormann,320,186-1382,KENNETH,MN,56147,M,Y,93500,7.85,0,3300
Sejin,Cousins,939,154-1838,ARECIBO,PR,612,S,Y,21000,0.0,0,0
Fumitake,Agarawala,906,197-1010,FLINT,MI,48506,M,N,82000,3.9,0,0
Hussam,Pong,623,100-1041,SCOTTSDALE,AZ,85258,S,N,24000,3.087,2100,0
Declan,Peikert,302,142-1629,MARYDEL,DE,19964,S,Y,63500,5.95,110,110
Themis,Mykkeltveit,202,164-1715,WASHINGTON,DC,20219,M,N,14500,5.5125,0,0
Asmus,Okurowski,732,110-1274,DORCHESTER,NJ,8316,M,Y,57500,1.9914062,0,1500
Jarke,Duijvestijn,817,162-2097,LAREDO,TX,78044,M,N,83500,0.0,0,0
Kuchibhotla,Tyugu,405,194-1328,LONGDALE-typoNORTH FORT MYERS,OK-typoGA,73755,M,N,8500,5.2916665,0,0
Youji,Nyrup,505,116-1408,ALBUQUERQUE,NM,87114,S,N,18000,5.3,3300,0
Hideharu,Csuros,334,109-1439,MOULTON,AL,35650,S,Y,83500,5.0,1500,300
Atanu,Berwick,401,181-1476,PROVIDENCE,RI,2901,S,N,76000,0.0,0,0
Pawan,Futtersack,939,180-1351,LOIZA,PR,772,S,N,85000,0.0,0,0
Ult,Rande,631,173-1977,ALBANY-typoALMONT,NV,12226,M,Y,37500,4.170884,0,1000
Veit,Ruane,712,191-1947,HARTMAN,CT,52245,S,N,31000,4.94981,40,0
Rowland,Albicki,308,127-1305,HARTMAN,CT,68628,M,N,97000,6.84,0,0
Geoffrey,Haberman,605,170-1520,FERNEY,SD,57439,M,N,21000,0.0,0,0
Pamir,Carrington,406,151-1405,LONEPINE,MT,59848,S,Y,44000,6.9,1900,1900
Mariusz,Keam,435,124-1843,DEWEYVILLE,UT,84309,M,N,13000,7.0,0,0
Uday,Preim,407,190-2057,PENSACOLA,FL,32522,S,Y,22000,0.0,0,0
Mori,Kharatishvili,406,178-1140,AVON,MT,59713,M,N,9500,4.662069,0,0
Sayori,Picci,434,197-1978,ORISKANY,VA,24130,M,Y,55000,5.75,0,900
Edwige,Raufmann,301,176-1632,BALTIMORE,MD,21287,M,N,79000,4.75,0,0
Pae,Staub,801,189-1460,SYRACUSE,UT,84075,S,N,41000,7.0,2475,0
Leiming,Ramalho,907,155-1708,AKIAK,AK,99552,S,N,87500,0.0,0,0
Shyue,Desel,941,155-1804,POLK CITY,FL,33868,M,N,71000,0.0,0,0
Ranato,Kees,978,114-1995,ACTON,MA,1720,S,Y,9000,5.3,3575,1000
Svetlana,Marietta,307,175-1753,HARTMAN,WY-typoCT,82430,S,N,73500,0.0,0,0
Wafik,Kobsa,443,134-1749,ELKTON,MD,21921,M,N,67500,4.75,0,0
Heinz,Skinner,505,111-1643,FLORA VISTA,NM,87415,S,Y,34500,5.3,3300,3300
Teruhiko,Chown,334,183-1552,MONTGOMERY,AL,36130,S,N,14000,5.0,1500,0
IJsbrand,Kerchoff,304,112-1364,VICTOR,WV,25938,M,N,95500,6.5,0,0
Noemi,Gilchrist,916,148-1760,SAN DIEGO,CA,92104,M,N,59500,9.3,0,0
Marjan,Geldenhuys,608,112-1687,PORTERFIELD,WI,54159,S,Y,42500,5.1848474,700,400
Serafim,Verbitsky,320,114-1216,MCGREGOR,MN,55760,S,Y,55500,7.217129,3300,3300
eva,Matthew,504,145-1676,DONALDSONVILLE,LA,70346,S,Y,12000,2.0,4500,1000
Akeo,Chretien,308,156-1069,NELIGH,NE,68756,S,N,74000,6.84,103,0
Shmuel,Flick,864,141-1343,RUBY,SC,29741,M,Y,19500,7.0,0,3300
Olav,Sillince,623,168-1356,SURPRISE,AZ,85388,S,N,8000,2.87,2100,0
Zhaohua,Abels,702,159-2079,LAS VEGAS,NV,89155,S,Y,13000,0.0,0,0
Luia,Kadakuntla,443,128-2039,GALENA,MD,21635,S,Y,55000,4.75,2400,2400
Arlene,Bao,910,146-1930,MOUNT AIRY,NC,27030,M,N,1000,6.0,0,0
Asim,Gorski,843,166-1125,SULLIVANS ISLAND,SC,29482,M,N,92000,7.0,0,0
Jonghoon,Khedro,317,170-1683,WEST LAFAYETTE,IN,47907,M,N,84500,3.4,0,0
Simonetta,Diede,203,152-1392,BRIDGEWATER-typoALMONT,CT-typoGA,6752,S,Y,9000,3.0,12750,0
Jiri,Grillner,478,119-1779,MOULTRIE,GA,31776,M,Y,73500,6.0,0,3000
Reme,Balaguer,919,163-1073,MC LEANSVILLE,NC,27301,M,Y,7000,6.0,0,3300
Sooyong,Malzbender,505,190-1122,CORRALES-typoLA VETA,NV,87048,S,N,51500,5.3,3300,0
Anatole,Ullian,843,116-1973,LITTLE ROCK,SC,29567,S,N,75000,7.0,3300,0
Deganit,Gilford,765,112-2098,GASTON,IN,47342,M,N,73500,3.4,0,0
Knuth,Baru,701,104-1950,VOLTAIRE,ND,58792,M,N,82000,2.7062745,0,0
IJsbrand,Trachtenberg,225,119-1890,MARRERO,LA,70073,M,Y,83000,6.0,0,1000
Yusuf,Laugerotte,304,172-1108,BUCKEYE-typoHARTMAN,MI,24924,S,N,34000,4.68,2000,0
Mohlalefi,Whinston,480,107-1959,HARTMAN,NV,85937,M,N,8000,2.87,0,0
Wunnava,Merel,504,113-1106,EDGARD,LA,70049,S,Y,29000,6.0,4500,1000
Weizhen,Wolovich,225,199-1906,TALISHEEK,LA,70464,S,N,50000,6.0,4500,0
Yoshimitsu,Sanidas,860,199-1493,HIGGANUM,CT,6441,S,Y,84000,5.0,12750,0
Madhusudhan,Elwell,769,107-1356,LIBERTY,MS,39645,M,Y,87500,5.0,0,1500
Rongdong,Reutenauer,219,183-1797,DANA,IN,47847,M,N,28000,3.4,0,0
Wanli,Krauter,769,188-1213,VALLEY PARK,MS,39177,M,N,24000,5.0,0,0
Terri,Mussi,773,186-1579,JACKSONVILLE,IL,62650,M,N,2500,3.0,0,0
Martti,Collaud,307,136-1084,LYMAN,WY,82937,M,Y,76000,0.0,0,0
Jiang,Castro,907,152-1554,KALSKAG,AK,99607,S,Y,20000,0.0,0,0
Jochen,Ogata,603,120-1534,WEST PETERBOROUGH-typoHARTMAN,NH-typoGA,3468,S,Y,96500,0.0,0,0
Jarl,Gini,828,137-1918,WALSTONBURG,NC,27888,S,Y,2000,6.0,3300,3300
Verlynda,Eickenmeyer,615,103-1557,MARTIN-typoHARTMAN,TN-typoWV,38237,M,Y,70500,0.0,0,0
Zine,Bonollo,307,150-1493,DIXON,WY,82323,S,N,92500,0.0,0,0
Narao,Cleave,814,112-1334,MILLHEIM,PA,16854,S,N,86000,3.07,0,0
Gehad,DuCasse,505,162-1952,JARALES,NM,87023,S,Y,89500,5.3,3300,3300
Chyuan,Kauffels,203,125-1283,HARTFORD,CT,6150,S,N,97000,5.0,12750,0
Hemant,Marotta,219,175-1495,CARMEL,IN,46033,S,N,22000,3.4,1000,0
Willi,Zimmermann,423,106-1351,COOKEVILLE,TN,38505,S,N,60500,0.0,0,0
Nilanjan,DosSantos,303,117-1011,CRESTED BUTTE,CO,81225,M,Y,65500,4.63,0,0
Cho,Cun,262,191-1395,PESHTIGO,WI,54157,S,Y,83500,5.8972282,700,400
Guohong,Puppe,918,165-1361,ALTUS,OK,73521,S,N,53000,6.25,1000,0
Selwyn,Heyderhoff,503,175-1268,FALL CREEK,OR,97438,S,N,29000,9.0,159,0
Rosalyn,Schiller,219,192-1277,NABB,IN,47147,M,N,11000,3.4,0,0
Buenaventura,Ancilotti,931,137-2025,ATWOOD,TN,38220,S,Y,28500,0.0,0,0
Dwayne,Tisato,276,160-1396,ROANOKE,VA,24006,S,N,72000,5.75,900,0
Yukiko,Aboulnasr,941,113-1154,NEW PORT RICHEY,FL,34654,M,Y,21000,0.0,0,0
Parvathi,Tredennick,225,197-1291,BRITTANY,LA,70718,M,Y,30500,6.0,0,1000
Dawei,Halova,304,194-2069,CAPON SPRINGS,WV,26823,M,N,74000,6.5,0,0
Nicolai,Pfalzgraf,712,171-1702,LAKE CITY,IA,51449,S,N,37500,5.9532666,40,0
Loys,Prenel,321,168-1157,MIAMI,FL,33174,M,Y,53000,0.0,0,0
Mattan,Margenstern,603,151-1997,ERROL,NH,3579,M,N,3500,0.0,0,0
Weijing,Vigna,210,139-2093,RED ROCK,TX,78662,S,N,60500,0.0,0,0
Stasys,Schiff,801,150-1096,LEHI,UT,84043,S,N,17500,7.0,2475,0
Chisato,Corless,417,111-1831,CAULFIELD,MO,65626,S,N,6000,4.3125,2100,0
Abdelouahab,Orengo,302,183-1760,WILMINGTON,DE,19897,S,Y,64000,5.95,110,110
Marinus,Sembok,480,185-2012,TUCSON,AZ,85721,M,Y,46000,3.428,0,2300
Wil,Karp,347,149-1409,CARMEL,NY,10512,M,Y,87500,4.4605184,0,1000
Kazuyuki,Batliner,208,132-1447,KUNA,ID,83634,M,N,16000,5.8129115,0,0
Kava,Rosenberg,434,153-1073,MANASSAS,VA,20108,S,Y,29500,5.75,900,900
Joey,Dollas,720,197-1939,MANCOS-typoALMONT,CT,81328,S,Y,43000,4.63,0,0
Ling,Debelack,202,184-1886,WASHINGTON,DC,20218,M,N,68000,9.0,0,0
Nobo,Schulmeyer,231,195-1894,MARLETTE,MI,48453,M,Y,97500,3.9,0,3100
Xiaocong,Schloegel,210,175-1545,HOUSTON,TX,77272,S,N,59000,0.0,0,0
Mikko,Kiesler,314,189-2052,KIMMSWICK,MO,63053,M,N,49000,6.0,0,0
Ippolito,Antoy,316,192-1518,MAPLETON,KS,66754,M,Y,94000,6.45,0,2250
Lars,Calvi,714,151-1294,SAN FRANCISCO,CA,94143,S,Y,12500,2.4591928,87,272
Terresa,Ferragina,573,175-1216,LODI,MO,63950,S,Y,22000,6.0,2100,1200
Nabih,Kainaga,505,175-1020,LOS LUNAS,NM,87031,M,N,45000,5.3,0,0
Manvinder,Didic,213,151-1965,ATHERTON,CA,94027,M,Y,9500,1.7509613,0,272
Manu,Cun,314,140-1115,HENLEY,MO,65040,S,Y,4000,3.1875,2100,1200
Jonanthan,Wolford,615,107-1845,WAYNESBORO,TN,38485,S,Y,76500,0.0,0,0
Ahsan,Babel,701,148-1582,DAVENPORT,ND,58021,S,Y,91000,2.8106048,3300,3300
Pham,Singh,970,174-1765,EVERGREEN,CO,80439,S,Y,67000,4.63,0,0
Sasikumar,Birta,336,162-2020,PEMBROKE,NC,28372,S,N,25500,6.2674828,3300,0
Vaughan,Bruguera,202,162-1572,WASHINGTON,DC,20038,S,Y,18000,6.3,1370,1370
Jongin,Zviran,608,128-1678,GREEN BAY,WI,54307,S,N,61000,5.5062876,700,0
Heimo,Bhoedjang,919,141-1888,RALEIGH,NC,27620,M,N,61000,7.0122375,0,0
Kimon,Schupeta,260,134-1527,BIRDSEYE,IN,47513,M,N,13000,3.4,0,0
Adly,Bhal,307,124-1600,ALMONT,CT,82833,S,N,28500,0.0,0,0
Mahfoud,Lyon,402,100-1927,ANSLEY,NE,68814,M,Y,96000,6.84,0,103
Madge,Pequeno,510,185-1129,DUBLIN,CA,94568,S,Y,6000,1.0,87,272
Ido,Genssler,406,130-2066,NORTH FORT MYERS,IA,59311,M,N,48500,6.9,0,0
Kaname,Klaiber,719,139-2042,GRAND JUNCTION,CO,81507,S,Y,37500,4.63,0,0
Kayhan,Zajak,402,116-1965,LINCOLN,NE,68501,S,Y,59000,6.84,103,103
Stefaan,Cantu,516,116-1539,NEW YORK-typoLA VETA,NY-typoMI,10025,S,Y,3500,4.0,0,1000
Prabuddha,Carra,913,136-1354,CONWAY SPRINGS,KS,67031,M,Y,41000,6.45,0,2250
Seraphin,Pinches,406,133-1517,BILLINGS,MT,59107,S,Y,82000,6.9,1900,1900
Halina,Boden,505,125-1312,HOLLOMAN AIR FORCE BASE,NM,88330,S,N,34500,5.3,3300,0
Jagdish,Kruiskamp,224,116-1656,COWDEN-typoHARTMAN,CT,62422,M,N,45500,3.0,0,0
Suphachai,Pletch,202,129-1066,WASHINGTON,DC,20392,S,Y,69000,9.0,1370,1370
Jurn,Grotschel,207,183-1397,DRYDEN,ME,4225,S,N,2500,2.0,2850,0
Luo,O'Hallaron,601,134-1818,MONEY,MS,38945,M,N,73500,5.0,0,0
Floriana,Munster,716,185-1472,BINGHAMTON,NY,13905,S,N,28000,4.115854,0,0
Mirjana,Dorchak,920,134-1759,HATLEY,WI,54440,M,Y,54000,5.384661,0,400
Seungjae,Missinai,719,137-1213,U S A F ACADEMY,CO,80841,M,N,14500,4.63,0,0
Stijn,Langtangen,225,137-1554,GRAMERCY,LA,70052,M,N,77000,6.0,0,0
Gebreselassie,Peschl,410,162-1325,POWELLVILLE,MD,21852,M,N,57000,4.75,0,0
Jaeun,Einwohner,402,143-2013,HARTMAN,NE-typoNV,68164,M,N,31000,6.84,0,0
Liangwei,Dendorfer,270,177-2094,VERSAILLES,KY,40384,S,Y,35000,3.7777777,20,20
Xiaofa,Choobineh,224,190-1470,LEBANON,IL,62254,S,Y,70000,3.0,2000,2000
Bob,Carapuca,202,100-2069,WASHINGTON,DC,20233,M,N,22000,7.2,0,0
Jock,Katzberg,770,178-1549,SWAINSBORO-typoLA VETA,GA-typoNV,30401,M,Y,87000,6.0,0,3000
Somnath,Murtha,605,127-1547,KADOKA,SD,57543,S,Y,57500,0.0,0,0
Vugranam,Leela,307,127-1074,MILLS,WY,82644,S,N,70500,0.0,0,0
Nedo,Bodek,225,189-2056,LIVINGSTON,LA,70754,S,N,8500,2.0,4500,0
Shukichi,Wasacz,406,150-2062,BIG ARM,MT,59910,M,N,74500,6.9,0,0
Carron,Gradenigo,985,145-1098,RHINEHART,LA,71363,M,N,11000,2.0,0,0
Juyang,Bheda,808,188-1469,WAILUKU,HI,96793,M,N,2500,1.4901316,0,0
Shichao,Sever,505,131-1724,COUNSELOR,NM,87018,S,N,41500,5.3,3300,0
Wolfgang,Gallivan,304,159-1589,HARTMAN,WV-typoMI,26178,M,N,69500,6.5,0,0
Yael,Winograd,918,173-2008,RINGOLD,OK,74754,S,N,32000,6.25,1000,0
Xinan,Benzaken,423,183-1761,YORKVILLE,TN,38389,M,Y,48500,0.0,0,0
Tiiu,Miike,406,199-1600,ENNIS,MT,59729,S,N,2500,1.1017241,1900,0
Victoria,Erva,620,190-1289,ATLANTA,KS,67008,S,N,70000,6.45,2250,0
Cass,Sezak,520,199-1129,SELIGMAN-typoLA VETA,GA,86337,S,Y,53000,3.5365,2100,2300
Johnathon,Seguel,405,109-1068,TULSA,OK,74156,S,Y,26000,6.25,1000,1000
Rafik,Acioly,580,154-1170,BURBANK,OK,74633,S,N,56000,6.25,1000,0
Yvo,Gentleman,435,179-1661,SALT LAKE CITY,UT,84139,S,Y,36500,7.0,2475,2475
Rachida,Woit,303,171-1413,COLORADO SPRINGS,CO,80937,M,N,39000,4.63,0,0
Yuhji,Bikson,563,140-1035,WATERLOO,IA,50702,S,Y,68500,8.98,40,40
Adin,Ullah,701,196-1673,HANSBORO,ND,58339,M,Y,38000,2.1962156,0,3300
Shangzhi,McCallien,480,130-2039,LA VETA,IA,85249,M,Y,80000,3.955,0,2300
Margrethe,Amaldi,617,157-1999,SPRINGFIELD,MA,1104,S,Y,29000,5.3,3575,1000
Jud,Almaini,502,190-1167,LA VETA,IA,40509,M,N,24500,3.1944444,0,0
Yalu,Feeley,719,141-1597,TOWAOC,CO,81334,S,Y,1000,4.63,0,0
Mirion,Landram,479,113-2044,BRYANT,AR,72022,S,N,10500,2.6973825,20,0
Wilco,Ratuski,947,151-1387,HAMTRAMCK,MI,48212,S,N,69000,3.9,3100,0
Amer,Mouzakis,435,145-1801,LOA,UT,84747,M,Y,15000,7.0,0,2475
Frederik,Bishr,276,141-1021,LUNENBURG,VA,23952,M,Y,33500,5.75,0,900
Kirk,Kiyama,202,135-1682,HARTMAN,DC-typoIA,20001,M,N,3000,4.5,0,0
Woojin,Dulin,206,152-1777,SUMNER,WA,98352,S,Y,43000,0.0,0,0
Anderla,Jeansoulin,701,151-1694,ROLLA,ND,58367,M,Y,44000,2.265769,0,3300
Jared,Dor,701,107-2005,SYKESTON,ND,58486,M,N,65500,2.5150025,0,0
Guy,Kadyamatimba,918,185-1670,FORT SILL,OK,73503,M,N,32000,6.25,0,0
Foster,Cooper,907,190-1396,DILLINGHAM-typoLA VETA,IA,99576,S,N,30500,0.0,0,0
Jianqiang,Oudin,563,190-1904,SCARVILLE,IA,50473,S,N,86000,8.98,40,0
Renny,Sethi,570,130-1997,PITTSBURGH-typoALMONT,PA-typoMI,15211,S,Y,36000,3.07,0,0
Mikael,Ferneley,231,103-1390,FOSTORIA,MI,48435,M,N,89500,3.9,0,0
Jeremiah,Blumann,219,136-1935,INDIANAPOLIS,IN,46254,M,N,17000,3.4,0,0
Steve,Furman,561,179-1249,ORMOND BEACH,FL,32173,S,N,54500,0.0,0,0
Josiah,Yamagata,717,158-1680,WILKES BARRE,PA,18706,S,N,31500,3.07,0,0
Katsunori,Spicer,816,189-1841,EMDEN,MO,63439,S,N,500,1.5,2100,0
Sanjaya,Kayashima,907,107-1721,FAIRBANKS,AK,99706,M,Y,51500,0.0,0,0
Candace,Bodek,713,116-1207,VIDOR,TX,77662,M,N,3500,0.0,0,0
Mari,Glinert,219,141-1333,PENDLETON,IN,46064,S,N,99500,3.4,1000,0
Shalesh,Reeve,603,170-1080,CHARLESTOWN,NH,3603,M,Y,27500,0.0,0,0
Maitham,Jimbo,801,150-1965,MANTI,UT,84642,S,N,75000,7.0,2475,0
Eswaran,Welker,901,166-1084,SURGOINSVILLE-typoLA VETA,WV,37873,S,Y,63000,0.0,0,0
Kirsteen,Tofts,302,144-1373,CLAYTON,DE,19938,M,Y,76500,5.95,0,110
Olympia,Shibasaki,775,137-1663,WELLINGTON,NV,89444,M,Y,46000,0.0,0,0
Indranil,Lieberherr,801,112-1143,MENDON,UT,84325,M,Y,59500,7.0,0,2475
Fabienne,Tetongnon,970,192-1469,FORT COLLINS,CO,80526,M,N,59500,4.63,0,0
Fabian,Templeton,419,146-1737,YOUNGSTOWN,OH,44504,S,Y,98500,3.8157206,1300,1300
Andrej,Lupu,731,114-2088,UNION CITY,TN,38281,M,N,2000,0.0,0,0
Jason,Humenik,479,143-1024,VIOLA,AR,72583,M,Y,6500,1.7412454,0,20
Eija,Dusse,419,110-1552,GOSHEN,OH,45122,S,Y,12500,0.9609616,1300,1300
Manoj,Geyer,618,112-1977,NAPERVILLE,IL,60565,S,Y,76500,3.0,2000,2000
Sekhar,Rutten,203,146-1304,ELLINGTON,CT,6029,S,Y,95000,5.0,12750,0
Kamalakar,Katzberg,605,152-1863,NORRIS,SD,57560,S,N,25500,0.0,0,0
Jyoti,N'Dong,574,104-1581,WINONA LAKE,IN,46590,M,Y,98500,3.4,0,1000
Cindy,Sweeney,808,197-1480,HARTMAN,GA,96771,S,Y,13000,3.3828945,1040,1040
Lhouari,Hawkinson,808,194-1607,HALEIWA,HI,96712,M,N,100000,8.25,0,0
Randy,Samaria,973,198-1226,NEWARK,NJ,7195,S,Y,9500,1.4,1000,1500
Yunheung,Matzel,937,141-1048,BRILLIANT,OH,43913,S,Y,54500,2.3551464,1300,1300
Saniya,Cronin,313,175-1927,CURRAN,MI,48728,S,Y,21500,3.9,3100,3100
Chirstian,Cox,203,150-1172,HARTFORD,CT,6145,S,N,500,3.0,12750,0
Remy,Ravi,480,139-1705,DEWEY-typoHARTMAN,AZ-typoNV,86327,S,N,77000,3.9084997,2100,0
Anatole,Capucciati,351,109-1354,SOMERVILLE,MA,2144,M,N,76000,5.3,0,0
Linqi,Asmuth,319,118-1196,HARTFORD,IA,50118,M,Y,34500,5.490133,0,40
Ruben,Verpoorten,256,139-1037,BIRMINGHAM,AL,35206,M,N,8500,5.0,0,0
Brijesh,Metze,769,139-2043,CHUNKY,MS,39323,S,N,15500,5.0,6000,0
Meenakshi,Enomoto,406,185-1866,GRANTSDALE,MT,59835,S,Y,18500,6.9,1900,1900
Hongyi,Kruschinski,317,103-1512,LYNN,IN,47355,S,Y,83500,3.4,1000,1000
Jeri,Noltemeier,615,138-1533,KNOXVILLE,TN,37919,S,N,9500,0.0,0,0
Tinghe,Ogielski,701,159-1510,PAGE,ND,58064,M,N,72500,2.5961483,0,0
Yair,Hartrumpf,361,137-2077,LOVING,TX,76460,M,Y,56500,0.0,0,0
Boi,Kotulla,808,160-1866,HONOLULU,HI,96830,M,N,9000,2.6618419,0,0
Gregorio,Lally,939,144-2074,TOA ALTA,PR,953,S,Y,21000,0.0,0,0
Thompson,Caulfield,219,108-2097,NAPOLEON,IN,47034,S,Y,67000,3.4,1000,1000
Kiamal,Fendler,859,146-1687,WEST VAN LEAR,KY,41268,S,Y,20500,2.9722223,20,20
Luc,Kragelund,503,122-1176,HILLSBORO,OR,97123,M,Y,31500,9.0,0,159
Rattasit,Girona,830,141-1604,ARLINGTON,TX,76002,S,N,20500,0.0,0,0
Javier,Townsend,808,115-1595,KEKAHA,HI,96752,S,Y,83000,8.25,1040,1040
Linda,Braoudakis,301,114-2081,DISTRICT HEIGHTS,MD,20747,S,N,48000,4.75,2400,0
Zhidong,Zavattaro,406,151-1570,DARBY,MT,59829,S,N,86500,6.9,1900,0
Akemi,Baayen,330,114-1736,HAMILTON,OH,45025,M,Y,44000,2.0066,0,1300
Noach,Sinderen,803,194-1017,COPE-typoHARTMAN,IA,29038,S,N,7500,4.658074,3300,0
Boi,Elgaard,603,134-1921,MERRIMACK,NH,3054,M,Y,93500,0.0,0,0
Elvis,Kibati,785,106-1438,VALLEY CENTER,KS,67147,M,Y,1500,3.5,0,2250
Fumiya,Zielinski,603,185-2080,CHOCORUA,NH,3817,M,N,93500,0.0,0,0
Kouzou,Nicolson,209,160-1217,SAMOA-typoALMONT,CA-typoIA,95564,M,N,35500,7.888967,0,0
Kensuke,Bashkow,401,146-1350,FISKEVILLE,RI,2823,M,N,48000,0.0,0,0
Hisao,Gram,980,185-1447,STANLEY,NC,28164,S,N,82000,7.452797,3300,0
Corine,Farrell,219,106-1714,FOWLERTON,IN,46930,S,Y,53000,3.4,1000,1000
Alan,Chitson,479,119-2054,BATESVILLE,AR,72503,M,Y,55500,7.0,0,20
Mohsin,Grecu,215,180-1506,PHILADELPHIA,PA,19132,M,Y,8000,3.07,0,0
Dorothy,DeJean,618,177-1887,ROCKFORD,IL,61112,S,N,9500,3.0,2000,0
Jakov,Gikas,406,179-1798,WHITEFISH,MT,59937,M,N,3000,1.3560345,0,0
Soma,Milberg,302,171-1373,MADISON LAKE,IA,19945,M,Y,95000,5.95,0,110
Camilo,Getov,256,142-1094,EASTABOGA,AL,36260,M,N,35500,5.0,0,0
Yasser,Biscondi,605,176-1917,ABERDEEN,SD,57402,S,N,84500,0.0,0,0
Waldemar,Stauner,802,176-1681,MONTGOMERY CENTER,VT,5471,S,Y,14500,3.6,3300,3300
Shinnichi,Bardell,618,153-1502,LA VETA,IA,60661,S,Y,66500,3.0,2000,2000
Sigenobu,Dawood,785,107-1412,MISSION,KS,66222,S,Y,500,3.5,2250,2250
Masahisa,Graehl,302,138-1142,NEW CASTLE,DE,19720,S,Y,41500,4.6886363,110,110
Jongho,Goes,202,144-1857,MADISON LAKE,DC-typoGA,20372,S,N,40500,9.0,1370,0
Tadashi,Mahboob,617,178-1382,DRURY,MA,1343,M,Y,25500,5.3,0,1000
Reuben,Dybjer,307,156-2054,KINNEAR,WY,82516,M,Y,12000,0.0,0,0
Nathaniel,Haznedar,320,159-1110,PRINCETON,MN,55371,S,N,82500,7.85,3300,0
Syozo,Uchoa,541,111-1642,FOSSIL,OR,97830,M,N,86000,9.0,0,0
Nathan,Dur,802,128-1681,RICHFORD,VT,5476,S,N,77000,4.5370765,3300,0
Liu,Fouss,947,162-2031,MILLINGTON,MI,48746,S,N,25500,3.9,3100,0
Hanho,Braschler,202,122-1952,WASHINGTON,DC,20433,S,Y,500,4.5,1370,1370
Karem,Basu,314,116-1880,SAINT PETERS,MO,63376,S,Y,96000,6.0,2100,1200
Yanis,Cherfaoui,813,138-1114,VERO BEACH,FL,32962,S,N,88500,0.0,0,0
Truong,Cyranek,406,172-1058,HIGHWOOD,MT,59450,M,N,86000,6.9,0,0
Xiao,Rector,406,160-1250,ALZADA-typoNORTH FORT MYERS,GA,59311,S,N,7000,3.3905172,1900,0
Tassadit,Lauff,775,188-1831,MANHATTAN,NV,89022,S,N,75500,0.0,0,0
Wade,Dulay,864,122-1760,BELTON,SC,29627,M,Y,78000,7.0,0,3300
Jinjuan,Masullo,864,169-1379,LURAY,SC,29932,M,Y,75000,7.0,0,3300
Dainis,Vrajitoru,808,117-1810,HONOLULU,HI,96817,S,Y,20000,4.644737,1040,1040
Bethina,Golichowski,971,145-1377,WESTON,OR,97886,S,N,89500,9.0,159,0
Lorraine,Kunieda,208,124-1210,HAMMETT,ID,83627,S,N,25500,7.8,3300,0
Tihomir,Maskit,775,127-1315,ELY,NV,89301,S,N,34000,0.0,0,0
Dedre,Goodwin,775,174-2069,RENO,NV,89523,S,Y,60000,0.0,0,0
Won,Thallinger,706,178-1464,CONCORD,GA,30206,S,Y,94000,6.0,2700,3000
Anastasia,Cotofrei,479,193-1773,CHARLESTON,AR,72933,S,Y,61500,7.0,20,20
Rajendran,Mihail,813,156-1125,MIAMI,FL,33167,S,Y,52500,0.0,0,0
Srdjan,Budimac,616,191-1934,DETROIT,MI,48275,S,Y,16000,3.9,3100,3100
Panagiotis,Wallrath,765,199-1433,MORRIS,IN,47033,M,Y,25000,3.4,0,1000
Hamilton,Giarratana,505,180-1477,LOGAN,NM,88426,M,N,44000,5.3,0,0
Gavriela,Giavitto,701,116-2095,ASHLEY,ND,58413,S,Y,5000,2.1,3300,3300
Friedrich,Pina,808,187-1507,PUKALANI,HI,96788,S,N,23500,5.2756577,1040,0
Karakunakara,Manegold,406,173-1999,BOZEMAN,MT,59772,M,N,97000,6.9,0,0
Declan,Dulay,787,114-1337,PALMER,PR,721,S,N,57000,0.0,0,0
GuoDong,Melter,715,127-1460,LA CROSSE,WI,54601,M,N,98000,6.1491675,0,0
Kun,Krabbel,208,100-1594,MALAD CITY,ID,83252,S,Y,58000,7.8,3300,3300
Jixin,Tarantino,781,160-1018,BOSTON,MA,2222,S,Y,43500,5.3,3575,1000
IlYoung,Vazquez,337,177-2029,MANDEVILLE,LA,70448,S,Y,10500,2.0,4500,1000
Jody,Ritzmann,425,120-1856,ELK,WA,99009,M,N,66000,0.0,0,0
Kellogg,Piitulainen,517,186-1589,DETROIT,MI,48278,S,N,28500,3.9,3100,0
Predrag,Deppe,641,119-1347,HOLSTEIN,IA,51025,S,N,53000,8.346125,40,0
Nevzat,Hoofman,530,166-1906,LOS ANGELES-typoLA VETA,CT,90066,M,Y,20500,4.34781,0,272
Huifen,Abramov,850,166-1046,TAMPA,FL,33650,S,N,37500,0.0,0,0
JiYoung,Drach,402,128-1658,YUTAN,NE,68073,S,Y,30500,6.84,103,103
Iko,Kornatzky,757,101-1639,CRAIGSVILLE,VA,24430,M,N,3000,2.0,0,0
Ojelanki,Oostrum,808,147-1684,HONOLULU,HI,96827,M,Y,12000,3.2026315,0,1040
Wieland,Olken,662,128-1885,STEWART,MS,39767,M,Y,34500,5.0,0,1500
Tomoharu,Reeken,712,123-1039,MOORHEAD,IA,51558,S,N,69000,8.98,40,0
Masanao,Katzberg,203,152-1445,WASHINGTON,CT,6793,M,Y,56000,5.0,0,0
ShouHan,Machesky,802,126-1373,MONTGOMERY CENTER,VT,5471,M,Y,91500,4.8255606,0,3300
Kimaya,Yelland,816,125-1476,VALLEY PARK,MO,63088,S,Y,36000,6.0,2100,1200
Masum,Abuhamdeh,941,105-2052,OCALA,FL,34475,S,Y,25000,0.0,0,0
Walther,Nikovski,401,192-1096,GLENDALE,RI,2826,M,Y,43500,0.0,0,0
Sadahiro,Tekampe,574,191-1932,JASPER,IN,47546,M,N,23000,3.4,0,0
Anshul,Shrader,202,191-1055,WASHINGTON,DC,20425,S,Y,86500,9.0,1370,1370
Hoon,Holager,802,192-1068,GRANBY,VT,5840,M,N,50000,3.9998987,0,0
Arjun,Tuomenoksa,801,154-1879,SALT LAKE CITY,UT,84126,S,N,84500,7.0,2475,0
Michelangelo,Dkaki,651,150-1923,ALDEN,MN,56009,M,N,100000,7.85,0,0
Vic,Kachitvichyanukul,541,151-1162,CRANE,OR,97732,S,Y,58500,9.0,159,159
Reynald,Hammami,802,120-1959,BRANDON,VT,5733,S,N,19000,3.6,3300,0
Petko,Leahy,781,150-1342,HALIFAX,MA,2338,M,N,38000,5.3,0,0
Pertti,Skatulla,401,110-1608,RIVERSIDE,RI,2915,M,N,50000,0.0,0,0
Yannik,Bisiere,607,196-1355,NYACK,NY,10960,S,N,95500,4.50686,0,0
Tatsuo,Baum,803,119-1166,MARTIN,SC,29836,S,N,57000,7.0,3300,0
Mauri,Herbst,719,120-1970,BRECKENRIDGE,CO,80424,M,N,99000,4.63,0,0
Yuewei,Dahlhaus,314,197-1016,POPLAR BLUFF-typoLA VETA,WV,63902,S,Y,15500,6.0,2100,1200
Echard,Giger,435,156-1114,SALT LAKE CITY,UT,84102,M,Y,26000,7.0,0,2475
Shigeichi,Narasayya,504,159-1904,SHREVEPORT,LA,71135,S,Y,39500,6.0,4500,1000
Keerthi,Gide,720,199-1081,PARLIN,CO,81239,M,N,81000,4.63,0,0
Mihir,Maijers,406,170-2039,MILLTOWN,MT,59851,S,N,100000,6.9,1900,0
Ric,Noel,208,103-1386,MURPHY,ID,83650,S,N,65500,7.8,3300,0
Grammati,Rivest,315,132-1495,PANAMA,NY,14767,S,N,52000,4.254878,0,0
Sendhil,Kurfess,701,117-1651,ROLETTE,ND,58366,M,Y,99000,2.9033427,0,3300
Dimitros,Agrafiotis,808,176-1396,HONOLULU,HI,96811,M,N,19000,4.4644737,0,0
Adegbemiga,Heinzelmann,818,130-1437,BERRY CREEK,CA,95916,M,Y,36500,8.125044,0,272
Seinosuke,Abeysinghe,203,175-1459,GILMAN,CT,6336,S,N,29500,5.0,12750,0
Kamar,Razdan,810,155-1774,HARTLAND,MI,48353,S,Y,51000,3.9,3100,3100
Mayuram,Goot,505,137-1122,CROSSROADS,NM,88114,M,N,75500,5.3,0,0
Yvon,Sweldens,775,102-2078,LAS VEGAS,NV,89134,M,Y,85500,0.0,0,0
Dongmyun,Emmart,843,109-2045,VAUCLUSE-typoMADISON LAKE,SC-typoGA,29850,M,N,42000,7.0,0,0
Hironori,Luth,503,187-1925,CENTRAL POINT,OR,97502,M,Y,5000,7.4102564,0,159
Ossama,Prevel,802,195-1970,BRANDON,VT,5733,S,Y,22000,3.6,3300,3300
Girija,Khoshnevisan,907,102-1479,COOPER LANDING-typoNORTH FORT MYERS,WV,99572,M,N,13500,0.0,0,0
Arbee,Wenguo,802,131-2099,CHARLOTTE,VT,5445,S,Y,97000,4.9349856,3300,3300
Ivar,Enselme,605,159-1890,MITCHELL,SD,57301,S,N,61000,0.0,0,0
Elisabeth,Kunkdelmann,573,137-1918,MARQUAND,MO,63655,M,Y,88500,6.0,0,1200
Lokesh,Kochetov,662,178-1265,SCOBEY,MS,38953,M,Y,27500,5.0,0,1500
Selmer,Behm,435,182-1259,SALT LAKE CITY,UT,84170,S,Y,16500,7.0,2475,2475
Johnette,Sigstam,808,156-1883,HAIKU,HI,96708,M,Y,36000,7.5289474,0,1040
Vikas,Mittra,406,147-1921,WHITE SULPHUR SPRINGS,MT,59645,M,Y,48500,6.9,0,1900
Hiroki,Devine,618,180-1958,CHICAGO,IL,60615,S,N,61500,3.0,2000,0
Sigeru,Anily,252,128-2074,WILMINGTON,NC,28406,S,N,19000,6.131119,3300,0
Leah,Udding,859,152-1876,MOREHEAD,KY,40351,S,N,6000,2.1666667,20,0
Mariet,Murugesan,307,182-1190,HANNA,WY,82327,S,N,45500,0.0,0,0
Gerrine,Miranker,479,155-1875,LITTLE ROCK,AR,72223,S,Y,74000,7.0,20,20
Wenguang,Whittlesey,775,127-2061,ELKO,NV,89803,S,N,44500,0.0,0,0
Percy,Diehl,415,100-2076,PITTSBURG,CA,94565,S,Y,35500,7.888967,87,272
Mihai,Royer,603,190-1012,SUNAPEE,NH,3782,M,N,85500,0.0,0,0
Hidetosi,Kiyama,202,141-1256,WASHINGTON,DC,20053,S,Y,85500,9.0,1370,1370
Guisseppi,Leeper,307,127-1706,EVANSTON,WY,82930,S,N,36000,0.0,0,0
Hisanori,Schauser,304,163-1622,NORTH FORT MYERS,IA,25638,S,Y,42500,5.2749996,2000,2000
Neophytos,Koitz,720,125-1831,HILLROSE,CO,80733,S,Y,17000,4.63,0,0
Mie,Fayerman,308,121-1905,OMAHA,NE,68110,S,Y,82500,6.84,103,103
Josette,Ayala,769,111-1664,GOLDEN,MS,38847,M,Y,3000,3.0,0,1500
Magdy,Murty,617,177-1373,WESTMINSTER,MA,1441,M,N,68500,5.3,0,0
Rufus,Lucco,234,141-1906,POLK,OH,44866,M,Y,45500,2.0563922,0,1300
Mihal,Eigler,985,190-1524,BERNICE,LA,71222,M,N,90000,6.0,0,0
Junji,Antin,307,198-1313,COWLEY,WY,82420,M,Y,27500,0.0,0,0
Ryouichi,Furman,603,179-1867,HENNIKER,NH,3242,S,N,1500,0.0,0,0
Heon,Moussiaux,401,181-1057,PAWTUCKET,RI,2861,S,N,87500,0.0,0,0
Nikolaos,Wadia,603,178-2046,EXETER,NH,3833,M,Y,89500,0.0,0,0
Lorin,Theis,973,185-1446,HALEDON,NJ,7508,S,N,68500,2.1648855,1000,0
Jea,Kerf,702,147-1175,RENO,NV,89533,S,Y,63000,0.0,0,0
Rogerio,Matteucci,712,173-1497,KALONA,IA,52247,S,Y,85500,8.98,40,40
Hirano,Siriboon,435,148-1711,MOUNTAIN HOME,UT,84051,M,Y,70000,7.0,0,2475
Ojelanki,Monneau,303,199-1947,WINDSOR,CO,80551,M,N,12500,4.63,0,0
Djamila,Shiouchi,505,178-2037,TORREON,NM,87061,S,N,95500,5.3,3300,0
Paolo,Thede,501,179-1537,MC NEIL,AR,71752,S,Y,26000,6.4024143,20,20
Supriya,Kajihara,630,156-1799,VIENNA,IL,62995,S,N,32500,3.0,2000,0
Armond,Karlin,859,116-1899,GLENS FORK,KY,42741,M,N,41500,4.138889,0,0
Pum,Thery,302,117-1444,NEWARK,DE,19717,M,Y,5000,2.2,0,110
Ciprian,Vouros,720,154-1085,LA SALLE,CO,80645,M,Y,27500,4.63,0,0
Abbas,Himmeroder,936,190-1675,CORPUS CHRISTI,TX,78465,M,Y,33000,0.0,0,0
Piernicola,Tuckey,207,197-1361,DENNYSVILLE,ME,4628,M,N,100000,8.5,0,0
Qiu,Ratnakar,319,141-1808,HORNICK,IA,51026,S,N,4000,0.7816061,40,0
Norio,Bignone,641,114-1238,MADISON LAKE,IA-typoGA,50099,M,Y,51000,8.037368,0,40
Takamoto,Bultitude,702,189-1036,MINDEN,NV,89423,M,N,55000,0.0,0,0
Murat,Nitsche,704,178-1753,WINSTON SALEM,NC,27101,M,N,40000,6.571678,0,0
Tero,Broek,803,133-1409,COLUMBIA,SC,29223,S,Y,5000,3.563716,3300,3300
Kehsiung,Barkley,509,146-1978,SEATTLE,WA,98113,S,N,71000,0.0,0,0
Zhaoqian,Augusteijn,808,133-1184,LA VETA,MI,96714,S,Y,3500,1.6703947,1040,1040
Philip,Junping,765,106-2052,JEFFERSONVILLE-typoHARTMAN,WV,47132,S,Y,11500,3.4,1000,1000
Cornelius,Gihr,405,133-2001,CROMWELL,OK,74837,M,N,81000,6.25,0,0
Geng,Sekaran,808,168-1531,WAIANAE,HI,96792,M,N,40000,8.25,0,0
Ioanis,Vrckovnik,304,124-1539,RIPLEY,WV,25271,S,Y,58000,6.3599997,2000,2000
Rajendra,Minoura,207,151-1041,KENDUSKEAG,ME,4450,S,N,26500,8.5,2850,0
Taekyong,Nakhaeizadeh,317,174-1620,PORTLAND,IN,47371,S,N,14000,3.4,1000,0
Liviu,Calvo,478,151-1818,PAVO,GA,31778,M,N,5000,4.4,0,0
Hussein,Stiver,478,182-1891,SYLVESTER,GA,31791,M,Y,40500,6.0,0,3000
Chirstian,Schonlau,219,185-1298,TRAFALGAR,IN,46181,M,Y,16500,3.4,0,1000
Hanmao,Wika,307,164-1935,LANDER,WY,82520,S,N,82000,0.0,0,0
Kingsley,Ogunfunmi,812,141-1704,UNIONVILLE,IN,47468,M,N,34500,3.4,0,0
Eduardus,Dewal,563,169-1343,ELDON,IA,52554,M,N,94000,8.98,0,0
Pallab,Newstetter,830,167-1356,TOW,TX,78672,M,Y,11000,0.0,0,0
Kriengkrai,Sangal,256,102-1000,BIRMINGHAM-typoNORTH FORT MYERS,NV,35230,M,N,72000,5.0,0,0
Qutaibah,Junkin,318,185-1953,GOLDEN MEADOW,LA,70357,M,Y,38500,6.0,0,1000
Yka,Barachini,402,193-1782,LORTON,NE,68382,M,Y,90000,6.84,0,103
Vineeta,Cavendish,864,157-1462,PORT ROYAL,SC,29935,S,N,50500,7.0,3300,0
Yanni,Alfonsin,202,140-1256,WASHINGTON-typoHARTMAN,DC-typoNV,20266,M,N,94000,9.0,0,0
Amihood,Jutla,304,121-1127,RIVERTON,WV,26814,S,N,53500,6.045,2000,0
Regina,Oerlemans,336,177-1910,PARMELE,NC,27861,M,N,74000,7.284965,0,0
Siegbert,Murthy,231,120-1593,CALEDONIA,MI,49316,S,N,45000,3.9,3100,0
Nesime,Abadi,517,107-1723,DEARBORN,MI,48126,M,N,60500,3.9,0,0
Arkady,Grit,870,170-1923,MAGNESS,AR,72553,M,N,54000,7.0,0,0
Vicenzo,Wetherbe,406,100-1993,DENTON,MT,59430,M,Y,79000,6.9,0,1900
Sethu,Amoura,401,185-1315,PROVIDENCE,RI,2905,M,Y,95500,0.0,0,0
Guogen,Ayani,907,120-1335,TOKSOOK BAY,AK,99637,S,Y,54000,0.0,0,0
Sathis,Brotman,605,120-1504,MADISON LAKE,IA,57213,S,N,5500,0.0,0,0
Xumin,Randt,205,111-1548,SYLACAUGA,AL,35151,M,N,64000,5.0,0,0
Beshir,Zajak,802,150-1600,NORTH SPRINGFIELD,VT,5150,M,Y,83000,4.6564493,0,3300
Mihaela,Didic,901,111-1419,HARTMAN,TN-typoGA,37340,M,Y,32000,0.0,0,0
Kenan,Gubitoso,808,170-1129,HILO,HI,96720,M,Y,24000,5.3657894,0,1040
Youngsong,Pleszkun,843,142-1352,SAINT MATTHEWS,SC,29135,M,Y,50500,7.0,0,3300
Manzur,Berqvist,580,131-1946,OKLAHOMA CITY,OK,73170,S,Y,47000,6.25,1000,1000
Kowen,Shackel,603,100-1308,CHOCORUA,NH,3817,M,N,79000,0.0,0,0
Bob,Pistor,406,143-1579,BUSBY,MT,59016,S,Y,20000,6.9,1900,1900
Shaji,Canto,947,117-1964,COHOCTAH-typoALMONT,MI-typoNV,48816,M,N,63000,3.9,0,0
Abraham,Houtekamer,859,197-1375,LA VETA,IA,40965,M,N,27000,3.3333335,0,0
Ondrej,Lautenschlager,207,136-1099,CLAYTON LAKE,ME,4737,M,N,14000,6.483577,0,0
Kojiro,Akselsen,859,176-1769,SPARTA-typoNORTH FORT MYERS,KY-typoIA,41086,M,Y,23500,3.1388888,0,20
Seraffin,Muckstadt,213,189-1043,FREMONT,CA,94536,S,N,51500,9.3,87,0
Qirui,Bocquet,702,155-1424,RENO,NV,89502,S,N,36000,0.0,0,0
Pasqua,Zampieri,253,119-1229,PORT HADLOCK,WA,98339,M,Y,93000,0.0,0,0
Celina,Wrigley,413,147-1291,MONROE BRIDGE,MA,1350,S,N,2500,5.3,3575,0
Milvio,Benaloh,307,101-2069,TEN SLEEP,WY,82442,S,Y,86000,0.0,0,0
Rayk,Laplante,787,170-1903,CAROLINA,PR,986,M,N,1000,0.0,0,0
Kazuo,Hannebauer,505,192-1693,ALBUQUERQUE,NM,87199,S,Y,32000,5.3,3300,3300
Varghese,Stavenow,845,147-1965,KIAMESHA LAKE,NY,12751,M,N,79000,4.4112806,0,0
Christ,Kafeza,224,119-1912,KINSMAN,IL,60437,S,Y,28000,3.0,2000,2000
Akash,Condamines,615,128-1833,MADISON LAKE,TN-typoWV,38316,M,Y,15500,0.0,0,0
Lon,Pettorossi,480,107-1831,TUCSON-typoNORTH FORT MYERS,MI,85734,S,N,67500,3.76125,2100,0
Cor,Usmani,307,186-1978,KELLY,WY,83011,S,Y,98500,0.0,0,0
Shaoyu,Srivastava,701,132-1602,BERLIN,ND,58415,S,Y,93500,2.8395853,3300,3300
Mikko,Sahnmugasundaram,302,109-1715,MARYDEL,DE,19964,S,Y,14000,2.8136363,110,110
Bagirath,Traupe,775,176-1266,SLOAN,NV,89054,S,N,98500,0.0,0,0
Vangelis,Basart,517,169-1149,GRAND RAPIDS,MI,49516,M,N,36500,3.9,0,0
Wuxu,Steinbrunn,630,129-1203,SPRINGFIELD,IL,62704,S,Y,21000,3.0,2000,2000
Alexius,Gilford,205,194-1819,HUNTSVILLE,AL,35807,S,Y,89500,5.0,1500,300
Ulises,Haudot,302,105-1646,DOVER,DE,19905,M,N,96500,5.95,0,0
Bekka,Fiutem,505,120-1693,GILA,NM,88038,S,Y,79000,5.3,3300,3300
Mandy,Quesada,870,167-2095,LITTLE ROCK,AR,72201,M,Y,56000,7.0,0,20
Michelene,Collberg,801,106-1243,WHITEROCKS-typoALMONT,UT-typoWV,84085,S,N,26500,7.0,2475,0
Itaru,Swiss,253,185-1451,TACOMA,WA,98431,S,N,14000,0.0,0,0
Trijntje,Pirenne,317,169-1141,HILLSDALE,IN,47854,S,N,2500,3.4,1000,0
Jasper,Tautges,802,122-1480,WEST FAIRLEE,VT,5083,S,Y,77500,4.5470243,3300,3300
Travis,Heuvel,843,109-1456,FORT MILL,SC,29716,M,Y,78000,7.0,0,3300
Nelley,Cristoforetti,252,170-1050,SKYLAND,NC,28776,M,Y,14500,6.036713,0,3300
Damien,Verplaetse,334,166-1498,LOWNDESBORO,AL,36752,S,N,29500,5.0,1500,0
Donn,Mehlenbacher,616,146-1887,ALMA,MI,48801,M,N,71000,3.9,0,0
Hideko,Prietula,901,177-2024,HERMITAGE,TN,37076,S,Y,4500,0.0,0,0
Mizuho,Gluch,302,184-1531,HARRINGTON,DE,19952,S,N,500,2.2,110,0
Dragutin,Ishak,802,151-1965,WELLS,VT,5774,S,Y,23000,3.6,3300,3300
Goncalo,Broca,971,123-1246,ELMIRA,OR,97437,M,Y,19500,9.0,0,159
Tzvi,Rochowiak,239,107-1826,LARGO,FL,33774,S,Y,14500,0.0,0,0
Rossella,Bonacina,939,181-1598,MERCEDITA,PR,715,S,N,87500,0.0,0,0
Naotaka,Galatescu,603,156-1838,HAMPTON FALLS,NH,3844,S,N,90000,0.0,0,0
Femke,Schmeck,314,132-1132,WRIGHT CITY,MO,63390,M,Y,16500,6.0,0,1200
Gonzalo,Amendola,862,154-1182,PATERSON,NJ,7524,M,Y,96000,2.5985832,0,1500
Xiaolei,Gluss,228,160-2097,DUCK HILL,MS,38925,S,N,69000,5.0,6000,0
Etsuya,Graf,732,195-1364,WAYNE,NJ,7477,S,Y,52500,1.9125521,1000,1500
Shalini,Luft,334,150-1084,BIRMINGHAM,AL,35216,S,Y,20500,5.0,1500,300
Jyhjong,Scherf,831,184-1428,LINDEN,CA,95236,S,Y,93500,9.3,87,272
Monte,Gragg,337,182-2092,MERRYVILLE,LA,70653,M,N,63000,6.0,0,0
Rowan,Lovengreen,954,170-1373,LAKE WORTH,FL,33465,S,N,13000,0.0,0,0
Lishin,Katragadda,801,164-1714,ALMONT,NV,84132,M,N,35500,7.0,0,0
Zalman,Womble,319,152-1496,MORNING SUN,IA,52640,M,N,65500,8.98,0,0
Edie,Suppi,845,118-1040,MADISON LAKE,NY-typoGA,11211,S,N,81000,4.422866,0,0
Morioka,Quiniou,201,149-1195,RAHWAY,NJ,7065,M,N,68500,2.1648855,0,0
Tiziano,Kadobayashi,317,176-1236,NEW TRENTON,IN,47035,M,N,96500,3.4,0,0
Cecil,Basnet,480,154-1954,PIMA,AZ,85543,S,Y,1000,2.87,2100,2300
Sunghyun,Restivo,970,179-1112,ALMONT,CO,81210,S,Y,94500,4.63,0,0
Hisako,Sherrell,253,175-1104,ANATONE,WA,99401,M,Y,4500,0.0,0,0
Rachael,Schade,808,117-1908,KAHULUI,HI,96733,S,N,14000,3.5631576,1040,0
Olaf,Poehlman,505,133-2056,ALBUQUERQUE,NM,87108,M,N,88000,5.3,0,0
Valentine,Liptay,209,191-1248,VAN NUYS,CA,91411,M,N,70500,9.3,0,0
Rommert,Schrift,509,137-1931,CLEARLAKE,WA,98235,S,Y,36500,0.0,0,0
Kepa,Callen,702,185-1083,TUSCARORA,NV,89834,M,Y,61500,0.0,0,0
Richardo,Tretiakoff,513,140-2087,MOUNT STERLING,OH,43143,M,N,81500,3.2514076,0,0
Changwook,Katsaggelos,402,174-1465,ONG,NE,68452,S,Y,40000,6.84,103,103
Ayman,Thornley,970,153-1677,AURORA-typoLA VETA,CO-typoNV,80018,M,Y,71500,4.63,0,0
Wesley,Streich,505,155-1681,CAPROCK,NM,88213,S,N,96000,5.3,3300,0
Teade,Usher,970,141-1440,IDAHO SPRINGS,CO,80452,M,Y,57000,4.63,0,0
Johnette,Tadic,281,164-1373,AUSTIN,TX,78762,M,N,70500,0.0,0,0
Lina,Mertz,251,105-1539,PETERMAN,AL,36471,M,N,1500,3.2,0,0
Micheline,Gryz,661,185-1965,SANTA CRUZ,CA,95062,M,N,66000,9.3,0,0
Debanjan,Jaklic,580,152-1601,MERIDIAN,OK,73058,M,Y,49000,6.25,0,1000
Youssef,Junping,603,177-1492,KINGSTON,NH,3848,S,N,73500,0.0,0,0
Atro,Schrott,563,109-1625,ROLFE,IA,50581,S,Y,67000,8.98,40,40
Heonchul,Angiulli,701,172-1638,RHAME,ND,58651,M,N,34500,2.1556427,0,0
Haixun,Fayyad,256,121-1061,GORDON,AL,36343,M,N,78500,5.0,0,0
Zhimin,Olenski,207,196-2072,MORRILL,ME,4952,S,N,74500,8.5,2850,0
Veda,Oehlmann,302,169-1137,WILMINGTON,DE,19896,S,N,13000,2.7454545,110,0
Yuanyuan,Stiefeling,276,184-1841,HURT,VA,24563,S,N,500,2.0,900,0
Gro,Sherertz,830,107-1813,SAN ANTONIO,TX,78263,S,N,64500,0.0,0,0
Santanu,Colignon,605,112-1277,LESTERVILLE,SD,57040,M,Y,36000,0.0,0,0
Charles,Maccabe,802,152-1299,SOUTH BURLINGTON,VT,5407,S,Y,31500,3.6318326,3300,3300
Kella,Burroughs,603,183-1284,NASHUA,NH,3064,S,N,11000,0.0,0,0
Binh,Vassallo,401,119-2000,NEWPORT,RI,2840,M,Y,3000,0.0,0,0
Farid,Treseler,702,117-1985,RUBY VALLEY,NV,89833,M,N,50500,0.0,0,0
Victoria,Waligora,402,176-1368,GENOA,NE,68640,S,Y,42500,6.84,103,103
Jimmie,Partove,319,184-1193,KESWICK,IA,50136,M,Y,84500,8.98,0,40
Jefferson,Dullman,920,183-1774,RIPON,WI,54971,S,Y,57500,5.445474,700,400
Marija,Baade,507,186-1137,WANAMINGO,MN,55983,M,Y,67000,7.8307896,0,3300
Debby,Giunchiglia,701,135-1204,KEENE,ND,58847,M,Y,53000,2.3700993,0,3300
Preet,Strandh,603,120-2015,PITTSBURG,NH,3592,M,Y,93500,0.0,0,0
Rhon,Pons,870,109-1751,HARTMAN,AR-typoWV,72465,S,Y,50500,7.0,20,20
Ghislaine,Duchessi,605,149-1321,NEWELL,SD,57760,M,Y,77500,0.0,0,0
Dinabandhu,Reiterman,202,122-2061,WASHINGTON,DC,20501,S,Y,40500,9.0,1370,1370
Pushan,Schaeffer,631,175-1746,NEW YORK,NY,10173,S,N,64000,4.3243904,0,0
Oya,Hentze,727,192-1032,NORTH FORT MYERS,FL,33918,S,N,75500,0.0,0,0
Alkiviadis,Verhaegh,435,174-1779,PLYMOUTH,UT,84330,M,N,58000,7.0,0,0
Khue,Olagunju,706,131-1652,GARFIELD,GA,30425,M,N,36000,6.0,0,0
Shoujie,Jousselin,510,175-1502,VACAVILLE,CA,95688,M,Y,89500,9.3,0,272
Jovanna,Smail,901,150-1740,HENDERSONVILLE,TN,37077,M,Y,47500,0.0,0,0
Xingguo,Neiman,602,137-1052,GREEN VALLEY,AZ,85622,S,N,1000,2.87,2100,0
Kayhan,Gibbs,580,125-1516,OKLAHOMA CITY,OK,73162,M,N,16000,6.25,0,0
Carleton,Ilgun,423,134-1803,FRIENDSVILLE,TN,37737,M,N,11000,0.0,0,0
Winston,Jungmann,870,108-1283,DIAMOND CITY,AR,72630,S,N,97500,7.0,20,0
Baik,Aberle,702,183-1046,LAS VEGAS,NV,89136,M,N,69000,0.0,0,0
Adel,Wattum,715,105-2060,ALMONT,WI-typoGA,54725,M,N,45000,5.228285,0,0
Floriana,Rene,864,157-1515,MYRTLE BEACH,SC,29587,S,N,20500,7.0,3300,0
Sieger,Scharstein,947,131-1479,PLAINWELL-typoMADISON LAKE,MI-typoGA,49080,M,Y,18000,3.9,0,3100
Sougata,Alewine,913,183-1694,GARLAND,KS,66741,M,N,23500,5.1716666,0,0
Genshiro,Peterka,480,102-1718,GRAND CANYON,AZ,86023,S,N,88000,4.079,2100,0
Georgia,Wijesekera,216,108-1692,GRAYSVILLE,OH,45734,S,N,45500,2.0563922,1300,0
Ivailo,O'Riordan,801,193-1256,BICKNELL,UT,84715,M,N,5500,7.0,0,0
Uttam,Sagayama,615,107-1662,HICKMAN,TN,38567,M,Y,16500,0.0,0,0
Dongxing,Kuchenhoff,865,162-1689,PULASKI,TN,38478,M,N,75000,0.0,0,0
Misako,Wingstedt,862,103-1269,BRIDGEPORT,NJ,8014,S,N,21000,1.4157708,1000,0
Krystyna,Louly,502,141-2014,MAYKING,KY,41837,S,Y,80500,6.0,20,20
Casimir,Tourancheau,605,110-1021,TULARE,SD,57476,S,N,26500,0.0,0,0
Benn,Takesue,201,103-1497,JERSEY CITY,NJ,7307,M,Y,66000,2.1254582,0,1500
Yili,Staiger,907,153-2087,WALES,AK,99783,S,N,14000,0.0,0,0
Gheorghe,Zabel,301,191-1257,BARSTOW,MD,20610,S,N,64500,4.75,2400,0
Hucang,Jesse,802,180-1049,SHELBURNE,VT,5482,M,Y,41000,3.8208396,0,3300
Branka,Suermann,202,170-1087,WASHINGTON,DC,20077,M,Y,56000,9.0,0,1370
Polle,Collaud,351,110-1239,NORTH ADAMS,MA,1247,S,N,51500,5.3,3575,0
Blake,Vrckovnik,860,173-1477,REDDING,CT,6896,M,N,65000,5.0,0,0
Noriko,Wenocur,859,197-1997,LANCASTER,KY,40446,M,N,96500,6.0,0,0
Berlinda,Vauclair,314,123-1629,MILFORD,MO,64766,M,Y,2000,2.0625,0,1200
Subhas,Loganantharaj,731,117-1109,ELGIN,TN,37732,S,Y,31500,0.0,0,0
Yuanhui,Gribomont,801,150-1719,NEOLA,UT,84053,M,N,39500,7.0,0,0
Chong,Raugh,501,123-1718,OAKLAND-typoLA VETA,GA,72661,M,Y,46000,7.0,0,20
Reinout,Prokosch,218,131-1415,YOUNG AMERICA,MN,55568,S,N,44500,6.6301494,3300,0
Paul,Cedeno,601,116-1414,BILOXI,MS,39534,S,N,56500,5.0,6000,0
Shay,Ratnakar,307,102-1012,FAIRVIEW,WY,83119,M,Y,49500,0.0,0,0
Perla,Macias,360,166-1143,CLINTON,WA,98236,S,Y,6500,0.0,0,0
Hideya,Worn,702,187-1426,NORTH LAS VEGAS,NV,89081,M,N,10500,0.0,0,0
Kirsten,Dulli,865,150-1026,COLLINWOOD,TN,38450,S,Y,60000,0.0,0,0
Iyad,Bicarregui,712,188-1773,KNIERIM,IA,50552,S,Y,68000,8.98,40,40
Dario,Laver,939,193-1638,SABANA SECA,PR,952,S,Y,70000,0.0,0,0
Masaaki,Mattoso,781,135-1500,SPRINGFIELD,MA,1108,M,N,62000,5.3,0,0
Reini,Shirai,907,141-1597,SCAMMON BAY,AK,99662,M,Y,98500,0.0,0,0
Sandhya,Berstel,813,131-1131,TAMPA,FL,33630,M,Y,65000,0.0,0,0
Munehiko,McAlpine,843,147-1585,WELLFORD,SC,29385,M,Y,85500,7.0,0,3300
Svetlana,Tierney,602,166-2049,GILBERT-typoALMONT,NV,85233,S,N,8500,2.87,2100,0
Yooshin,Kraetzl,808,141-1840,KAMUELA,HI,96743,M,Y,44000,8.25,0,1040
Gehad,Benoit,503,107-1422,DRAIN,OR,97435,S,Y,10500,9.0,159,159
Pang,Thery,615,154-1019,MCMINNVILLE,TN,37111,M,N,29000,0.0,0,0
Rajmohan,Komosinski,860,101-1267,HARTFORD,CT,6156,S,Y,9500,3.0,12750,0
Duncan,Nedjah,302,130-1404,DOVER,DE,19901,S,Y,98500,5.95,110,110
Felice,Peikert,701,159-1166,FARGO,ND,58125,S,N,27000,2.1,3300,0
Krisda,Pirenne,845,163-1455,VAN BUREN POINT,NY,14166,S,Y,56000,4.2780485,0,1000
Javad,Coste,870,139-2005,TURRELL,AR,72384,M,N,24000,5.9243455,0,0
Jonah,Stafford,808,169-2076,HONOLULU,HI,96844,S,N,15500,3.8335524,1040,0
Martyn,Walczak,859,110-1191,BOWLING GREEN,KY,42102,M,N,66500,5.5277777,0,0
Assar,Karp,573,128-2094,BUFFALO,MO,65622,M,N,89000,6.0,0,0
Marcela,Snelgrove,208,123-1147,BOISE,ID,83756,M,Y,13000,4.9613023,0,3300
Gilbert,Lanzarone,207,190-1695,SPRINGVALE,ME,4083,S,Y,28500,8.5,2850,2850
Asher,Meusel,301,103-1502,RIDGELY,MD,21686,M,N,65000,4.75,0,0
Christopher,Levergood,480,143-1616,TUCSON,AZ,85756,M,N,37000,3.2884998,0,0
Madhavan,Marechal,907,146-2040,HYDER,AK,99923,M,Y,77500,0.0,0,0
Josephus,Federico,815,117-1784,WAVERLY-typoMADISON LAKE,NV,62692,S,N,77500,3.0,2000,0
Satoru,Bromley,434,188-1927,NEW POINT,VA,23125,M,N,7000,3.0714288,0,0
Tandy,Bergey,803,184-1637,RAINS,SC,29589,M,Y,74000,7.0,0,3300
Danilo,Cassez,402,165-1920,BOELUS,NE,68820,S,N,54500,6.84,103,0
Fai,Nguifo,314,163-1703,ARBYRD,MO,63821,S,Y,94500,6.0,2100,1200
Marianthi,Hepner,410,176-1742,POINT OF ROCKS,MD,21777,M,Y,19000,4.75,0,2400
Sangyeun,Cicchetti,231,159-1575,SMYRNA,MI,48887,M,Y,45000,3.9,0,3100
Beom,Pfau,989,194-2063,EASTPOINTE,MI,48021,M,Y,11000,3.9,0,3100
Kaname,Goldschmidt,406,139-1554,SACO,MT,59261,S,N,16500,6.9,1900,0
Behzad,Windisch,304,122-1072,TUNNELTON,WV,26444,S,N,41500,5.205,2000,0
Francis,Feulner,785,128-1055,COLDWATER,KS,67029,S,Y,40000,6.45,2250,2250
Chien,Bayraktar,302,154-1248,WILMINGTON,DE,19894,S,N,77000,5.95,110,0
Sati,Wohr,731,165-1623,MILLINGTON,TN,38055,M,Y,55000,0.0,0,0
Akeo,Gorn,401,169-1946,SLOCUM,RI,2877,M,N,92500,0.0,0,0
Yali,Lycklama,802,130-1803,WAITSFIELD,VT,5673,S,Y,21500,3.6,3300,3300
Clare,Providence,940,164-1542,WILLIS,TX,77378,M,Y,79500,0.0,0,0
Xiadong,Perl,479,186-1842,KINGSLAND,AR,71652,S,N,48500,7.0,20,0
Rodolphe,Sztandera,219,133-1884,CARMEL,IN,46082,S,N,44500,3.4,1000,0
Taemin,Abate,801,104-1969,JENSEN,UT,84035,M,Y,30500,7.0,0,2475
Aimee,Kishino,802,112-2042,SAINT ALBANS BAY,VT,5481,S,N,91500,4.8255606,3300,0
Geber,Posthoff,517,196-1948,WALLACE,MI,49893,M,N,53000,3.9,0,0
Hirosato,Schieder,860,194-1861,RIVERTON,CT,6065,S,N,88000,5.0,12750,0
Shuigeng,Zador,913,150-1241,NORTH FORT MYERS,KS-typoCT,66962,S,Y,39500,6.45,2250,2250
Tomohiro,Rauma,816,198-1519,KANSAS CITY,MO,64145,S,Y,12500,6.0,2100,1200
Baher,Raney,551,129-1063,MANTUA,NJ,8051,S,N,89000,2.4881873,1000,0
Flemming,Bernini,862,159-1895,BIRMINGHAM,NJ,8011,M,Y,83500,2.4014478,0,1500
Vaggelis,Huchard,631,153-1983,HIGHLAND,NY,12528,S,Y,58500,4.2925305,0,1000
Norival,Keutzer,678,120-1422,CHULA,GA,31733,M,N,66500,6.0,0,0
Hillel,Tomeh,503,188-1125,ALSEA,OR,97324,M,Y,31000,9.0,0,159
Karel,Gide,318,133-1542,NEW ORLEANS,LA,70121,S,Y,63000,6.0,4500,1000
Srinivasa,Jayawardene,954,146-1286,FELDA,FL,33930,S,Y,30500,0.0,0,0
Attahiru,Driscoll,405,155-1085,MADISON LAKE,IA,73156,M,N,65000,6.25,0,0
Zahi,Schach,231,143-1036,EMPIRE,MI,49630,M,N,22000,3.9,0,0
Carey,Karloff,843,174-1228,HEMINGWAY,SC,29554,M,Y,84500,7.0,0,3300
Jayanta,Pimm,202,103-1900,WASHINGTON,DC,20547,M,N,1500,4.5,0,0
Szots,Cohoon,224,158-1467,ARLINGTON HEIGHTS,IL,60005,M,N,88500,3.0,0,0
Geert,Muniz,636,171-2098,RICHLAND,MO,65556,M,N,48500,6.0,0,0
Damien,Vanherpe,302,145-2046,MONTCHANIN,DE,19710,S,N,78000,5.95,110,0
Isik,Estier,808,116-2092,HONOLULU-typoLA VETA,HI-typoMI,96836,S,N,30500,6.5375,1040,0
Changsik,Orsini,802,168-1334,SAXTONS RIVER,VT,5154,M,N,62000,4.238644,0,0
Sally,Skaar,606,173-2098,HITCHINS,KY,41146,S,Y,54500,4.861111,20,20
Biplav,Zoller,320,154-1163,MAPLE LAKE,MN,55358,S,Y,30000,5.8564034,3300,3300
Rayman,Gustavson,603,119-1518,AUBURN-typoMADISON LAKE,NH-typoNV,3032,S,N,67000,0.0,0,0
Santonu,Zinoviev,864,176-1299,GAFFNEY-typoLA VETA,SC-typoWV,29340,S,Y,73000,7.0,3300,3300
Ramkrishna,Selenyi,303,109-1751,DENVER,CO,80227,S,N,93500,4.63,0,0
Puri,Nishimura,787,153-1493,SAN JUAN,PR,901,M,Y,23000,0.0,0,0
Hyeokman,Winzen,401,112-1166,KENYON,RI,2836,S,N,52000,0.0,0,0
Ichiang,Ibel,253,102-1422,LONGBRANCH,WA,98351,M,Y,64000,0.0,0,0
Anshul,Parhami,773,175-1036,ATHENS,IL,62613,S,N,58000,3.0,2000,0
Chengzhong,Abuhamdeh,601,132-1465,NEW SITE,MS,38859,S,N,50500,5.0,6000,0
Ganesan,Zahle,907,176-1512,KODIAK,AK,99615,S,N,89000,0.0,0,0
Brahim,Strole,812,194-1385,BLOOMINGTON,IN,47408,S,N,71500,3.4,1000,0
Lewis,Partsch,775,182-1254,LAS VEGAS,NV,89133,M,N,89000,0.0,0,0
Tonjua,Mintchev,701,124-1112,WING,ND,58494,S,Y,56500,2.4106722,3300,3300
Yechezkel,Worley,430,188-1968,HARLINGEN,TX,78552,M,N,26500,0.0,0,0
YunLong,Meitner,302,192-1280,NEWARK-typoALMONT,GA,19712,S,Y,46500,5.0295453,110,110
Thorsten,Pelz,502,180-1343,MOOREFIELD,KY,40350,S,Y,50000,4.611111,20,20
Mazin,Antao,585,150-1631,BROOKLYN,NY,11212,M,N,40000,4.1853657,0,0
Shaunak,Acketa,785,154-1534,ALTON,KS,67623,S,N,83000,6.45,2250,0
Phong,Monkeberg,573,131-1274,KANSAS CITY,MO,64125,S,N,17000,6.0,2100,0
Massimo,Iida,859,137-1442,DEXTER,KY,42036,S,N,71500,5.8055553,20,0
Chandraleka,Kohling,435,157-1258,LYMAN,UT,84749,M,N,39500,7.0,0,0
Marios,Beregi,605,168-1679,LUDLOW,SD,57755,M,Y,15000,0.0,0,0
Joper,Iwanuma,501,118-1242,LITTLE ROCK,AR,72227,M,N,83000,7.0,0,0
Tania,Tsukuda,479,174-1812,RUSSELLVILLE-typoMADISON LAKE,MI,72801,M,N,41500,7.0,0,0
Regine,Ikehara,772,195-1218,MELBOURNE-typoALMONT,GA,32935,M,N,23000,0.0,0,0
Kye,O'Callaghan,202,177-1678,WASHINGTON,DC,20015,S,N,61000,9.0,1370,0
Biju,Lorincz,971,143-1163,SPRINGFIELD,OR,97478,M,Y,73000,9.0,0,159
Manfred,Reggio,307,125-1790,CODY,WY,82414,S,Y,1500,0.0,0,0
Sandra,Goffin,304,144-1381,CHARLESTON,WV,25302,M,N,51500,5.9049997,0,0
Eiiti,Minshall,505,136-1122,NOGAL,NM,88341,M,Y,14500,4.785714,0,3300
Ayman,Calisti,770,113-1603,WHITE PLAINS,GA,30678,S,Y,98500,6.0,2700,3000
Chirag,Gradenigo,302,170-1809,CHESWOLD,DE,19936,M,N,55500,5.643182,0,0
MenChow,McNaught,603,145-1764,BOW,NH,3304,S,N,26500,0.0,0,0
Gopal,Chamillard,603,176-1364,EATON CENTER,NH,3832,M,Y,30000,0.0,0,0
Dongchang,Tsatalos,208,100-1108,BOISE,ID,83705,S,N,50000,7.8,3300,0
Cholwich,Backelin,435,153-1662,ALTAMONT-typoHARTMAN,NV,84001,S,Y,94000,7.0,2475,2475
Zsuzsa,Spelt,339,162-1950,WORCESTER,MA,1606,S,N,97000,5.3,3575,0
Taizan,Ritcey,254,162-1094,HOUSTON,TX,77208,S,Y,16000,0.0,0,0
Rayk,Jenkins,805,165-1044,VINA,CA,96092,M,Y,72000,9.3,0,272
April,Berregeb,856,121-1851,MOONACHIE,NJ,7074,M,N,77000,2.2989376,0,0
Elgin,Gibbens,513,157-1875,FARMDALE,OH,44417,S,Y,15000,1.0439488,1300,1300
Tayeb,Senouci,270,188-1160,BIGHILL,KY,40405,S,Y,65000,5.4444447,20,20
Venu,Salvaneschi,603,129-1136,NASHUA,NH,3063,S,N,64500,0.0,0,0
Morris,Stachniak,804,110-1347,BUCHANAN,VA,24066,S,Y,49000,5.75,900,900
Remi,Marzurkiewicz,301,140-1704,BALTIMORE,MD,21202,S,N,32500,4.75,2400,0
Tatsumi,Marandjian,336,194-1450,REIDSVILLE,NC,27322,S,N,32000,6.4038463,3300,0
Zsuzsa,Spitbart,401,182-1765,PROVIDENCE,RI,2918,S,N,8500,0.0,0,0
Shiyu,Acketa,701,117-1546,CARTWRIGHT,ND,58838,M,Y,85000,2.7410512,0,3300
Nandit,McDermid,202,128-1234,WASHINGTON,DC,20220,S,N,55000,9.0,1370,0
Basil,Isenberg,701,114-1952,COLEHARBOR,ND,58531,S,Y,41000,2.2309923,3300,3300
Michita,Matzel,907,180-1638,ATQASUK,AK,99791,S,N,67000,0.0,0,0
Vaduvur,Dniestrowski,703,112-2043,DELAPLANE-typoALMONT,NV,20144,S,N,12500,4.5446424,900,0
Ferda,Wybranietz,217,121-2021,COAL CITY,IL,60416,M,Y,8000,3.0,0,2000
Ravindran,Gallivan,402,129-1504,LINWOOD,NE,68036,M,N,48000,6.84,0,0
Elmer,Ezer,478,115-2011,BOGART,GA,30622,S,Y,77500,6.0,2700,3000
Akihisa,Adlassnig,859,167-1093,LA VETA,IA,40047,M,Y,48000,4.5,0,20
Caroline,Zunino,773,132-1838,WALNUT,IL,61376,S,Y,8500,3.0,2000,2000
Terumasa,Nuth,939,187-1826,CAROLINA,PR,983,M,Y,79000,0.0,0,0
Jans,Esik,985,156-1435,COTTON VALLEY,LA,71018,M,Y,78000,6.0,0,1000
Pierluigi,Geske,217,150-1710,PRINCETON,IL,61356,S,Y,11500,3.0,2000,2000
Tyler,Hedger,608,188-2062,ROBERTS,WI,54023,S,Y,25000,4.880782,700,400
Karel,Whitman,701,118-1422,FORT YATES,ND,58538,S,Y,34500,2.1556427,3300,3300
Lodewijk,Mintchev,207,146-1496,TURNER,ME,4282,M,N,91500,8.5,0,0
Maurice,Iida,610,119-1939,LEHIGH VALLEY,PA,18003,M,N,97000,3.07,0,0
Laif,Smotrovs,517,104-1373,SPRUCE,MI,48762,M,N,25000,3.9,0,0
Stamatina,Placide,706,120-1519,GAY,GA,30218,M,Y,59000,6.0,0,3000
Lantzos,Leishman,307,133-1959,JACKSON,WY,83001,M,Y,83000,0.0,0,0
Tomonobu,Huhtala,215,138-1588,SCRANTON,PA,18514,M,Y,29500,3.07,0,0
Nian,Welling,301,155-1549,MC HENRY,MD,21541,M,N,63000,4.75,0,0
Radu,Baumslag,503,170-1003,MIDLAND,OR,97634,M,N,1500,5.0,0,0
Mengchu,Forcheri,619,157-1501,PASADENA,CA,91129,S,N,7500,1.2788072,87,0
Asat,Merzbacher,337,194-1968,RAGLEY,LA,70657,S,Y,49500,6.0,4500,1000
Gookhai,Molyneaux,702,116-1750,LAS VEGAS,NV,89114,S,Y,22500,0.0,0,0
Toshimi,Haznedar,339,145-1805,SPRINGFIELD,MA,1108,S,Y,43000,5.3,3575,1000
Brij,Grohoski,713,127-1443,MESQUITE,TX,75187,S,N,33000,0.0,0,0
Qian,Behm,202,125-1398,WASHINGTON,DC,20520,M,N,36500,9.0,0,0
Chongkye,Meriem,712,146-1390,WEST GROVE-typoHARTMAN,NV,52538,M,N,91500,8.98,0,0
Ajit,Przulj,307,183-1365,LITTLE AMERICA,WY,82929,M,Y,71000,0.0,0,0
Kendra,Bann,605,183-1933,REE HEIGHTS,SD,57371,S,N,9000,0.0,0,0
Gokhan,Marathe,907,166-1368,ANCHORAGE,AK,99529,S,Y,87000,0.0,0,0
Srdjan,Farines,774,165-1732,NORTH DIGHTON,MA,2764,M,Y,62000,5.3,0,1000
Shibu,Munro,540,186-1074,GORDONSVILLE,VA,22942,M,N,29500,5.75,0,0
Aparna,Darden,787,115-2075,CASTANER,PR,631,M,N,49000,0.0,0,0
Sevki,Freburger,970,105-1533,WHEAT RIDGE,CO,80033,S,Y,76500,4.63,0,0
Georghios,Kruiskamp,501,145-1672,WARREN,AR,71671,S,N,4500,1.2631768,20,0
Brewster,Nanard,907,173-1381,ANCHORAGE,AK,99524,S,Y,59000,0.0,0,0
Ananlada,Kuhnemann,763,102-1274,BRAHAM,MN,55006,M,Y,32500,5.9898076,0,3300
Tilman,Pintelas,505,166-1244,CROWNPOINT,NM,87313,S,Y,13000,4.271429,3300,3300
Spiro,Kuwabara,978,104-1921,NEEDHAM,MA,2492,M,N,28000,5.3,0,0
Jocob,Shimotsuji,580,199-1442,OKLAHOMA CITY,OK,73147,S,Y,100000,6.25,1000,1000
Vikraman,Heckroth,304,152-1427,KEARNEYSVILLE,WV,25430,S,N,39500,5.0649996,2000,0
Satyadeep,Seppanen,631,101-1899,EAST MORICHES,NY,11940,S,N,73500,4.3794208,0,0
Ravishankar,Diehr,402,160-1108,GILTNER,NE,68841,S,Y,76500,6.84,103,103
Linhui,Jarvinen,985,181-1985,SHREVEPORT,LA,71133,S,N,35500,6.0,4500,0
Koppolu,Tompa,224,148-1834,JACKSONVILLE,IL,62651,S,N,30000,3.0,2000,0
Nobutaka,Perring,308,108-1657,TRENTON,NE,69044,M,Y,59500,6.84,0,103
Reind,Duh,859,152-1224,CANMER,KY,42722,S,Y,22000,3.0555556,20,20
Ramkrishna,Rychlik,571,174-1675,NORFOLK,VA,23512,S,Y,55000,5.75,900,900
Aniorte,Hadjidimos,219,166-1817,WILLIAMS,IN,47470,S,N,79500,3.4,1000,0
Iyer,Zivojnovic,336,101-1108,RALEIGH,NC,27640,S,Y,66000,7.117133,3300,3300
Sigalit,Rudman,307,145-1531,JAY EM,WY,82219,M,Y,31000,0.0,0,0
Masayo,Sembok,920,133-1597,MANITOWOC,WI,54221,M,N,16000,4.724406,0,0
Mikio,Bandoh,906,173-1217,TROY,MI,48099,S,N,15000,3.9,3100,0
Guangwei,Mahoui,401,198-1552,EAST GREENWICH,RI,2818,M,Y,39500,0.0,0,0
Ala,Brookson,920,196-1242,GREEN BAY,WI,54306,M,Y,72500,5.7061014,0,400
Jamal,Kamber,207,194-1818,NORWAY,ME,4268,S,Y,86000,8.5,2850,2850
Zhaoqian,Buchberger,307,162-1443,HARTMAN,WV,82501,S,Y,12500,0.0,0,0
Linas,Talbott,931,108-1477,CROSS PLAINS,TN,37049,S,N,39500,0.0,0,0
Akida,Meyrowitz,208,165-1647,OLA,ID,83657,S,N,48500,7.8,3300,0
Surapong,Ophelders,843,152-1936,BEAUFORT,SC,29906,S,Y,78500,7.0,3300,3300
Satyamurthy,Stabell,216,121-1003,BROOKFIELD,OH,44403,M,Y,89000,3.500369,0,1300
Sooha,Schmerr,772,143-1543,HAWTHORNE,FL,32640,M,N,97000,0.0,0,0
Dashing,Hebden,814,142-1602,MANORVILLE,PA,16238,M,N,39500,3.07,0,0
Martina,Kasprzak,720,148-1606,HASWELL,CO,81045,M,Y,25000,4.63,0,0
Manibrata,Demeyer,434,100-1921,MOUNT SIDNEY,VA,24467,S,Y,31000,5.75,900,900
Atte,Yanagida,701,193-1592,PINGREE,ND,58476,M,N,79500,2.6772938,0,0
Sissel,Biro,574,161-1265,GARY,IN,46404,M,N,96000,3.4,0,0
Shree,Servieres,801,154-1700,PEOA,UT,84061,M,N,14000,7.0,0,0
Winfield,Benzmuller,602,160-1165,BAPCHULE,AZ,85221,M,N,90000,4.11,0,0
Chandrakant,Badr,785,152-1391,OLMITZ,KS,67564,S,Y,7000,3.5,2250,2250
Wolffried,Calvary,856,172-1520,HARRISON,NJ,7029,S,N,26000,1.494625,1000,0
Deryk,Layer,843,136-1998,JOHNS ISLAND,SC,29455,M,Y,45500,7.0,0,3300
Edwige,Colgate,603,183-1264,ROCHESTER,NH,3839,S,N,98000,0.0,0,0
Sooyong,Hanabata,928,118-1080,PHOENIX,AZ,85083,S,Y,27500,3.14125,2100,2300
Yifei,Morrill,207,145-1184,HARMONY,ME,4942,S,Y,17000,7.9069343,2850,2850
Chandramohan,Bryce,847,158-1369,TALLULA,IL,62688,M,N,46000,3.0,0,0
Shiyu,Farines,240,110-1258,HARTMAN,MD-typoWV,21520,M,N,93500,4.75,0,0
Luong,Jelonek,941,146-1548,GRANT,FL,32949,M,Y,92000,0.0,0,0
Evelyne,Goradia,561,136-1482,WEWAHITCHKA,FL,32449,M,N,34000,0.0,0,0
Jaeho,Carle,857,119-1052,BOSTON,MA,2116,S,Y,47500,5.3,3575,1000
Ragaa,Provost,701,128-1322,WIMBLEDON,ND,58492,M,Y,7000,2.1,0,3300
Vineeth,Novacek,620,103-2087,HUTCHINSON,KS,67504,M,Y,77000,6.45,0,2250
Plamena,Hedger,608,104-2020,WEST BEND,WI,53090,S,N,99000,6.1665425,700,0
Grazyna,Scheid,862,119-2018,CLEMENTON,NJ,8021,S,Y,70500,2.196427,1000,1500
Cecile,Lafferriere,479,169-1965,HOT SPRINGS NATIONAL PARK,AR,71913,S,N,46500,7.0,20,0
Naoyoshi,Elgood,907,118-1279,KIVALINA,AK,99750,M,Y,20500,0.0,0,0
Spiro,Serafimovski,571,142-1500,ROANOKE,VA,24035,S,N,32500,5.75,900,0
Meenakshi,Logrippo,425,118-1592,MARBLEMOUNT,WA,98267,M,Y,69500,0.0,0,0
Sooha,Gentleman,401,160-1904,HOPKINTON,RI,2833,S,N,49000,0.0,0,0
Alfried,Schreckenghost,423,180-1156,TIPTONVILLE,TN,38079,S,N,49000,0.0,0,0
Chuanti,Landi,615,187-1189,NASHVILLE,TN,37204,M,N,93000,0.0,0,0
Nili,Calway,425,157-1897,VANCOUVER,WA,98668,M,Y,11000,0.0,0,0
Danco,Schulman,308,164-1361,HARTMAN,WV,68464,M,N,40500,6.84,0,0
Josiah,Grostick,716,119-1877,PINE ISLAND,NY,10969,M,N,37500,4.170884,0,0
Zhang,Winzer,304,135-2076,LANSING,WV,25862,S,Y,87000,6.5,2000,2000
Kailash,Krinik,410,153-1572,BALTIMORE,MD,21261,S,N,33500,4.75,2400,0
Yap,Litant,706,171-1789,BARTOW,GA,30413,M,Y,43500,6.0,0,3000
Sylvia,Rosneblatt,702,118-1613,RENO,NV,89515,S,Y,45000,0.0,0,0
Kewal,Rehof,402,112-1297,WHITECLAY,NE,69365,S,Y,63000,6.84,103,103
Sofya,Demos,208,134-1877,EDEN,ID,83325,S,Y,25500,7.8,3300,3300
Arunachalam,Delannoy,315,144-2090,ASTORIA,NY,11103,M,Y,58500,4.2925305,0,1000
Weichang,Hercksen,817,193-1773,EL PASO,TX,79946,M,N,15500,0.0,0,0
Nickolas,Derby,303,118-1158,MAYBELL,CO,81640,S,Y,56000,4.63,0,0
Satish,Feeley,979,104-2072,MILLSAP,TX,76066,S,N,21500,0.0,0,0
Clovis,Feldmeier,919,198-1480,MILWAUKEE,NC,27854,S,Y,21500,6.1835666,3300,3300
Deren,Staiger,985,197-1611,ALEXANDRIA,LA,71309,M,N,2500,2.0,0,0
Asis,Aberg,617,137-1663,WEST BARNSTABLE,MA,2668,S,N,87000,5.3,3575,0
Faten,Mattmann,337,116-1332,NEW ORLEANS,LA,70124,M,N,91000,6.0,0,0
Syuji,Cassel,701,199-2077,CENTER-typoMADISON LAKE,ND-typoIA,58530,S,Y,5000,2.1,3300,3300
Lynetta,Desanctis,202,132-1211,PARCEL RETURN SERVICE,DC,56945,S,N,21500,7.0874996,1370,0
Ruven,Taka,551,186-1164,TRENTON,NJ,8646,M,Y,77500,2.3068228,0,1500
Shauying,Rothenberg,808,108-1285,HONOLULU,HI,96828,M,Y,97500,8.25,0,1040
Malu,Mahafzah,304,111-1551,HARTFORD,WV,25247,M,Y,97000,6.5,0,2000
Kanae,Dymetman,256,147-1859,LEROY,AL,36548,M,N,31000,5.0,0,0
Merlin,Majetic,650,159-1588,BERKELEY,CA,94708,M,N,67000,9.3,0,0
Shelli,Emele,870,190-1096,MIDLAND-typoNORTH FORT MYERS,WV,72945,S,N,50000,7.0,20,0
Ezra,Grandbois,202,183-1851,WASHINGTON,DC,20571,S,Y,29000,8.775,1370,1370
Tirtza,Nisbet,308,107-1526,GIBBON,NE,68840,M,N,73000,6.84,0,0
Ernestine,Suter,636,142-1718,QUINCY,MO,65735,M,Y,88500,6.0,0,1200
Leon,Christopher,802,148-1769,WILLISTON,VT,5495,M,N,12000,3.6,0,0
Jae,Scanlon,610,189-1211,EPHRATA,PA,17522,S,Y,60500,3.07,0,0
Noam,Gyssens,202,132-1142,WASHINGTON,DC,20390,S,Y,88000,9.0,1370,1370
Saydean,Clemmensen,715,124-2004,BROOKFIELD,WI,53005,S,N,80500,5.8451023,700,0
Agha,Takagi,802,157-1444,TOPSHAM,VT,5076,S,Y,96500,4.925038,3300,3300
Vir,Wischnewsky,954,170-1719,GAINESVILLE,FL,32605,M,N,80500,0.0,0,0
Meiyappan,Schmill,435,195-1639,ALMONT,CT,84724,S,N,70000,7.0,2475,0
Kyhyun,Kaiser,978,102-1807,BOSTON,MA,2206,S,Y,89000,5.3,3575,1000
Sofie,Estlin,402,141-1626,UPLAND,NE,68981,M,N,79500,6.84,0,0
Shaye,Rudolf,401,158-1425,NORTH KINGSTOWN,RI,2852,S,N,43000,0.0,0,0
Mimi,Bugaenko,302,113-1888,WILMINGTON-typoALMONT,CT,19895,S,Y,49500,5.234091,110,110
Willa,Zrehen,440,179-1920,CLEVELAND,OH,44112,M,N,96000,3.7327332,0,0
Francesca,Thibadeau,641,149-1693,LINEVILLE,IA,50147,M,N,74000,8.98,0,0
Jorge,Verpoorten,505,113-1963,CABALLO,NM,87931,S,N,47000,5.3,3300,0
Romesh,Nastov,732,161-2043,TOTOWA,NJ,7512,M,Y,97000,2.6143541,0,1500
Shingo,Schormann,203,142-1436,CHESHIRE,CT,6410,M,Y,19500,5.0,0,0
Hauke,Palomar,603,187-1697,ALMONT,CT,3235,S,Y,22000,0.0,0,0
Yibing,Fortenbacher,401,175-1945,CENTRAL FALLS,RI,2863,M,N,25000,0.0,0,0
Karine,Batliner,702,131-1121,HENDERSON,NV,89009,S,N,92500,0.0,0,0
Kohei,Pinar,601,189-1708,WALNUT-typoBEACON FALLS,IA,38683,M,N,11500,5.0,0,0
Katsura,Gist,918,122-1613,ALBANY,OK,74721,M,N,5500,3.375,0,0
Chengwen,Dym,210,161-1677,EL PASO,TX,79934,M,N,9000,0.0,0,0
Hailing,Nunn,817,124-1857,WHITNEY,TX,76692,S,N,71000,0.0,0,0
Tong,Wittlich,307,151-1652,GUERNSEY,WY,82214,M,Y,7500,0.0,0,0
Thanasis,Therrien,360,153-1646,OLYMPIA,WA,98505,S,N,37000,0.0,0,0
Elif,Bedell,718,189-1279,PHOENICIA,NY,12464,M,N,51000,4.2490854,0,0
KyungOh,Lampaert,801,164-1454,VEYO,UT,84782,S,Y,61500,7.0,2475,2475
Dongshik,Rosenkrantz,701,142-1179,GRAND FORKS,ND,58208,M,N,29500,2.1,0,0
Eginhard,Janowski,302,128-2073,SELBYVILLE,DE,19975,S,Y,39000,4.518182,110,110
Melanie,Banach,505,130-1180,ARROYO HONDO,NM,87513,M,N,58500,5.3,0,0
Inman,Raha,603,102-1256,HILLSBOROUGH,NH,3244,M,N,70000,0.0,0,0
Serap,Dewez,973,178-1287,OAK RIDGE,NJ,7438,S,N,48000,1.8415833,1000,0
Ransom,Kandogan,951,154-1840,GRASS VALLEY,CA,95949,S,N,38000,8.47916,87,0
Zhengyou,Giacobazzi,480,115-1544,PHOENIX,AZ,85074,S,N,58000,3.6139998,2100,0
Piet,Sigillito,903,100-1595,HARTMAN,TX-typoWV,78612,M,N,65000,0.0,0,0
Hyunmin,Pivkina,785,105-1377,PLAINVILLE,KS,67663,M,N,34500,6.45,0,0
Yousri,Vrain,763,147-1772,CARVER,MN,55315,M,Y,87000,7.85,0,3300
Snehamay,Reiss,772,134-2035,CASSELBERRY,FL,32718,S,Y,54000,0.0,0,0
Quifan,Gecsei,603,189-1795,ALSTEAD,NH,3602,S,N,14500,0.0,0,0
Sadahiro,Slaman,202,132-1416,WASHINGTON,DC,20393,S,N,69500,9.0,1370,0
Kiyokuni,Nepomniaschy,435,175-1597,CIRCLEVILLE,UT,84723,M,N,58500,7.0,0,0
Zhiming,Schormann,503,120-1227,HEREFORD,OR,97837,S,N,49000,9.0,159,0
Gregor,Papastamatiou,702,187-1788,LAS VEGAS,NV,89165,M,Y,77000,0.0,0,0
Minh,Azizoglu,989,175-1392,WEST OLIVE,MI,49460,S,Y,13000,3.9,3100,3100
Alexandros,Strausfeld,918,187-1398,SHAWNEE,OK,74801,M,Y,43000,6.25,0,1000
Sadashiva,Goot,256,118-1803,JACKSON,AL,36501,S,N,37000,5.0,1500,0
Vijayalakshmi,Bilardi,912,108-1263,SAVANNAH,GA,31409,M,N,56500,6.0,0,0
KaiCheng,Lorcy,401,130-1910,SLOCUM,RI,2877,M,N,21500,0.0,0,0
Winky,Belt,802,154-1888,WARDSBORO,VT,5355,S,N,69000,4.3779125,3300,0
Sonja,Simovici,754,100-1753,HOMOSASSA,FL,34446,S,N,90000,0.0,0,0
Shujian,Lapid,202,123-1237,WASHINGTON,DC,20230,S,N,49500,9.0,1370,0
Gordan,Feldhoffer,302,126-1423,MAGNOLIA,DE,19962,M,Y,71000,5.95,0,110
Gerri,Musto,907,164-1405,TATITLEK,AK,99677,M,N,81500,0.0,0,0
Bedabrata,Miyachi,206,161-1811,SEQUIM,WA,98382,S,N,40000,0.0,0,0
Eddy,Megson,207,199-1382,BRIDGEWATER,ME,4735,M,N,88000,8.5,0,0
Premsyl,Leiwo,678,143-1508,AUGUSTA,GA,30913,S,Y,75000,6.0,2700,3000
Amilcar,Karner,848,182-1110,TRENTON,NJ,8690,S,N,89500,2.4960728,1000,0
Nanchang,Bouquet,218,141-1045,DALBO,MN,55017,M,N,91500,7.85,0,0
Siri,Whitt,808,103-2062,PAHOA,HI,96778,S,N,85500,8.25,1040,0
Anatoli,Koblick,256,170-1250,DOLOMITE,AL,35061,M,Y,63000,5.0,0,300
Normand,Deco,801,152-1410,BRIGHAM CITY,UT,84302,S,Y,76500,7.0,2475,2475
Rhan,Wunderlin,913,135-1459,ANDOVER,KS,67002,M,Y,10500,3.5,0,2250
Mary,Pulkowski,802,139-1211,CHELSEA,VT,5038,S,Y,84000,4.6763444,3300,3300
Rarrell,Shihab,386,103-1999,MIAMI,FL,33136,M,N,62500,0.0,0,0
Wayne,Zivojnovic,228,185-1451,JONESTOWN,MS,38639,M,N,81000,5.0,0,0
Arch,Breuleux,401,190-1580,WEST GREENWICH,RI,2817,S,Y,85500,0.0,0,0
Yingsha,Sunjaya,773,189-1666,ALBANY,IL,61230,S,Y,100000,3.0,2000,2000
Elenora,Axelband,614,125-1208,LOWER SALEM,OH,45745,M,N,59500,2.5211205,0,0
Itaru,Willhoft,334,149-2025,STEELE,AL,35987,S,N,19000,5.0,1500,0
Bredan,Twardowski,951,153-1916,FRESNO,CA,93888,M,Y,6000,1.0,0,272
Rae,Hookway,787,157-1925,BARRANQUITAS,PR,794,S,Y,12000,0.0,0,0
Martin,Kharatishvili,912,184-1661,ATLANTA,GA,30386,M,Y,92500,6.0,0,3000
Gilbert,Guerrieri,208,141-1958,FIRTH,ID,83236,M,Y,23500,7.8,0,3300
Valentyn,Subbalakshmi,305,180-1909,ARGYLE,FL,32422,S,Y,90000,0.0,0,0
Giovanni,Piccolo,423,133-1368,DIXON SPRINGS,TN,37057,M,Y,74500,0.0,0,0
Kieron,Wongsaroje,573,137-1003,MADISON LAKE,GA,64483,M,N,90500,6.0,0,0
Marianne,Kinoshita,203,107-1503,HARTFORD,CT,6199,S,N,6000,3.0,12750,0
Gherin,Weatherhead,406,193-1357,CARDWELL,MT,59721,M,Y,7000,3.3905172,0,1900
Manvinder,Chatterji,406,164-1642,WINNETT,MT,59087,M,N,47500,6.9,0,0
Zahir,Schlieder,304,142-1083,POOL,WV,26684,M,N,28000,4.26,0,0
Enric,Marchegay,205,126-1110,SUNFLOWER,AL,36581,M,Y,31000,5.0,0,300
Kerryn,Hockney,769,169-1510,DURANT,MS,39063,S,Y,19500,5.0,6000,1500
Iko,Itschner,502,172-1637,STAMBAUGH,KY,41257,M,Y,22000,3.0555556,0,20
Nomi,Schmiedel,563,184-1762,BALDWIN,IA,52207,M,N,7000,1.2447399,0,0
Everald,Ponamgi,260,165-1266,STAUNTON,IN,47881,S,Y,64500,3.4,1000,1000
Marshal,Behrends,770,118-1170,ALBANY,GA,31721,M,N,6000,5.2,0,0
Shane,Charland,843,104-1180,HILTON HEAD ISLAND,SC,29925,M,N,63000,7.0,0,0
Pak,Botten,678,128-1081,GORDON,GA,31031,S,Y,21000,6.0,2700,3000
Srinivas,Paciorek,787,157-1314,PONCE,PR,716,M,N,51000,0.0,0,0
Casimir,Shindo,740,116-1049,CABLE,OH,43009,S,N,52500,2.2887564,1300,0
Olli,Arblaster,518,184-1804,NEW YORK,NY,10008,M,N,28000,4.115854,0,0
Randal,Dayang,205,119-1139,ABBEVILLE,AL,36310,M,N,13500,5.0,0,0
Akifumi,Windeknecht,971,162-1656,PORTLAND,OR,97225,S,N,91500,9.0,159,0
Ajei,Berbec,213,163-1454,DUNNIGAN,CA,95937,S,N,37000,8.243083,87,0
Rustam,Itajima,561,106-1116,COLEMAN,FL,33521,M,N,43500,0.0,0,0
Mihael,Trenkov,435,176-1031,MANTUA,UT,84324,M,Y,73000,7.0,0,2475
Tmima,Euchner,606,170-1127,BLACKFORD,KY,42403,M,N,49500,4.583333,0,0
Laveen,Douchet,714,118-1855,FULLERTON,CA,92833,M,N,84000,9.3,0,0
Eckhard,Larin,217,189-2043,CROPSEY,IL,61731,M,Y,8500,3.0,0,2000
Tyre,Kingham,910,161-1865,POINT HARBOR,NC,27964,S,N,92500,7.673077,3300,0
DeLiang,Cannard,234,197-1057,KITTS HILL,OH,45645,S,N,12500,0.9609616,1300,0
Gautam,Handke,920,173-1901,SUAMICO,WI,54173,S,N,71500,5.6887264,700,0
Sheryl,Olive,732,142-1859,NORTH BRUNSWICK,NJ,8902,M,N,97000,2.6143541,0,0
Guoqiang,Hojati,618,155-1853,ALMONT,IA,62249,S,Y,83000,3.0,2000,2000
Pavel,McFarlan,770,163-1843,NEWNAN,GA,30265,S,Y,15500,6.0,2700,3000
Ella,Kraiman,757,120-1465,MARION,VA,24354,M,Y,26500,5.75,0,900
Niranjan,Murty,503,173-1025,POST,OR,97752,M,N,40500,9.0,0,0
Kuchibhotla,Bencivenga,617,152-2057,DOVER,MA,2030,S,N,80500,5.3,3575,0
Ramkrishnan,Uemori,208,197-2072,BOISE,ID,83717,M,N,2500,1.9806694,0,0
Rasa,Lores,269,151-1217,THREE OAKS,MI,49128,S,Y,63500,3.9,3100,3100
Chien,Wunderlin,312,110-1474,THOMPSONVILLE-typoLA VETA,CT,62890,M,Y,74000,3.0,0,2000
Dixie,Gniady,402,126-2037,OAK,NE,68964,M,Y,61500,6.84,0,103
Merav,Ivanova,334,180-1616,LA VETA,AL-typoIA,35983,S,N,100000,5.0,1500,0
Harpreet,Ewards,727,176-1614,BALM,FL,33503,S,N,68000,0.0,0,0
Voratas,Costake,701,123-2057,MARMARTH,ND,58643,M,Y,26500,2.1,0,3300
Weixiong,Oestreicher,502,187-1713,LOUISVILLE,KY,40203,M,Y,94000,6.0,0,20
Maja,Villalba,313,127-1340,VANDERBILT,MI,49795,S,Y,63000,3.9,3100,3100
Cunsheng,Docter,256,174-1590,MOBILE,AL,36611,M,Y,70000,5.0,0,300
Wuxu,Sleumer,608,112-1115,DOYLESTOWN,WI,53928,M,N,24000,4.863407,0,0
Gavriela,Picht,980,151-1914,SEABOARD,NC,27876,S,Y,59500,6.980769,3300,3300
Stacey,Lanneluc,314,159-1044,WAVERLY,MO,64096,M,N,45000,6.0,0,0
Woo,Plug,240,192-1124,LINKWOOD,MD,21835,S,N,53500,4.75,2400,0
Irvin,Ratan,313,100-1393,BEACON FALLS,MI-typoIA,48178,S,N,54000,3.9,3100,0
Theresa,Weedman,907,128-1931,ANCHORAGE,AK,99504,M,N,45500,0.0,0,0
Nga,Provost,775,101-1420,HENDERSON,NV,89009,S,N,77000,0.0,0,0
Sebastian,Sagawa,603,195-1958,EFFINGHAM,NH,3882,S,N,14000,0.0,0,0
Kienchung,Zrehen,605,136-1449,JEFFERSON,SD,57038,S,Y,48000,0.0,0,0
Liqun,Martelli,731,162-1515,MILLIGAN COLLEGE,TN,37682,M,Y,26000,0.0,0,0
Shiafun,Milicia,801,155-1426,SALT LAKE CITY,UT,84141,M,Y,23500,7.0,0,2475
Benn,Anick,617,111-1241,NORTH CARVER,MA,2355,S,Y,34500,5.3,3575,1000
Aiko,Leufke,316,136-1596,ROLLA,KS,67954,M,Y,19500,4.385,0,2250
Yukihiro,Malavasi,641,189-1337,WAPELLO,IA,52653,M,Y,72500,8.98,0,40
Andra,Tarditi,603,197-1816,CANAAN,NH,3741,S,Y,57000,0.0,0,0
Katalin,Foucaut,802,147-1690,STOCKBRIDGE,VT,5772,M,Y,67500,4.348069,0,3300
Berhard,Bracchi,702,145-1653,LAS VEGAS,NV,89145,S,Y,65000,0.0,0,0
Wensheng,Montenyohl,440,184-1406,PORT CLINTON,OH,43452,M,N,47500,2.1227822,0,0
Raffaele,Evans,808,119-1237,HONOLULU,HI,96830,S,N,11500,3.1125,1040,0
Janick,Baudel,601,153-1430,JACKSON,MS,39250,S,Y,8000,4.2,6000,1500
Akihiko,Mulvany,603,146-1626,DREWSVILLE,NH,3604,M,Y,45000,0.0,0,0
Lisandro,Solovay,801,147-1222,NEWCASTLE,UT,84756,S,Y,76000,7.0,2475,2475
Mema,Strevell,774,143-1907,WILLIAMSTOWN-typoNORTH FORT MYERS,GA,1267,S,Y,54000,5.3,3575,1000
Howard,Grape,603,124-1055,NEW DURHAM,NH,3855,S,N,86000,0.0,0,0
Wolf,Louth,319,168-1376,VAN WERT,IA,50262,M,Y,3000,0.6272282,0,40
Gloria,Gingras,646,122-1926,WOODHAVEN,NY,11421,S,N,2500,4.0,0,0
Wanping,Peckham,919,123-1216,CHARLOTTE,NC,28237,M,Y,82500,7.463287,0,3300
Maksim,Standing,219,106-1383,CROWN POINT,IN,46307,S,N,93000,3.4,1000,0
Gustavo,Kadoda,401,124-1533,PROVIDENCE,RI,2907,S,Y,56500,0.0,0,0
Alexei,Kinsman,501,190-1710,WIDENER,AR,72394,S,N,92500,7.0,20,0
Noury,Demsar,406,117-2040,CORVALLIS,MT,59828,S,Y,75500,6.9,1900,1900
Gerhard,Reitz,228,131-1778,SENATOBIA,MS,38668,S,Y,66500,5.0,6000,1500
Manual,Ouchi,330,193-1898,PLYMOUTH,OH,44865,M,Y,98500,3.8157206,0,1300
Sadok,Puryear,229,171-1212,TYBEE ISLAND,GA,31328,M,N,82500,6.0,0,0
Goetz,Broch,502,114-1802,DELPHIA,KY,41735,M,N,93000,6.0,0,0
CongDuc,Bruno,754,119-1503,FORT LAUDERDALE-typoMADISON LAKE,FL-typoWV,33339,M,N,23000,0.0,0,0
Ruben,Nouali,405,198-1298,GOLDEN,OK,74737,S,Y,29500,6.25,1000,1000
Josiane,Dwork,618,103-1646,BRIMFIELD,IL,61517,S,Y,9000,3.0,2000,2000
Niek,Schrickx,410,102-1289,NORTH EAST,MD,21901,S,Y,20000,4.75,2400,2400
Takio,Pino,970,146-1957,PUEBLO,CO,81007,S,N,11000,4.63,0,0
Iiro,Sgarro,785,163-1306,GRENOLA,KS,67346,M,N,24000,5.27,0,0
Hirosato,Raja,208,123-1171,FENN,ID,83531,S,N,44500,7.8,3300,0
Haluk,Martschew,918,168-1559,OKLAHOMA CITY,OK,73108,M,N,100000,6.25,0,0
Despina,Mitina,518,124-1502,BLOOMVILLE,NY,13739,S,N,42000,4.1969514,0,0
Mahadevamurty,Plummer,804,108-1500,AMMON-typoALMONT,IA,23822,M,Y,48000,5.75,0,900
Uming,Miene,605,148-1108,FEDORA,SD,57337,M,N,14500,0.0,0,0
Vahid,Abels,870,131-1756,FORT SMITH,AR,72913,M,N,45500,7.0,0,0
Yap,Beausoleil,878,199-1176,PETROLIA,PA,16050,S,N,97500,3.07,0,0
Lein,Pinker,939,138-1106,TOA BAJA,PR,951,S,N,90000,0.0,0,0
Facundo,Puppo,603,168-2022,WINDHAM,NH,3087,M,N,38500,0.0,0,0
Rosalyn,Alberti,256,156-2000,SAINT STEPHENS,AL,36569,S,N,66500,5.0,1500,0
Elvia,Pelz,434,143-1193,NORTH FORT MYERS,VA-typoIA,23220,S,N,21000,5.75,900,0
Bhavani,Grom,276,121-1661,THORNBURG,VA,22565,M,Y,7500,3.205357,0,900
Srikanth,Fairtlough,865,199-2040,MORRIS CHAPEL,TN,38361,M,N,98500,0.0,0,0
Fen,Quiniou,805,144-1509,BYRON,CA,94514,M,Y,55000,9.3,0,272
Eizo,Pien,308,198-2031,OHIOWA,NE,68416,S,N,88000,6.84,103,0
Bijan,Brune,203,110-1933,WILTON,CT,6897,S,Y,45500,5.0,12750,0
Sulin,Diepold,406,132-1482,MISSOULA,MT,59808,M,Y,70000,6.9,0,1900
Ronitt,Willoner,401,120-1333,CRANSTON,RI,2910,M,N,22500,0.0,0,0
Lei,Khamare,813,146-1577,NORTH MIAMI BEACH,FL,33160,S,N,24500,0.0,0,0
Xingang,Zarate,419,193-1432,ZALESKI,OH,45698,S,Y,89000,3.500369,1300,1300
Thony,Rollins,208,191-1527,POCATELLO,ID,83202,S,N,28500,7.8,3300,0
Kunio,Deringer,954,110-1307,ORANGE PARK,FL,32065,S,N,76500,0.0,0,0
Dongwook,Damy,802,192-1209,EAST BERKSHIRE,VT,5447,S,N,83500,4.666397,3300,0
Akos,Mutka,219,129-1934,INDIANAPOLIS,IN,46274,S,N,63000,3.4,1000,0
Maguelonne,Smaragdakis,907,174-1819,CRAIG,AK,99921,M,N,50500,0.0,0,0
Lofti,Delcour,801,140-1842,TEASDALE,UT,84773,M,N,55000,7.0,0,0
Ingolf,Flewelling,605,115-1024,WATAUGA,SD,57660,M,N,95500,0.0,0,0
Weining,Coppola,307,149-1847,BONDURANT-typoNORTH FORT MYERS,CT,82922,S,Y,39000,0.0,0,0
Saadia,Ogielski,614,187-1999,DOLA,OH,45835,M,N,49500,2.1891718,0,0
Papa,Agosti,334,190-1183,BELLE MINA,AL,35615,S,Y,91500,5.0,1500,300
Qutaibah,Edagawa,920,194-1238,FAIRCHILD,WI,54741,S,Y,38000,5.106659,700,400
Myongsu,Walrath,254,115-1994,TRENT,TX,79561,S,N,76000,0.0,0,0
Jacque,Hemerly,860,156-1006,HARTFORD,CT,6150,S,N,99000,5.0,12750,0
Muthu,Nordahl,323,171-1509,BAKERSFIELD,CA,93381,M,Y,75000,9.3,0,272
Daisuke,Milne,860,135-1532,NORTH BRANFORD,CT,6471,S,Y,75000,5.0,12750,0
Rabindra,Jacquart,316,176-1417,STRONG CITY,KS,66869,M,Y,60000,6.45,0,2250
Loss,Erev,985,131-1923,BERNICE,LA,71222,M,Y,91500,6.0,0,1000
Maiko,Whitcomb,512,132-2072,FULSHEAR,TX,77441,M,Y,24500,0.0,0,0
Amotz,Hagersten,262,121-1521,HERBSTER,WI,54844,M,Y,39000,5.124034,0,400
Riverson,Lanneluc,701,169-2000,MANDAN,ND,58554,M,N,60000,2.451245,0,0
Atte,Mobasseri,641,138-1471,HEDRICK,IA,52563,M,Y,34500,5.490133,0,40
Angelos,Kean,937,199-1075,GALLOWAY,OH,43119,S,N,68000,2.803277,1300,0
Malika,Fraysseix,812,144-1743,KINGMAN,IN,47952,S,Y,19000,3.4,1000,1000
Kellie,Lavington,901,157-1928,MOUNT JULIET,TN,37121,M,Y,56500,0.0,0,0
Parke,Schrock,808,152-1441,HONOLULU,HI,96812,M,N,7500,2.3914473,0,0
Ramaswami,Liptay,317,171-1804,NOBLESVILLE,IN,46060,M,N,83500,3.4,0,0
Asanobu,Rahmat,269,192-1203,SAMARIA,MI,48177,M,Y,98500,3.9,0,3100
Xinyao,Kohnert,769,194-1956,GULFPORT,MS,39505,S,N,64000,5.0,6000,0
Toine,Gerberich,702,170-1749,LAS VEGAS,NV,89160,S,Y,9000,0.0,0,0
Hidenori,Losco,218,176-1255,BROOTEN,MN,56316,M,N,23500,5.5095515,0,0
Peiyti,Lapis,302,157-1970,CAMDEN WYOMING,DE,19934,M,N,13000,2.7454545,0,0
Refik,Tuthill,210,151-1334,RICHLAND SPRINGS,TX,76871,S,Y,22000,0.0,0,0
Graciela,Vigoda,843,175-1635,HILTON HEAD ISLAND,SC,29928,S,N,100000,7.0,3300,0
Seiki,Hamming,787,150-2010,SAN JUAN,PR,918,M,Y,9500,0.0,0,0
Audrey,Turkedjiev,806,145-1250,WAKA,TX,79093,M,N,48000,0.0,0,0
Jongho,Yagawa,479,177-1191,BLACK ROCK,AR,72415,S,N,83500,7.0,20,0
Ishai,Strohmann,862,143-1130,SHORT HILLS,NJ,7078,S,Y,79000,2.3304791,1000,1500
Jiawan,Deokar,253,116-1929,CARLTON,WA,98814,S,N,76500,0.0,0,0
Felicja,Rask,302,188-1247,DELAWARE CITY,DE,19706,M,N,100000,5.95,0,0
Ricard,Kwiatkowska,229,171-1377,NEWBORN,GA,30056,S,Y,58500,6.0,2700,3000
Wan,Hambury,808,147-1367,KOLOA,HI,96756,M,Y,27500,5.996711,0,1040
Kumpati,Magnusson,307,123-1065,RECLUSE,WY,82725,M,Y,24500,0.0,0,0
Gurudatta,Tarditi,859,106-1997,LEXINGTON,KY,40516,M,Y,3000,2.0,0,20
Alfonz,McNeill,478,192-2040,DIXIE,GA,31629,M,N,62500,6.0,0,0
Enver,Kero,920,141-1243,MADISON,WI,53717,M,N,44000,5.21091,0,0
Sulaiman,Czech,787,191-1883,AGUADILLA,PR,605,M,N,32500,0.0,0,0
Heiner,Widenauer,720,128-1305,PLACERVILLE,CO,81430,S,N,75500,4.63,0,0
Shingo,Lorcy,240,141-2015,TOWSON,MD,21204,S,Y,6000,4.75,2400,2400
Darwen,Valmari,830,176-1950,SACHSE,TX,75048,M,Y,91000,0.0,0,0
Galina,Perko,219,162-1022,METAMORA,IN,47030,M,N,19500,3.4,0,0
Vitaliano,Chinin,219,191-1926,BEVERLY SHORES,IN,46301,S,N,46500,3.4,1000,0
Kamakoti,Maiorov,302,130-1859,KIRKWOOD,DE,19708,S,Y,25500,3.5977273,110,110
Pawan,Preas,603,157-2043,NORTH HAVERHILL,NH,3774,S,N,68000,0.0,0,0
Jongsuk,Rapin,708,188-1643,MORRIS,IL,60450,M,N,2000,3.0,0,0
Kriss,Clough,928,149-1177,LAKE HAVASU CITY,AZ,86403,M,N,41500,3.35825,0,0
Zahari,Iakovlev,816,195-1831,HARTSHORN,MO,65479,M,N,3000,2.625,0,0
Kin,Nabil,339,127-2070,WORCESTER,MA,1609,M,Y,42500,5.3,0,1000
Michun,Wolford,662,161-1327,MOSS,MS,39460,S,Y,52000,5.0,6000,1500
Cristopher,Brlek,334,186-1719,BIRMINGHAM,AL,35291,M,Y,44000,5.0,0,300
Hirano,Fechter,843,156-2073,COLUMBIA,SC,29201,M,N,41500,7.0,0,0
Jue,Cosette,563,107-1592,FAIRFAX,IA,52228,S,N,57000,8.963635,40,0
Haruna,Weigand,919,199-1396,MIDDLEBURG,NC,27556,S,N,59000,6.9702797,3300,0
Sandip,Hatonen,208,189-1575,PONDERAY,ID,83852,M,Y,87000,7.8,0,3300
Xuedong,Dowden,434,130-1141,BATESVILLE,VA,22924,M,Y,87000,5.75,0,900
Ilya,Kingham,337,170-1066,PEARL RIVER,LA,70452,M,Y,73000,6.0,0,1000
Hian,Fitschen,603,189-1725,MONROE,NH,3771,S,N,100000,0.0,0,0
Frederique,Tomokiyo,847,164-1625,EAST DUBUQUE,IL,61025,M,Y,26500,3.0,0,2000
Coco,Kreutzer,425,157-1004,PORT ANGELES,WA,98363,M,Y,91000,0.0,0,0
Renaud,Haberlandt,731,124-2048,WASHBURN,TN,37888,S,Y,72500,0.0,0,0
Xioalin,Aldous,208,150-1570,KINGSTON,ID,83839,S,N,48000,7.8,3300,0
Roberto,Plat,480,187-1236,ROLL,AZ,85347,M,N,79000,3.9394999,0,0
Gennadi,Wool,701,190-1331,CATHAY,ND,58422,M,N,80000,2.68309,0,0
Chunhong,Wiering,727,187-1965,TAMPA,FL,33660,M,N,51000,0.0,0,0
Gyozo,Frisberg,678,145-1825,RHINE,GA,31077,S,Y,78000,6.0,2700,3000
Seungjong,Geser,862,189-1294,ROSEMONT,NJ,8556,M,N,95500,2.5906978,0,0
Chang,Dever,507,117-2040,MONTICELLO,MN,55588,M,N,77000,7.85,0,0
Mona,Beoumes,812,142-1504,MADISON LAKE,NV,47943,S,N,63500,3.4,1000,0
Mihal,Takayama,207,177-1421,EDGECOMB,ME,4556,S,Y,28000,8.5,2850,2850
Boumediene,Vines,208,114-1441,HAYDEN,ID,83835,M,N,39000,7.8,0,0
Masoud,MacNair,207,185-1161,GREENWOOD,ME,4255,S,Y,24500,8.5,2850,2850
Gururaj,Aknine,769,109-1572,SUMRALL,MS,39482,S,Y,62000,5.0,6000,1500
Zvonko,Opatryn,304,194-1034,SETH,WV,25181,M,Y,96000,6.5,0,2000
Morry,Budimac,734,197-1544,DRYDEN,MI,48428,M,N,57000,3.9,0,0
Sigalit,Bickmore,308,152-2092,SUTTON,NE,68979,M,N,94500,6.84,0,0
Guven,Lauck,225,175-1703,LAFAYETTE,LA,70502,S,Y,33000,6.0,4500,1000
Yoshitomi,Ezer,719,164-1598,BROOMFIELD,CO,80038,M,Y,8000,4.63,0,0
Rajashekar,Luan,702,116-1859,RENO,NV,89515,M,N,8500,0.0,0,0
Amparo,Falvo,615,135-1252,OLD FORT,TN,37362,S,N,93500,0.0,0,0
Fujiichi,Lubachevsky,505,199-1010,LOS ALAMOS,NM,87544,S,N,28500,5.3,3300,0
Werasak,Kadur,563,118-2036,DES MOINES,IA,50339,M,N,79500,8.98,0,0
Yosi,Lucas,402,102-1036,LA VETA,IA,69337,S,N,42000,6.84,103,0
Azer,Panagaden,240,157-1230,BALTIMORE-typoHARTMAN,MD-typoNV,21288,M,Y,31500,4.75,0,2400
Sanjiv,Oskamp,504,107-1035,NEW ORLEANS,LA,70156,S,Y,23500,5.52,4500,1000
Lofti,Karush,907,124-1450,KIPNUK,AK,99614,S,N,7500,0.0,0,0
Matrina,Mines,402,126-1418,BIG SPRINGS,NE,69122,S,N,36500,6.84,103,0
Wido,Challis,662,117-1385,OSYKA,MS,39657,S,Y,23000,5.0,6000,1500
Antonia,Stutschka,769,187-2011,FLORA,MS,39071,M,Y,59000,5.0,0,1500
Yeona,Marrakchi,406,194-1552,ELMO,MT,59915,S,N,96500,6.9,1900,0
Vic,Radi,224,189-1944,GRAFTON,IL,62037,M,Y,7000,3.0,0,2000
Carlton,Balluchi,979,147-1930,MARSHALL,TX,75672,S,Y,55500,0.0,0,0
Tamal,Majerski,206,118-1358,EVERETT,WA,98207,S,N,90000,0.0,0,0
Uffe,Veevers,802,167-1775,STRAFFORD,VT,5072,S,Y,16500,3.6,3300,3300
Gopal,Coggins,605,158-1402,MILLER,SD,57362,S,N,79500,0.0,0,0
Eckhard,Wissmann,304,160-1038,CABINS,WV,26855,M,Y,77500,6.5,0,2000
Garrel,Milosavljevic,714,112-1338,GRAND TERRACE-typoALMONT,CA-typoCT,92313,M,Y,93500,9.3,0,272
Zeenat,Loveland,208,101-1181,CAREYWOOD,ID,83809,S,Y,33000,7.8,3300,3300
Akiro,Hatcliff,662,106-1704,RICHTON,MS,39476,S,Y,12500,5.0,6000,1500
Shalab,DeLano,225,157-1544,BLANCHARD,LA,71009,S,N,68500,6.0,4500,0
Maribel,Moeller,504,132-1960,WALKER,LA,70785,S,Y,25000,6.0,4500,1000
Purnendu,Feigelson,501,168-1267,WRIGHTSVILLE-typoLA VETA,WV,72183,M,Y,15000,3.773037,0,20
Yuxi,Pinkston,402,157-1681,LINCOLN,NE,68501,M,N,59500,6.84,0,0
Shukichi,Zartmann,318,158-1817,LABADIEVILLE,LA,70372,M,Y,54000,6.0,0,1000
Wunnava,Parikh,307,125-1091,GILLETTE,WY,82718,S,Y,48000,0.0,0,0
Idit,Hassen,774,175-1401,ORLEANS,MA,2653,M,Y,96500,5.3,0,1000
Joosun,Constantine,914,189-2014,GLASCO,NY,12432,S,Y,75000,4.3881097,0,1000
Michio,Heuser,857,189-1898,CARLISLE,MA,1741,S,Y,76500,5.3,3575,1000
Slim,Mittelstras,401,194-1291,NORTH PROVIDENCE,RI,2911,S,N,6000,0.0,0,0
Pietro,Pena,701,122-2084,GRAFTON,ND,58237,S,Y,77000,2.6483133,3300,3300
Haruna,Osmon,802,122-1813,SHELDON,VT,5483,M,N,77000,4.5370765,0,0
Gennadi,Uthaisombut,301,168-1270,MILLERSVILLE,MD,21108,S,Y,11500,4.75,2400,2400
Miron,Bellosta,202,168-1016,WASHINGTON,DC,20005,S,Y,99000,9.0,1370,1370
Kitty,Mooney,904,175-1440,NEW PORT RICHEY,FL,34656,M,N,37500,0.0,0,0
Kotagiri,Yingchun,309,173-1031,PEORIA,IL,61650,M,Y,87500,3.0,0,2000
Ambros,Schmerr,701,174-1968,PORTAL,ND,58772,M,Y,72500,2.5961483,0,3300
Flemming,Vanderstoep,206,138-1305,METALINE,WA,99152,S,N,92500,0.0,0,0
Shyhtsun,Scharf,803,148-1106,BLYTHEWOOD,SC,29016,S,N,46500,7.0,3300,0
Jayne,Hutter,860,162-2008,NEW HAVEN-typoHARTMAN,WV,6505,S,N,12000,5.0,12750,0
Saydean,Cotronis,409,103-2036,MAPLE,TX,79344,M,Y,82000,0.0,0,0
Qingming,Abraham,302,184-1870,WILMINGTON,DE,19889,S,Y,45500,4.961364,110,110
Ashid,Sheridan,702,138-1628,LAS VEGAS,NV,89108,M,Y,94500,0.0,0,0
Phoebe,Ahrenberg,720,194-1352,DENVER,CO,80226,M,N,36000,4.63,0,0
Yahiko,Cheeseman,865,162-1724,SEQUATCHIE,TN,37374,S,Y,90500,0.0,0,0
Kimming,Lavalette,808,131-1456,KAAAWA,HI,96730,S,Y,25500,5.636184,1040,1040
Shaoyun,Alberga,432,112-1622,SHIRO,TX,77876,S,N,28500,0.0,0,0
Arnaud,Osteen,616,112-1771,BLANCHARD,MI,49310,S,N,9500,3.9,3100,0
Malik,Kubela,443,199-1929,PRINCESS ANNE,MD,21853,S,N,93500,4.75,2400,0
Motokazu,Juste,803,152-1334,CHARLESTON,SC,29406,S,Y,54500,7.0,3300,3300
Tengku,Lehot,641,192-1718,NEW HARTFORD,IA,50660,S,Y,63500,8.98,40,40
Beth,Korein,352,185-1759,WOODVILLE,FL,32362,S,Y,79500,0.0,0,0
Dhruva,Ahrenberg,401,167-1751,WARWICK,RI,2886,S,Y,71500,0.0,0,0
Eunsook,Rist,213,141-1329,SAN JOSE,CA,95111,S,N,50500,9.3,87,0
Wim,Schamp,646,170-1009,BURLINGHAM,NY,12722,M,N,21000,4.075305,0,0
Alaa,Delgano,808,146-1462,KUNIA,HI,96759,S,N,27500,5.996711,1040,0
Ron,Flann,216,198-1627,LUCASVILLE,OH,45699,S,Y,81000,3.2348104,1300,1300
Kanad,Sudbeck,302,138-1909,HARRINGTON,DE,19952,S,Y,88000,5.95,110,110
Thaddeus,Kamber,417,103-1876,HOLLISTER,MO,65673,S,N,42000,6.0,2100,0
Terri,Cuatto,702,138-1211,LAS VEGAS,NV,89178,S,N,9000,0.0,0,0
Quang,Halpin,505,112-1900,VILLANUEVA,NM,87583,M,N,75000,5.3,0,0
Tomi,Baz,651,174-1794,CLARA CITY,MN,56222,M,Y,3000,5.35,0,3300
Yanling,Tabor,479,145-1474,DE WITT,AR,72042,M,N,40000,7.0,0,0
Agata,Nitzan,503,143-1203,PILOT ROCK,OR,97868,S,N,23500,9.0,159,0
Derwent,Boujemaa,401,122-1430,HOPE VALLEY,RI,2832,S,N,18000,0.0,0,0
Jar,Panyam,828,155-1205,BEAUFORT,NC,28516,M,Y,42000,6.6136365,0,3300
Veikko,Tanida,505,144-1462,YATAHEY,NM,87375,M,Y,73000,5.3,0,3300
Rhonda,Surya,505,198-1513,SANTA TERESA,NM,88008,M,Y,11000,3.5857143,0,3300
Fraser,Fritts,208,130-1320,FERDINAND,ID,83526,M,N,23000,7.8,0,0
Gudjon,Mumper,435,169-1026,TOQUERVILLE,UT,84774,S,Y,98000,7.0,2475,2475
Kee,Kafeza,843,124-1496,GREER,SC,29652,M,N,28000,7.0,0,0
Arunachalam,Brook,972,150-1983,EL PASO,TX,79935,S,N,67500,0.0,0,0
Teru,Weigand,435,150-2009,OGDEN,UT,84403,M,N,77500,7.0,0,0
Sumedh,Hongyuan,980,159-1584,MONTREAT-typoBEACON FALLS,NC-typoCT,28757,S,Y,30000,6.361888,3300,3300
Melinda,Lauck,269,187-2065,CASS CITY,MI,48726,S,Y,21500,3.9,3100,3100
Ferucio,Copas,318,117-1965,LONGSTREET,LA,71050,S,N,99500,6.0,4500,0
Fatos,Marriott,702,106-1682,HENDERSON,NV,89074,S,Y,30500,0.0,0,0
Alyson,Beh,518,169-1902,ROCKVILLE CENTRE,NY,11571,S,Y,74000,4.382317,0,1000
Floriana,Bitner,435,139-1383,HONEYVILLE,UT,84314,S,Y,42500,7.0,2475,2475
Sibabrata,Waldschmidt,303,129-1199,COLORADO SPRINGS,CO,80925,S,N,8000,4.63,0,0
Takashige,Ledin,315,149-1504,PENFIELD,NY,14526,M,Y,12500,4.0260673,0,1000
Sovanna,Brabec,307,143-1597,WAMSUTTER,WY,82336,S,N,71000,0.0,0,0
Enrico,Greitane,808,127-1006,HONOLULU,HI,96847,S,Y,90500,8.25,1040,1040
Elod,Kreische,623,163-1060,CASHION,AZ,85329,M,N,85500,4.04025,0,0
Hitofumi,Ventosa,763,136-1989,NIELSVILLE,MN,56568,M,Y,57000,7.2971716,0,3300
Resve,Lebah,302,145-1526,PORT PENN-typoHARTMAN,IA,19731,S,N,99500,5.95,110,0
Lyle,Samaria,609,194-1307,RED BANK,NJ,7709,M,N,35500,1.6444479,0,0
Masasuke,Neuwirth,443,101-2022,FORT WASHINGTON,MD,20749,M,N,5500,4.75,0,0
Fumitaka,Halewood,775,160-1889,RENO,NV,89506,M,Y,2000,0.0,0,0
Jaedong,Watson,571,198-1644,LYNCHBURG,VA,24501,M,N,78000,5.75,0,0
Kwangho,Lindgren,662,120-1912,GATTMAN,MS,38844,M,Y,4500,3.0,0,1500
Slobodan,Durre,208,126-1256,COUNCIL,ID,83612,M,Y,10500,4.251628,0,3300
Chang,Lagarias,262,136-1213,PEARSON,WI,54462,M,N,73500,5.7234764,0,0
Rajit,Womble,401,169-1757,LINCOLN,RI,2865,M,Y,48000,0.0,0,0
Patsy,Ezeife,720,192-1171,ELIZABETH,CO,80107,S,Y,2500,4.63,0,0
Amelie,Kleiser,971,177-1165,EAGLE CREEK,OR,97022,S,N,62500,9.0,159,0
Dana,Gnutzmann,302,109-1520,YORKLYN,DE,19736,M,N,21000,3.290909,0,0
Tamer,Kuchenhoff,573,130-1947,SAINT LOUIS,MO,63197,S,N,3500,2.90625,2100,0
Amr,Gupte,858,148-1292,IRVINE,CA,92616,S,N,94000,9.3,87,0
Truong,Sirmakessis,727,176-1323,ALVA,FL,33920,M,N,17000,0.0,0,0
Honghui,Sakkinen,360,165-1798,VANCOUVER,WA,98665,M,Y,23000,0.0,0,0
Francesc,Taft,425,139-1294,KENT,WA,98032,S,N,12000,0.0,0,0
Jerome,Zisman,775,134-1847,LAS VEGAS,NV,89128,S,Y,94500,0.0,0,0
Mosfeq,Binding,804,165-2063,CARRSVILLE,VA,23315,M,Y,72000,5.75,0,900
Yvan,Przulj,228,168-1121,GRENADA,MS,38902,S,Y,31000,5.0,6000,1500
Edson,Sandin,831,111-1860,CAMP MEEKER,CA,95419,M,N,10500,1.9870386,0,0
Mansooreh,Bel,419,110-1223,RACINE,OH,45771,M,Y,44500,2.0231977,0,1300
Danil,Qaraeen,541,164-2001,GRESHAM-typoHARTMAN,OR-typoWV,97030,S,N,54500,9.0,159,0
Sukhmay,Reggia,414,138-1313,NORTH FORT MYERS,IA,53502,M,N,73500,5.7234764,0,0
Weihai,Buitenhuis,701,154-1254,ENDERLIN,ND,58027,S,N,87500,2.770032,3300,0
Dusan,Wagle,901,174-1259,HENDERSON,TN,38340,M,Y,54000,0.0,0,0
Ludmila,Colnari,402,186-1077,ELSIE,NE,69134,S,N,32500,6.84,103,0
Peretz,Boudaillier,580,125-1898,OKLAHOMA CITY,OK,73199,S,N,95500,6.25,1000,0
Toralf,Tadokoro,785,199-1646,DERBY,KS,67037,M,Y,66500,6.45,0,2250
Teruhiro,Kosanke,907,108-1803,LA VETA,AK-typoWV,99672,S,Y,500,0.0,0,0
Kirk,Stavi,740,176-1275,ROSEVILLE,OH,43777,S,Y,14500,1.0273513,1300,1300
Madhukar,Gahlot,727,151-2027,MID FLORIDA,FL,32745,S,N,15000,0.0,0,0
Guoxiang,Pino,724,106-1563,BRADFORDWOODS,PA,15015,S,N,41000,3.07,0,0
Kow,Tannen,414,179-1657,ARPIN,WI,54410,M,N,40000,5.1414094,0,0
Chams,Gershkovich,256,112-1362,TANNER,AL,35671,M,Y,88500,5.0,0,300
Amrit,Kwiatkowski,317,118-1024,BRISTOL,IN,46507,S,Y,71000,3.4,1000,1000
Lishin,Plaxton,440,173-2000,SULPHUR SPRINGS-typoALMONT,NV,44881,M,N,31500,1.5916642,0,0
Lindmila,Goswami,719,199-1149,DENVER,CO,80244,S,N,46500,4.63,0,0
Ceriel,Olkin,351,138-1710,WALTHAM,MA,2451,S,N,88500,5.3,3575,0
Wilm,Noah,701,111-1802,AYR,ND,58007,S,Y,98000,2.8917506,3300,3300
Yingnan,Amsterdam,808,137-1691,KAPAAU,HI,96755,M,N,22500,5.095395,0,0
Amarnath,Bergeron,603,196-1505,WOODSVILLE,NH,3785,M,Y,43000,0.0,0,0
Nicolaos,Botsch,414,167-1197,MADISON,WI,53785,M,Y,64000,5.5584126,0,400
Younghwan,Konomi,228,164-1853,PORTERVILLE,MS,39352,M,N,71500,5.0,0,0
Guangye,Reus,802,137-1371,MONTPELIER-typoMADISON LAKE,WV,5602,M,Y,7000,3.6,0,3300
Motoyuki,Schrott,337,144-1712,TANGIPAHOA,LA,70465,M,Y,57500,6.0,0,1000
Venu,Dijkstra,504,121-1274,LA VETA,WV,70747,M,Y,60000,6.0,0,1000
Maja,Hirzer,307,143-2057,RIVERTON,WY,82501,S,N,42000,0.0,0,0
Detlev,Mints,509,158-1893,VERADALE,WA,99037,S,Y,42500,0.0,0,0
Keiko,Sippu,939,141-1304,SAN JUAN-typoALMONT,PR-typoCT,901,S,Y,92500,0.0,0,0
Kazutaka,Zimmermann,971,115-1801,SPRAGUE RIVER,OR,97639,S,Y,37500,9.0,159,159
Abdelhakim,Feierbach,505,114-1569,LOS LUNAS,NM,87031,M,N,38500,5.3,0,0
Lokesh,Hertweck,701,173-1629,REGAN,ND,58477,M,N,48000,2.312138,0,0
King,Gwertzman,702,104-1497,MESQUITE,NV,89034,M,N,76500,0.0,0,0
Kiyomitsu,Spicer,405,199-1514,POCOLA,OK,74902,S,Y,4000,2.4166667,1000,1000
Margareta,Skafidas,304,196-1333,ELLAMORE,WV,26267,S,Y,92000,6.5,2000,2000
Joelle,Deco,859,183-1698,BEECHMONT,KY,42323,M,N,49000,4.5555553,0,0
Franklin,Apostopopoulos,402,181-1696,WHITECLAY,NE,69365,S,Y,28000,6.84,103,103
Klara,Rispoli,540,129-1029,REVA,VA,22735,S,N,77000,5.75,900,0
Theodoulos,Stauduhar,505,186-1795,CANNON AFB,NM,88103,S,Y,72500,5.3,3300,3300
Masooma,Standing,402,183-2066,WAYNE,NE,68787,S,N,39000,6.84,103,0
Anyuan,Rene,787,159-1648,PENUELAS,PR,624,M,Y,94000,0.0,0,0
Diran,Veronese,316,159-1628,MARYSVILLE,KS,66508,S,N,92000,6.45,2250,0
Hiroya,Bry,928,133-1710,TOMBSTONE,AZ,85638,M,Y,41000,3.3504999,0,2300
Kristinn,Giani,580,123-1302,CONNERVILLE,OK,74836,S,N,64000,6.25,1000,0
Pao,Grad,515,126-2058,KAMRAR,IA,50132,M,Y,21500,3.4832196,0,40
Yoshimoto,Bouaziz,401,130-1106,LA VETA,GA,2885,M,N,48000,0.0,0,0
Gavan,Sugiura,786,175-1672,JACKSONVILLE,FL,32277,M,N,75500,0.0,0,0
Shish,Lundstrom,202,196-2010,WASHINGTON,DC,20319,M,N,54000,9.0,0,0
Melissa,Tartalja,769,158-1384,PULASKI,MS,39152,M,Y,11000,5.0,0,1500
Hamideh,Araki,617,138-1950,CHICOPEE,MA,1020,S,Y,17500,5.3,3575,1000
Madhukar,Paritong,719,150-1528,VAIL,CO,81657,S,Y,72500,4.63,0,0
Ady,Neiman,985,115-1640,LAKE CHARLES,LA,70609,S,Y,34000,6.0,4500,1000
Aaron,Huckenbeck,256,185-1462,CLAYTON-typoALMONT,AL-typoIA,36016,M,Y,24500,5.0,0,300
Sukesh,Andrade,801,163-1497,OGDEN,UT,84401,S,Y,15000,7.0,2475,2475
Goos,Hempstead,802,142-2033,WEST FAIRLEE,VT,5083,M,N,51500,4.029742,0,0
Udai,Kolaitis,202,141-1732,WASHINGTON,DC,20038,S,N,85500,9.0,1370,0
Sungdo,Torasso,480,196-1872,MANY FARMS,AZ,86538,M,Y,85000,4.0325,0,2300
Gerie,Decuyper,757,148-1088,BIG ISLAND,VA,24526,S,Y,26500,5.75,900,900
Zeger,Gradek,605,164-1266,VALE,SD,57788,M,N,5000,0.0,0,0
Yashodara,Demiroz,785,100-1216,JETMORE,KS,67854,M,Y,29500,6.3516665,0,2250
Kohkichi,Rofougaran,307,156-2016,ROCK SPRINGS,WY,82901,S,Y,59000,0.0,0,0
Rajashekar,Tishby,918,185-1786,OKLAHOMA CITY,OK,73105,M,N,2500,1.4583334,0,0
Salvador,Aalborg,864,168-1851,FLORENCE,SC,29502,S,N,40000,7.0,3300,0
Linus,Loyola,501,119-1279,HICKORY RIDGE,AR,72347,M,N,8000,2.0997968,0,0
Hidetosi,Lueth,787,175-1143,MAYAGUEZ,PR,680,S,N,19500,0.0,0,0
Poornachandra,Cannan,864,139-1626,LA VETA,WV,29650,S,N,86500,7.0,3300,0
Natasha,Kroll,731,110-1619,SEVIERVILLE,TN,37862,S,N,35000,0.0,0,0
Bev,Renshaw,509,119-1467,EVERETT,WA,98213,M,Y,88500,0.0,0,0
Guntis,Terwijn,225,152-1528,NEW ORLEANS,LA,70148,S,Y,2000,2.0,4500,1000
Nayeem,Laevens,580,181-1898,DAVIS,OK,73030,S,N,89500,6.25,1000,0
Yunqi,Reboh,608,143-1238,MILWAUKEE,WI,53205,S,Y,31500,4.9937205,700,400
Wai,Philippow,252,188-1913,FAYETTEVILLE,NC,28301,M,Y,41500,6.603147,0,3300
Willm,Rahier,812,188-1903,MORGANTOWN-typoMADISON LAKE,NV,46160,M,Y,33000,3.4,0,1000
Orkut,Kane,206,179-1345,STRATFORD,WA,98853,S,N,8500,0.0,0,0
Thant,Court,774,100-1104,REVERE,MA,2151,M,N,55500,5.3,0,0
Kerhong,Dredge,504,167-1596,ALMONT,LA-typoGA,70835,M,Y,27500,6.0,0,1000
Oksana,Fulcher,302,144-1588,WILMINGTON,DE,19805,M,Y,70000,5.95,0,110
Amihood,Sajaniemi,208,183-1054,POLLOCK,ID,83547,S,Y,57500,7.8,3300,3300
Nejib,Lipner,910,183-1909,PINETOWN,NC,27865,S,N,29500,6.3513985,3300,0
Siwoo,Altshuler,939,135-2073,RINCON,PR,677,M,N,64500,0.0,0,0
Guntram,Hookway,252,198-1940,WINSTON SALEM,NC,27103,M,Y,31500,6.393357,0,3300
Fakher,Leitner,952,195-2080,LORETTO,MN,55596,S,Y,63000,7.6173425,3300,3300
Shikharesh,Tartalja,302,197-1287,WILMINGTON,DE,19803,S,Y,64500,5.95,110,110
Ashih,Bartschi,567,106-1370,HIRAM,OH,44234,M,Y,71500,2.9194589,0,1300
Hidetosi,Vinson,808,128-2034,KEALAKEKUA,HI,96750,S,N,97500,8.25,1040,0
Jinsoo,Manago,816,118-1573,PILOT KNOB,MO,63663,M,Y,74500,6.0,0,1200
Gardiner,Jurik,307,196-1917,ALMONT,NV,82215,S,Y,99000,0.0,0,0
Fairouz,Polt,928,152-1108,KINGMAN,AZ,86409,S,N,52500,3.52875,2100,0
Qinsi,Wish,520,176-2050,RED ROCK,AZ,85245,M,Y,27000,3.1334999,0,2300
Stefen,Dan,769,197-2005,WAYNESBORO,MS,39367,S,Y,50000,5.0,6000,1500
Jarmo,Waeselynck,606,163-2029,LOUISVILLE,KY,40272,M,Y,69000,5.666667,0,20
Marian,Ruemmler,701,151-2068,BURLINGTON,ND,58722,M,Y,52000,2.3585072,0,3300
Detmar,Dorchak,304,152-1261,FISHER,WV,26818,M,Y,29000,4.33,0,2000
Mandell,Yijun,952,186-1999,BUHL,MN,55713,S,Y,26500,5.669637,3300,3300
Karel,Poltrock,205,110-1803,FORT PAYNE,AL,35967,M,Y,91000,5.0,0,300
Jakaob,Dworak,814,126-2089,TREICHLERS,PA,18086,M,Y,65000,3.07,0,0
Geng,Schatz,302,177-1027,WILMINGTON,DE,19895,M,N,9500,2.5068183,0,0
Perla,Hanratty,757,133-1142,VIENNA,VA,22181,M,N,49500,5.75,0,0
Ramachandran,Quinet,757,168-1235,ALEXANDRIA,VA,22304,M,Y,47500,5.75,0,900
Becky,Murrill,801,106-1395,ORDERVILLE,UT,84758,S,Y,93000,7.0,2475,2475
Shaogang,Schormann,915,195-2003,LUBBOCK,TX,79410,M,N,53500,0.0,0,0
Eckehard,Coatta,504,192-1438,SLAUGHTER,LA,70777,S,Y,23500,5.52,4500,1000
Yaoqing,Bau,515,153-1027,EARLY,IA,50535,S,Y,40500,6.4164004,40,40
Izzet,Egg,410,103-1078,TAYLORS ISLAND,MD,21669,M,N,84000,4.75,0,0
Najmi,Lowen,203,176-1748,NEW HAVEN,CT,6504,M,Y,9000,3.0,0,0
Sarmad,Treleaven,208,128-2074,CALDWELL,ID,83606,S,N,77000,7.8,3300,0
Lowell,Amandi,603,183-1637,GREENFIELD,NH,3047,M,Y,76500,0.0,0,0
Altug,Ledru,402,199-1943,BYRON,NE,68325,M,N,35500,6.84,0,0
Parto,Vieth,919,131-1303,PILOT MOUNTAIN-typoLA VETA,NC-typoNV,27041,M,Y,81500,7.4423075,0,3300
Manikya,Niemeier,430,141-1800,MC LEOD,TX,75565,M,Y,74000,0.0,0,0
Greger,Tata,505,168-1700,SAN YSIDRO-typoMADISON LAKE,NM-typoWV,87053,M,Y,93500,5.3,0,3300
Thane,Klette,304,133-1535,CAROLINA,WV,26563,S,Y,52500,5.9750004,2000,2000
Paklin,Nishizaki,508,140-1689,NORFOLK,MA,2056,M,Y,35500,5.3,0,1000
Jochem,Comparetto,740,108-2062,TOLEDO,OH,43661,S,N,11000,0.91116923,1300,0
Ramya,Gove,978,116-1367,GREENFIELD,MA,1301,S,N,37000,5.3,3575,0
Giovanni,Arentze,907,190-2050,ALEKNAGIK,AK,99555,M,N,78500,0.0,0,0
Fumiya,Siefkes,623,138-1279,PHOENIX,AZ,85041,S,N,93000,4.1565,2100,0
Claudius,Sudmann,843,159-1209,COOSAWHATCHIE,SC,29912,M,N,500,2.5,0,0
Zhaokeng,Lazensky,901,147-1043,HAMPSHIRE,TN,38461,S,Y,80000,0.0,0,0
Zhibiao,Soundararajan,870,117-1592,PYATT,AR,72672,S,N,65000,7.0,20,0
Robbert,Aparicio,952,131-2020,BOYD,MN,56218,S,N,42500,6.5234256,3300,0
Xindong,Martindale,801,132-1150,MARYSVALE,UT,84750,M,Y,27500,7.0,0,2475
Soong,Hodil,505,196-1390,COUNSELOR,NM,87018,M,Y,58000,5.3,0,3300
Nienke,Chandrasekhar,702,134-2096,FALLON,NV,89496,M,Y,51500,0.0,0,0
Tsong,Lagnier,858,138-1115,PARADISE,CA,95969,M,Y,50000,9.3,0,272
Ratko,Scherz,808,127-1835,PAPAIKOU-typoALMONT,HI-typoNV,96781,M,N,48500,8.25,0,0
Olli,Laventhal,203,105-1456,WEST HAVEN,CT,6516,M,N,59000,5.0,0,0
Fermin,Khanna,262,177-1977,WITTENBERG,WI,54499,M,Y,34000,5.0371585,0,400
Mizuho,Roure,321,152-1552,MIAMI,FL,33131,S,Y,26000,0.0,0,0
Teruya,Koutnik,314,174-1895,KANSAS CITY,MO,64184,M,Y,66500,6.0,0,1200
Shigetomo,Kouloumdjian,858,160-1207,SIERRA MADRE,CA,91025,M,N,43000,9.3,0,0
Qiwen,Goldweic,702,121-1109,HARTMAN,MI,89419,S,Y,89500,0.0,0,0
Suvo,Erdi,541,160-1619,MOUNT ANGEL,OR,97362,S,N,71500,9.0,159,0
Juro,Kruys,425,111-1044,SEATTLE,WA,98115,M,Y,92000,0.0,0,0
Rayadurgam,Backstrom,832,153-1184,DALLAS-typoLA VETA,TX-typoGA,75218,M,N,11500,0.0,0,0
Byungki,Boufaida,501,192-1075,KIRBY,AR,71950,M,Y,65500,7.0,0,20
Ramasamy,Ahrweiler,636,173-1030,EWING,MO,63440,S,N,81000,6.0,2100,0
Hisham,Strivastav,302,158-1481,WILMINGTON,DE,19850,S,N,12000,2.6772728,110,0
Chaoying,Daul,530,156-1580,LA VETA,CA-typoCT,92562,M,N,5000,1.0,0,0
Osnat,Hadad,304,126-1333,BEECH BOTTOM,WV,26030,M,Y,85500,6.5,0,2000
Gada,Lubachevsky,303,130-1030,WOODLAND PARK,CO,80866,M,Y,68500,4.63,0,0
Zeynep,Dodenhoft,701,137-1124,ESMOND,ND,58332,S,N,23500,2.1,3300,0
Ymte,Sewry,518,146-1938,RUSHVILLE,NY,14544,S,N,53500,4.263567,0,0
Appie,Thorelli,425,166-1541,FRUITLAND,WA,99129,M,Y,46000,0.0,0,0
Bezalel,Auton,907,142-1527,EIELSON AFB,AK,99702,M,N,1500,0.0,0,0
Yasuichi,Fleck,435,109-1544,LYMAN,UT,84749,S,Y,80000,7.0,2475,2475
Yuxi,Kaul,785,175-1725,MC CRACKEN,KS,67556,S,Y,9500,3.5,2250,2250
Weiwu,Scheffler,980,181-1907,BEACON FALLS,NV,27935,M,Y,94500,7.715035,0,3300
Kilnam,Simkin,251,150-1419,LOCUST FORK,AL,35097,M,Y,3500,5.0,0,300
Aleksandar,Yasunaga,801,164-1620,HURRICANE,UT,84737,M,N,82000,7.0,0,0
Shinobu,Mekaouche,850,177-1598,PALM BAY,FL,32907,S,N,55500,0.0,0,0
Avaneendra,Soinard,580,158-1663,CALERA,OK,74730,S,Y,3500,2.0972223,1000,1000
Wenxue,Whitener,859,171-1660,COXS CREEK,KY,40013,S,Y,49000,4.5555553,20,20
Sivaprakasam,Prodrodmidis,302,187-1654,NEW CASTLE,DE,19720,S,Y,24000,3.4954545,110,110
Jai,Varker,307,178-1103,HAWK SPRINGS,WY,82217,S,N,25500,0.0,0,0
Jair,Sobalvarro,651,129-1549,MINNEAPOLIS,MN,55433,M,Y,99500,7.85,0,3300
Lise,D'Ambra,302,178-1234,NEWARK,DE,19725,S,N,15000,2.8818183,110,0
Allen,Wahbe,321,171-2069,SAFETY HARBOR,FL,34695,M,Y,53500,0.0,0,0
Masahide,Bracher,701,114-1366,ANETA,ND,58212,S,Y,22000,2.1,3300,3300
Yunfei,Broeg,727,173-1477,FORT MYERS,FL,33994,S,Y,57500,0.0,0,0
Lyudmil,Beecroft,302,127-1357,WILMINGTON,DE,19802,S,Y,49500,5.234091,110,110
Hanho,Stolovitch,505,121-1302,BRIMHALL,NM,87310,M,N,50000,5.3,0,0
Moira,Corso,618,174-2044,FORSYTH,IL,62535,S,Y,37500,3.0,2000,2000
Analia,Krablin,970,100-2004,MC COY,CO,80463,M,N,19500,4.63,0,0
Marlis,Hobgood,907,142-1525,JUNEAU,AK,99812,M,Y,65000,0.0,0,0
Luc,Erbach,860,175-1458,LA VETA,CT-typoGA,6508,S,N,44000,5.0,12750,0
Timbur,Wagle,304,198-1730,ALMONT,IA,26750,M,Y,86500,6.5,0,2000
Baoling,Shalini,304,131-1249,SOD,WV,25564,M,N,33500,4.645,0,0
LiMin,Nwachukwu,907,120-1620,SEWARD,AK,99664,S,Y,65500,0.0,0,0
Yugo,Brockman,314,199-1895,ARROW ROCK,MO,65320,S,Y,86500,6.0,2100,1200
Luai,Taniar,205,136-1140,VREDENBURGH-typoLA VETA,IA,36481,M,Y,14000,5.0,0,300
Hirendu,Haldar,773,162-1192,LA VETA,IL-typoGA,62243,M,Y,71500,3.0,0,2000
Giacinto,Delcourt,808,180-1524,HONOLULU,HI,96811,S,N,90000,8.25,1040,0
Adrienne,Standera,828,193-1191,BELEWS CREEK,NC,27009,M,N,10000,6.0,0,0
Najmi,Purdin,516,100-2013,HAVERSTRAW,NY,10927,M,N,16000,4.0463414,0,0
Vatsa,Aghbari,914,162-1530,VALLEY COTTAGE,NY,10989,M,N,75500,4.391006,0,0
Shaoyu,Beal,580,154-1339,COPAN,OK,74022,M,Y,14500,6.25,0,1000
Diego,Mints,787,154-1037,FORT BUCHANAN,PR,934,M,Y,42000,0.0,0,0
Darlene,Constantine,563,157-2077,IRETON,IA,51027,M,Y,12500,2.0938184,0,40
Catarina,Udding,414,140-1337,CONRATH,WI,54731,S,Y,21500,4.819969,700,400
Zohra,Truffet,484,175-1864,YORK,PA,17404,M,N,28000,3.07,0,0
Subhasis,Urponen,605,126-1835,HERRICK,SD,57538,S,Y,91000,0.0,0,0
Yin,Wuthrich,501,191-1931,DELL,AR,72426,M,N,15500,3.892554,0,0
M'Lissa,Barnholdt,912,185-1232,DARIEN,GA,31305,S,N,90500,6.0,2700,0
Yvonne,Gerbes,315,153-1648,PISECO,NY,12139,M,Y,81000,4.422866,0,1000
Ananlada,Taft,541,150-1380,PORTLAND,OR,97259,M,N,2000,5.0,0,0
Camil,Coven,215,144-1206,CLINTON,PA,15026,S,N,98000,3.07,0,0
Immo,Potharst,985,146-1505,MER ROUGE,LA,71261,M,Y,40000,6.0,0,1000
Ivy,Chilenski,803,158-1622,GREER,SC,29652,S,N,67500,7.0,3300,0
Lila,Stille,651,140-1974,NICOLLET,MN,56074,S,Y,7000,5.35,3300,3300
Perwez,Leijenhorst,334,109-2058,ABERNANT,AL,35440,M,Y,90000,5.0,0,300
Aiguo,Backer,219,182-1900,GREENWOOD,IN,46143,S,N,66000,3.4,1000,0
Duanning,Weicker,308,125-1766,OSMOND,NE,68765,M,N,17000,5.1528635,0,0
Gopalakrishnan,Gruenwald,917,117-1946,COLLINS CENTER,NY,14035,S,N,87500,4.4605184,0,0
Etienne,Pulkowski,253,121-1536,CONWAY,WA,98238,M,N,80000,0.0,0,0
Seshashayee,Berglas,319,131-1577,WATERVILLE,IA,52170,S,Y,50500,7.9601793,40,40
Yik,Staab,603,109-2036,EAST CANDIA,NH,3040,M,N,75000,0.0,0,0
Levan,Decaestecker,319,141-2047,ELMA,IA,50628,S,Y,27500,4.4094872,40,40
Ingram,Drake,228,168-1976,PASCAGOULA,MS,39568,M,Y,70500,5.0,0,1500
Lem,Rothwell,843,117-1237,BOWLING GREEN,SC,29703,S,N,22500,7.0,3300,0
Brett,Manderick,405,177-1336,FARGO,OK,73840,S,Y,27500,6.25,1000,1000
Guangye,Lubin,787,169-1139,GUAYNABO,PR,968,M,N,55000,0.0,0,0
Marijke,Laurillard,765,150-1642,HARTMAN,IA,46902,S,N,51000,3.4,1000,0
Wakunaga,Abbas,302,124-1273,MARYDEL,DE,19964,M,Y,82000,5.95,0,110
Martin,Stiefeling,810,149-1405,BLOOMFIELD HILLS,MI,48304,S,N,45500,3.9,3100,0
Manhoi,Bridgland,916,158-1718,CEDARVILLE,CA,96104,S,N,42000,9.3,87,0
Guna,Veldes,318,166-1719,SHREVEPORT,LA,71119,S,N,76500,6.0,4500,0
Kamalakar,Vrancken,413,140-1777,GOSHEN,MA,1032,M,N,21500,5.3,0,0
Yibei,Leela,907,179-1889,MC GRATH,AK,99627,S,N,46500,0.0,0,0
Hansruedi,Wixon,802,127-1068,EDEN MILLS,VT,5653,S,Y,40500,3.8108919,3300,3300
Abderrazak,Csuros,919,121-1831,WINSTON SALEM,NC,27150,S,N,10500,6.0,3300,0
Muguel,Murtaugh,860,119-2019,NORWALK,CT,6852,M,N,33500,5.0,0,0
Munehiko,Llado,302,185-1026,TOWNSEND,DE,19734,M,Y,4000,2.2,0,110
Neven,Boulier,619,126-1945,MARTINEZ,CA,94553,S,N,97000,9.3,87,0
Piyu,Volzer,605,113-1863,HERREID,SD,57632,M,N,61500,0.0,0,0
Zohar,Durst,913,175-1538,DIGHTON,KS,67839,S,N,66500,6.45,2250,0
Damian,Soinard,703,108-1028,RUTHER GLEN,VA,22546,M,Y,48500,5.75,0,900
Kiyohito,Anquetil,864,118-1942,GILBERT,SC,29054,M,N,18000,7.0,0,0
Chaitali,Wolfrum,864,187-1864,SPARTANBURG,SC,29307,M,Y,18500,7.0,0,3300
Wil,Hoogerwoord,803,129-1272,DARLINGTON,SC,29540,S,Y,10000,5.752432,3300,3300
Forest,Wenger,727,160-1370,ZEPHYRHILLS,FL,33541,S,Y,65000,0.0,0,0
Vittal,McQuire,435,125-1943,CANNONVILLE,UT,84718,M,Y,92500,7.0,0,2475
Sreenath,Cai,203,153-2029,MASHANTUCKET-typoNORTH FORT MYERS,GA,6338,S,N,40500,5.0,12750,0
Vagelio,Geidmanis,715,153-1181,EVANSVILLE,WI,53536,S,Y,26000,4.898157,700,400
Adam,Gessel,865,178-1332,MURFREESBORO,TN,37130,M,N,49500,0.0,0,0
Ajay,Lange,859,188-1743,LOUISVILLE,KY,40222,M,Y,13500,2.5833333,0,20
Stacy,Camps,205,102-1539,BIRMINGHAM,AL,35242,S,N,67000,5.0,1500,0
Przemyslaw,Tolle,952,191-1546,OGEMA-typoBEACON FALLS,GA,56569,S,Y,65000,7.724066,3300,3300
Branson,Weedman,802,106-1556,WHITE RIVER JUNCTION,VT,5009,M,Y,73500,4.467442,0,3300
InduShobha,McMorris,612,166-1058,ADA,MN,56510,M,N,70000,7.85,0,0
Zhihui,Kuiper,609,133-1792,TOMS RIVER-typoMADISON LAKE,IA,8757,S,Y,19000,1.4,1000,1500
Gediminas,Wallrath,302,138-2057,WILMINGTON,DE,19809,M,N,70000,5.95,0,0
Britta,Troyer,202,114-1099,WASHINGTON,DC,20417,M,Y,5500,4.5,0,1370
Taewoong,Bergler,870,112-2029,PYATT,AR,72672,M,N,1000,1.0,0,0
Durga,Balsters,404,163-1044,PATTERSON,GA,31557,S,N,86000,6.0,2700,0
Mor,Orlowska,912,140-2042,JEFFERSONVILLE,GA,31044,M,N,15500,6.0,0,0
Arbee,Heydari,641,183-1845,NEW LONDON,IA,52645,S,N,500,0.36,40,0
Dionisios,Braberman,435,120-2028,ELBERTA,UT,84626,M,Y,3000,5.211275,0,2475
Tohgoroh,Pink,907,146-1381,MC GRATH,AK,99627,M,Y,1000,0.0,0,0
Rosmarie,Lachiche,947,118-1162,GRAND RAPIDS,MI,49555,S,N,28500,3.9,3100,0
Kornel,Laitinen,605,157-2040,BEACON FALLS,NV,57787,S,N,18000,0.0,0,0
Huapeng,Taghva,308,174-1714,KENNARD,NE,68034,S,N,74500,6.84,103,0
Mustapha,Harrang,386,134-1713,TAMPA,FL,33605,S,Y,57500,0.0,0,0
Tayloe,Rodham,234,141-1276,GREENFIELD,OH,45123,M,N,16500,1.093741,0,0
Bella,Galiana,808,166-1192,HONOLULU,HI,96823,M,Y,82500,8.25,0,1040
Bassem,Breugel,848,144-1719,MORRIS PLAINS,NJ,7950,S,N,59500,2.0229478,1000,0
Yasemin,Surjaatmadja,702,171-1071,LAS VEGAS,NV,89136,S,N,28500,0.0,0,0
Itaru,Huxford,602,163-1971,DEWEY,AZ,86327,S,Y,39000,3.3195,2100,2300
Diana,Guck,304,111-1664,CHARLESTON,WV,25326,S,Y,99500,6.5,2000,2000
Severin,Frisberg,435,199-1253,KAYSVILLE,UT,84037,M,N,53000,7.0,0,0
Aniello,Alves,479,151-1210,NASHVILLE-typoMADISON LAKE,AR-typoGA,71852,M,N,62500,7.0,0,0
Jerker,Solworth,224,130-1868,CHICAGO,IL,60693,M,Y,93000,3.0,0,2000
Houssine,Bolsens,848,154-1483,MARLTON,NJ,8053,S,Y,40500,1.7233021,1000,1500
Gurushankar,Mittasch,216,179-1818,MIDVALE,OH,44653,S,N,47500,2.1227822,1300,0
Boping,Longobardi,307,104-2016,BEDFORD,WY,83112,S,N,45000,0.0,0,0
Tihomir,Bruel,541,169-1231,ROCKAWAY BEACH,OR,97136,S,Y,70000,9.0,159,159
Faramak,Johnston,218,183-1407,GOODHUE,MN,55027,M,Y,66000,7.7774277,0,3300
Kishore,Bast,609,190-1657,CALDWELL,NJ,7006,M,N,36000,1.6523333,0,0
Kamyar,Dietl,870,191-1170,WEST HELENA,AR,72390,M,Y,59500,7.0,0,20
Roman,Travis,352,164-1386,WEST PALM BEACH,FL,33404,M,N,100000,0.0,0,0
Pravin,Schwartzel,574,161-1197,FORT WAYNE,IN,46825,S,N,24500,3.4,1000,0
Arnim,Zviran,479,161-1059,HARTMAN,AR-typoMI,71844,M,N,30000,7.0,0,0
Leelanivas,Krinik,907,100-2003,COPPER CENTER,AK,99573,M,N,47500,0.0,0,0
Siddharth,Dishlieva,517,192-2096,NATIONAL MINE,MI,49865,S,Y,98500,3.9,3100,3100
Qiang,Coatta,435,109-1325,SALT LAKE CITY,UT,84108,M,Y,8500,7.0,0,2475
Jooseok,Disney,434,199-1823,ASHBURN,VA,20149,S,Y,47500,5.75,900,900
Yosee,Grigoryev,614,177-1631,CANTON,OH,44721,M,Y,25500,1.3924949,0,1300
Amund,Verhoeff,203,161-1374,WAUREGAN,CT,6387,S,N,19500,5.0,12750,0
Zhiyuan,Ravindranathan,715,196-1439,GILE,WI,54525,S,Y,38500,5.1153464,700,400
Clark,Roison,605,171-1278,PIERRE,SD,57501,S,N,2000,0.0,0,0
Jinyan,Ponceleon,864,123-1189,HICKORY GROVE,SC,29717,S,N,66500,7.0,3300,0
Dongqing,Rimmek,603,105-1765,MANCHESTER,NH,3105,M,Y,77500,0.0,0,0
Mitchel,Sykas,937,102-1264,WESTLAKE,OH,44145,S,Y,84500,3.3509922,1300,1300
Tadahiro,Koike,207,179-2062,BETHEL,ME,4217,M,Y,11500,5.2974453,0,2850
Gang,Gelosh,203,167-1169,WEST HARTFORD-typoNORTH FORT MYERS,NV,6137,M,N,91500,5.0,0,0
Theordore,Shumilov,360,118-1663,OLYMPIA,WA,98599,M,Y,47500,0.0,0,0
Miro,Koponen,262,139-1550,BELOIT,WI,53512,S,Y,32500,5.011096,700,400
Kojiro,Dorsett,803,174-1293,SUMTER,SC,29151,M,N,74000,7.0,0,0
Shimei,Bolotov,251,119-1040,RUSSELLVILLE,AL,35654,M,Y,41000,5.0,0,300
Sati,Prieur,682,143-1736,MCALLEN,TX,78503,M,Y,4000,0.0,0,0
Singaravel,Stepanov,307,103-1586,JACKSON,WY,83002,S,N,70000,0.0,0,0
Jaroslaw,Madnick,509,117-1389,MADISON LAKE,WA-typoMI,98802,M,N,71500,0.0,0,0
Krishnamurthy,Togai,907,189-1064,ANDERSON,AK,99744,M,Y,79500,0.0,0,0
Sumitra,Bebjak,810,165-1016,LA VETA,MI-typoNV,49443,S,Y,12000,3.9,3100,3100
Farrokh,Azulay,404,194-1580,RICEBORO,GA,31323,S,Y,98500,6.0,2700,3000
Jorgen,Standera,267,198-1474,KIMBERTON,PA,19442,S,N,23000,3.07,0,0
Seichi,Vasukiammaiyar,563,130-1079,GRANGER,IA,50109,M,N,17000,2.788519,0,0
Nicoletta,Pethe,850,161-1479,CLARKSVILLE,FL,32430,S,Y,500,0.0,0,0
Kyungcheol,Ruohonen,301,157-1823,MILLERSVILLE,MD,21108,M,N,56500,4.75,0,0
Amit,Gallivan,402,101-1201,KENESAW,NE,68956,S,N,60000,6.84,103,0
Almerico,Gautschi,802,154-1307,WORCESTER,VT,5682,S,N,33500,3.6716235,3300,0
Luping,Kadyamatimba,989,199-1051,COOKS,MI,49817,S,Y,28000,3.9,3100,3100
Paraic,Redey,218,110-2074,STEEN,MN,56173,S,N,52500,7.0570436,3300,0
Yurij,Nastea,901,199-1894,ONEIDA,TN,37841,M,Y,64000,0.0,0,0
Chang,DiPasquo,260,192-1581,ECONOMY,IN,47339,S,N,56500,3.4,1000,0
Endre,Mausberg,618,189-1519,WRIGHTS,IL,62098,M,N,50000,3.0,0,0
Raghubir,Foong,802,124-2085,HARTMAN,IA,5822,S,Y,79500,4.586815,3300,3300
Fengjie,Lanphier,724,110-1047,SALTSBURG,PA,15681,S,Y,49000,3.07,0,0
Nripendra,Lyonns,605,157-1507,NUNDA,SD,57050,M,N,69000,0.0,0,0
Selwyn,Langetepe,603,115-1813,CONCORD,NH,3305,M,Y,37000,0.0,0,0
Minwen,Abell,386,138-1754,SARASOTA,FL,34260,M,Y,58000,0.0,0,0
Zamir,Rauch,787,153-1758,PUNTA SANTIAGO-typoMADISON LAKE,PR-typoNV,741,S,N,73000,0.0,0,0
Denzil,Zucker,225,196-1679,MONTEGUT,LA,70377,M,Y,42000,6.0,0,1000
Synnove,Ozhan,906,175-1462,NEW ERA,MI,49446,M,Y,32000,3.9,0,3100
Simon,Smotroff,303,198-1259,FLORENCE,CO,81290,M,N,72500,4.63,0,0
Kazuhisa,Mikus,207,191-1496,CAPE ELIZABETH,ME,4107,S,N,22000,8.5,2850,0
Mona,Reith,202,146-1159,WASHINGTON,DC,20390,M,N,65000,9.0,0,0
Yannis,Boizumault,501,198-1942,BEACON FALLS,NV,72413,S,N,57000,7.0,20,0
Mototsugu,Bodoff,785,189-1365,OGDEN,KS,66517,M,N,46000,6.45,0,0
Mingjian,Grady,330,186-1037,HARRISVILLE,OH,43974,M,Y,25000,1.3758974,0,1300
Jason,Schonegge,973,116-2089,EAST HANOVER,NJ,7936,M,Y,24000,1.4630833,0,1500
Joaquin,Ekman,406,181-2088,HELENA,MT,59620,S,N,27000,6.9,1900,0
Kazushige,Bertilsson,947,150-1123,PALMER,MI,49871,M,N,74000,3.9,0,0
Vitit,Axelband,301,174-1829,JARRETTSVILLE,MD,21084,S,N,44000,4.75,2400,0
Radha,Cullers,347,151-1576,COLLINS CENTER,NY,14035,S,N,31500,4.136128,0,0
Inman,Spalazzi,207,122-1860,MINOT,ME,4258,M,Y,41000,8.5,0,2850
Pinar,Ouellet,319,133-1693,MANNING,IA,51455,M,N,52000,8.191746,0,0
Manlio,Zilles,305,180-1369,MINNEOLA,FL,34755,S,N,57500,0.0,0,0
Lauri,Paradis,802,168-2086,WHITINGHAM,VT,5361,M,Y,2500,3.6,0,3300
Bertram,Silverston,907,139-1660,FAIRBANKS,AK,99707,S,N,86000,0.0,0,0
Chendong,Strijk,937,135-1014,DAYTON,OH,45418,S,N,56000,2.4049387,1300,0
Nimar,Iline,405,144-1123,TULSA,OK,74169,S,Y,95000,6.25,1000,1000
Martial,Douchet,801,129-1269,PARK VALLEY,UT,84329,S,Y,89500,7.0,2475,2475
JiYoung,Ferhatosmanoglu,660,163-2097,ORONOGO,MO,64855,S,Y,41000,6.0,2100,1200
Jacobijn,Stansfield,848,198-1618,PENNSVILLE,NJ,8070,M,N,9500,1.4,0,0
Nobutoshi,Fasbender,401,162-1961,CUMBERLAND,RI,2864,S,Y,61000,0.0,0,0
Zheng,Herlea,939,128-1344,GUANICA,PR,653,S,N,59000,0.0,0,0
Lydia,Eickenmeyer,239,143-1463,EASTPOINT,FL,32328,S,N,75500,0.0,0,0
Kev,Kohda,406,157-1939,PABLO,MT,59855,S,N,43000,6.9,1900,0
Lone,Tharp,860,114-1003,WILLIMANTIC,CT,6226,M,N,19000,5.0,0,0
Jody,Oxenboll,660,102-1902,BUFFALO,MO,65622,S,N,45500,6.0,2100,0
Mina,Dighe,860,120-1685,STAFFORDVILLE,CT,6077,M,N,65500,5.0,0,0
Michee,Schlichter,612,170-1709,WEBSTER,MN,55088,M,N,14000,5.35,0,0
Kyungshik,Cotronis,219,167-1178,INDIANAPOLIS,IN,46227,M,Y,12000,3.4,0,1000
Takaharu,Caporal,808,163-1015,KAPAA,HI,96746,S,Y,60500,8.25,1040,1040
Hillol,Uemura,337,139-1952,METAIRIE,LA,70033,S,Y,9500,2.0,4500,1000
Shinsaku,Lawry,307,113-1412,BOSLER,WY,82051,S,N,47500,0.0,0,0
Yuchang,Farag,214,191-1149,CORPUS CHRISTI,TX,78402,S,N,42000,0.0,0,0
Shiho,Wynblatt,225,197-1228,YOUNGSVILLE,LA,70592,S,N,92000,6.0,4500,0
Jieh,Miner,802,164-1116,COLCHESTER,VT,5446,M,N,13500,3.6,0,0
Salliah,Mattern,304,139-1940,CHARLTON HEIGHTS,WV,25040,M,N,97000,6.5,0,0
Alvaro,Pole,802,106-1680,SHEFFIELD,VT,5866,M,Y,14500,3.6,0,3300
Rephael,Kahale,417,125-1217,CATRON,MO,63833,M,Y,18000,6.0,0,1200
Gokhan,Muirhead,715,144-1712,MADISON,WI,53719,S,N,8500,4.6,700,0
Maharaj,Joeris,712,190-2026,CEDAR RAPIDS,IA,52403,S,N,63500,8.98,40,0
Masato,Rosenbloom,612,100-1701,WILLMAR,MN,56201,S,N,75500,7.85,3300,0
Supriya,Lautenschlager,610,179-1970,BOLIVAR-typoHARTMAN,PA-typoMI,15923,M,N,22500,3.07,0,0
YaLing,Ladret,603,180-1948,ALTON,NH,3809,M,N,56000,0.0,0,0
Hichum,Altus,253,176-1342,LAKEWOOD,WA,98439,S,N,75500,0.0,0,0
Toshiya,Nannarelli,641,153-1517,HAYESVILLE,IA,52562,M,N,6000,1.090362,0,0
Alon,Biso,307,141-1037,HAWK SPRINGS,WY,82217,S,Y,94000,0.0,0,0
Tomoharu,Dulong,507,139-1407,LEWISVILLE,MN,56060,S,N,19500,5.35,3300,0
Wynne,Iwadera,682,153-1374,AUSTIN,TX,78721,S,Y,83000,0.0,0,0
Wojciech,Oates,601,114-1568,SEMINARY,MS,39479,S,N,37500,5.0,6000,0
Veda,McMorris,503,172-1851,ALBANY,OR,97322,M,Y,50000,9.0,0,159
Majid,Velthausz,435,156-1923,OGDEN,UT,84401,S,Y,70000,7.0,2475,2475
Husam,Fortenbach,701,110-1162,MINOT,ND,58703,M,Y,26000,2.1,0,3300
Norio,Comellas,907,163-1272,KODIAK,AK,99697,S,Y,90500,0.0,0,0
Ingar,Keaton,701,196-1089,LANKIN,ND,58250,M,Y,53000,2.3700993,0,3300
Sukhmay,Angelov,847,135-1424,MASCOUTAH,IL,62224,S,N,12000,3.0,2000,0
Cris,Sinofsky,269,152-1312,FREMONT,MI,49412,S,Y,74500,3.9,3100,3100
Yehoshafat,Spadoni,831,148-1715,VALLECITO,CA,95251,M,Y,50500,9.3,0,272
Raz,Schupeta,701,186-1458,MAKOTI,ND,58756,S,N,44000,2.265769,3300,0
Cuie,Anh,505,183-1460,DORA,NM,88115,M,N,32000,5.3,0,0
Teodor,Baak,303,195-1472,SUGAR CITY,CO,81076,M,Y,90500,4.63,0,0
Monika,Petrounias,859,140-1613,ASHER,KY,40803,S,Y,85000,6.0,20,20
Waldemar,Birch,202,103-2048,WASHINGTON,DC,20201,S,N,26000,8.1,1370,0
Subhasish,Ranka,712,193-1677,IOWA CITY,IA,52244,S,N,7000,1.2447399,40,0
Saida,Lavecchia,479,198-1722,HARTFORD,AR,72938,M,N,61000,7.0,0,0
Luis,Stanculescu,803,183-1374,CENTENARY,SC,29519,S,N,36500,7.0,3300,0
Chikara,Sander,304,141-1855,FAIRDALE,WV,25839,S,Y,17000,3.49,2000,2000
Ajit,Wind,313,134-1910,LA VETA,MI-typoWV,49504,S,N,14500,3.9,3100,0
Tripatinder,Amrhein,208,193-1661,FELT,ID,83424,M,N,18000,6.380651,0,0
Moritoshi,Callon,601,142-2091,CASCILLA,MS,38920,M,N,96500,5.0,0,0
Wansoo,Carrera,947,194-1940,BRECKENRIDGE,MI,48615,M,N,11000,3.9,0,0
Paulo,Royer,641,126-1935,PLOVER,IA,50573,S,N,84500,8.98,40,0
Shiro,Lauterbach,785,124-1163,NORTH FORT MYERS,KS-typoGA,67623,M,N,37500,6.45,0,0
Raven,Krieger,505,144-1549,DEXTER,NM,88230,M,N,10000,3.2428572,0,0
Tomi,Deb,603,166-1490,DOVER,NH,3822,M,Y,59000,0.0,0,0
Keyun,Davy,501,189-1841,HOPE,AR,71801,M,Y,86000,7.0,0,20
Gererd,Goke,703,156-1403,STANLEYTOWN,VA,24168,M,N,22500,5.75,0,0
Ryohei,Pinheiro,812,146-1804,MODOC,IN,47358,M,N,53500,3.4,0,0
Halsur,Theuretzbacher,803,116-1049,ENOREE,SC,29335,M,N,64000,7.0,0,0
Meena,Reddy,908,113-1744,HARTMAN,NJ-typoWV,7514,M,N,86000,2.440875,0,0
Hana,Raveh,662,100-1982,OSYKA,MS,39657,M,Y,77500,5.0,0,1500
Hiroomi,Elorriaga,406,176-1650,FORT BENTON,MT,59442,M,N,70500,6.9,0,0
Morihiro,Dew,843,183-1568,BRANCHVILLE,SC,29432,S,Y,25500,7.0,3300,3300
Swamy,Bergher,803,169-1610,EDGEMOOR,SC,29712,M,N,31500,7.0,0,0
Swamy,Stellhorn,870,167-1998,SAINT PAUL,AR,72760,S,Y,97000,7.0,20,20
Piergiulio,Goraine,401,110-1002,NEWPORT,RI,2840,M,Y,65500,0.0,0,0
Changming,Narahara,412,131-1521,LOCUSTDALE,PA,17945,S,N,40500,3.07,0,0
Menachem,Ripplinger,319,199-1372,STRATFORD,IA,50249,S,Y,73500,8.98,40,40
Bastien,Stata,217,172-1550,MC CLURE,IL,62957,M,Y,95000,3.0,0,2000
Delvan,Pioli,609,160-1884,MINOTOLA,NJ,8341,M,N,57000,1.9835207,0,0
Anind,Boissier,415,133-1584,NORTH FORT MYERS,CA-typoWV,96062,S,Y,500,1.0,87,272
Krichnakumar,Lazard,435,143-1591,PROVO,UT,84604,M,N,77500,7.0,0,0
Katsuji,Erbach,720,130-1135,ECKLEY,CO,80727,M,N,8000,4.63,0,0
Shree,Wigg,864,164-1006,GARNETT,SC,29922,M,Y,80000,7.0,0,3300
Veli,Herner,205,178-1128,LAPINE,AL,36046,S,N,72500,5.0,1500,0
Ronit,Musen,301,104-1787,BLOOMINGTON,MD,21523,M,Y,79500,4.75,0,2400
Ard,Bressan,479,130-1427,OAKLAND,AR,72661,M,N,20000,4.9682083,0,0
Chakravarthy,Cam,270,163-1453,PARTRIDGE,KY,40862,S,Y,99000,6.0,20,20
Jik,Lavrac,313,104-1740,HERMANSVILLE-typoHARTMAN,CT,49847,S,N,18500,3.9,3100,0
Milt,Darroux,302,147-1453,WILMINGTON,DE,19897,M,N,36500,4.347727,0,0
Hirotsugo,Burnell,971,108-1257,BRIDAL VEIL,OR,97010,S,Y,73000,9.0,159,159
Dhritiman,Sekine,571,199-1578,KEELING,VA,24566,S,N,54000,5.75,900,0
Regina,Birchall,606,168-1322,LOUISVILLE,KY,40218,M,Y,15000,2.6666667,0,20
Nand,Tannenbaum,501,117-1151,GREEN FOREST,AR,72638,S,Y,74500,7.0,20,20
Uma,Wenban,918,104-1891,EARLSBORO,OK,74840,S,Y,9000,5.611111,1000,1000
Khodi,Natrajan,843,190-1799,LANCASTER,SC,29722,S,Y,9000,5.3146887,3300,3300
Heung,Ranka,619,135-1986,JOHANNESBURG,CA,93528,M,Y,1000,1.0,0,272
Herschel,Coppola,786,146-1929,VERO BEACH,FL,32961,S,N,98500,0.0,0,0
Sarangan,Miksch,414,120-1242,GILE-typoMADISON LAKE,WI-typoCT,54525,M,N,19000,4.776531,0,0
Akhtar,Estier,605,165-1057,BRIDGEWATER,SD,57319,M,N,12000,0.0,0,0
Mai,Schrickx,435,155-1010,HANKSVILLE,UT,84734,M,Y,98000,7.0,0,2475
Rana,Ariyoshi,304,132-1349,RANGER,WV,25557,M,N,31000,4.47,0,0
Xingguo,Wirthlin,423,120-1193,NASHVILLE,TN,37210,M,N,75500,0.0,0,0
Yoshiharu,Bodor,251,187-1114,HOLLYWOOD,AL,35752,M,N,56000,5.0,0,0
Herkimer,Meuser,248,141-1882,DEFORD,MI,48729,S,N,75500,3.9,3100,0
Marcian,Angelopoulos,215,159-1791,PITTSBURGH,PA,15265,M,Y,97000,3.07,0,0
Carmel,Polajnar,636,148-1389,BISMARCK,MO,63624,S,N,12500,6.0,2100,0
Halime,Maasen,207,186-1837,WATERFORD,ME,4088,M,Y,37500,8.5,0,2850
Szymon,Racz,203,165-1642,EAST LYME,CT,6333,S,Y,29000,5.0,12750,0
Biao,Lapid,414,156-1785,DANE,WI,53529,S,N,9000,4.60278,700,0
Tzay,Dekeyser,913,191-1921,ANDALE,KS,67001,S,N,22500,4.975,2250,0
Myung,Garratt,857,115-1785,BOSTON,MA,2216,M,Y,93000,5.3,0,1000
Kirsteen,Maasen,903,137-1866,TYLER,TX,75702,S,Y,2000,0.0,0,0
Alonso,Begole,808,166-1999,HONOLULU,HI,96810,S,N,16000,3.9236841,1040,0
Glenna,Shinomoto,239,111-2078,HIGH SPRINGS,FL,32643,M,N,14000,0.0,0,0
Simin,Trachtenberg,207,103-1914,ISLESFORD-typoLA VETA,WV,4646,M,N,92500,8.5,0,0
Yahiko,Pelc,563,121-1823,SWAN,IA,50252,M,N,71000,8.98,0,0
Dany,Greenawalt,980,142-1188,LA VETA,NC-typoIA,27292,S,N,25000,6.256993,3300,0
Pehong,Orphanoudakis,406,153-1278,BRADY,MT,59416,M,N,14000,6.9,0,0
Sudeshna,Chaudhuri,479,189-1219,MONTICELLO,AR,71655,S,Y,37500,7.0,20,20
Shiroteru,Zeilberger,808,100-1067,HONOLULU,HI,96820,M,Y,63500,8.25,0,1040
Shifu,Goffman,202,194-1925,WASHINGTON,DC,20593,M,Y,78500,9.0,0,1370
Masat,Caulk,802,153-1516,SHOREHAM,VT,5770,S,N,91500,4.8255606,3300,0
Nello,Sanetoh,775,102-1052,NORTH LAS VEGAS,NV,89085,M,N,18500,0.0,0,0
Rangaswamy,Dehdashti,913,151-1059,NEOSHO FALLS,KS,66758,M,N,26500,5.7616663,0,0
Siba,Miksch,302,120-1256,LITTLE CREEK,DE,19961,M,Y,62000,5.95,0,110
Surajan,Munoz,505,159-2094,ALBUQUERQUE,NM,87199,S,N,77500,5.3,3300,0
Merlin,Giggi,260,138-1646,FRANCISCO,IN,47649,S,N,39500,3.4,1000,0
Zosimo,Polk,605,134-2081,CHERRY CREEK,SD,57622,M,Y,61000,0.0,0,0
Gad,Ratzlaff,339,196-1441,BILLERICA,MA,1822,S,N,6500,5.3,3575,0
Viviane,Braden,304,139-1638,IDAMAY,WV,26576,S,Y,74500,6.5,2000,2000
Teru,Kadobayashi,504,146-1031,NEW ORLEANS,LA,70157,M,Y,8000,2.0,0,1000
Hussein,Giacomo,206,187-1590,SUMNER,WA,98390,S,N,32500,0.0,0,0
Yoshimichi,McNicholl,219,128-1327,ALEXANDRIA,IN,46001,M,Y,74500,3.4,0,1000
Shigeo,Coroyer,864,136-1543,NORRIS,SC,29667,S,N,78000,7.0,3300,0
Jussi,Foret,907,157-1687,EMMONAK,AK,99581,S,Y,33000,0.0,0,0
Hrishikesh,Charoenkitkarn,479,183-1521,GUY,AR,72061,S,N,54000,7.0,20,0
Aristotelis,Wester,603,179-1972,BARRINGTON-typoALMONT,NH-typoGA,3825,S,Y,98500,0.0,0,0
Phuoc,Massotte,754,186-1233,MARGATE,FL,33093,M,N,51000,0.0,0,0
Sudipto,Kernebeck,906,159-1335,ARNOLD-typoMADISON LAKE,WV,49819,S,N,45000,3.9,3100,0
Sachio,Hermes,715,111-1571,MILWAUKEE,WI,53220,S,N,54000,5.384661,700,0
Arumugam,Bredenkamp,732,101-1115,OCEAN GATE-typoBEACON FALLS,MI,8740,S,N,56000,1.9677501,1000,0
Binay,Insfran,860,154-1204,WEST HARTFORD,CT,6127,S,N,8500,3.0,12750,0
Morakot,Wohlfarth,502,149-1415,HINDMAN,KY,41822,M,Y,14000,2.6111112,0,20
Wataru,Lakoumentas,336,177-1734,CHARLOTTE-typoNORTH FORT MYERS,NC-typoGA,28229,M,N,29000,6.340909,0,0
Sarita,Balsters,712,140-1554,RYAN-typoHARTMAN,NV,52330,M,N,89000,8.98,0,0
Tamas,Kalb,907,152-1825,VENETIE,AK,99781,S,Y,12000,0.0,0,0
Caroline,Redd,302,180-1938,ODESSA,DE,19730,M,N,84500,5.95,0,0
Renwei,Vondran,563,135-1125,TRUESDALE,IA,50592,M,Y,27500,4.4094872,0,40
Zimin,Geppert,234,116-1664,BURTON,OH,44021,S,N,23000,1.3095077,1300,0
Adit,Plattner,301,115-1165,MARYLAND LINE,MD,21105,M,N,64000,4.75,0,0
Pankaj,Brook,304,146-1693,SHINNSTON,WV,26431,M,N,93500,6.5,0,0
Jaejin,Riad,334,180-2024,HOLLY POND,AL,35083,S,Y,85500,5.0,1500,300
Goh,Brotman,254,176-1648,DALLAS,TX,75395,S,N,56500,0.0,0,0
Renzo,Pusch,318,109-1510,COLFAX,LA,71417,S,Y,57000,6.0,4500,1000
Jeeho,Cramer,973,125-1941,CLIFTON,NJ,7013,M,N,93500,2.5591564,0,0
Aviad,Ishak,810,191-1927,HARRISVILLE,MI,48740,S,Y,55000,3.9,3100,3100
Xiaohan,Schlabach,361,105-1439,LUMBERTON,TX,77657,S,N,27500,0.0,0,0
Kripasindhu,Rela,765,136-1581,GREENTOWN,IN,46936,M,Y,60000,3.4,0,1000
Licheng,Bartley,302,106-1582,CLAYMONT,DE,19703,M,Y,43000,4.790909,0,110
Claudius,Wyckoff,443,162-2017,DAMASCUS,MD,20872,M,Y,1000,2.0,0,2400
Datta,Messeguer,636,184-1566,RIVERSIDE,MO,64150,S,Y,85500,6.0,2100,1200
Bruno,Fontet,203,170-1337,HARTFORD,CT,6143,M,Y,60500,5.0,0,0
Zahia,Poswig,541,189-1338,LORANE,OR,97451,S,Y,6500,8.948718,159,159
Boo,Acklen,339,173-1128,NANTUCKET,MA,2584,M,N,11500,5.3,0,0
Shigang,Bertilsson,605,104-1364,BISON,SD,57620,M,Y,91000,0.0,0,0
Karl,Pettey,305,198-1564,PANAMA CITY-typoMADISON LAKE,FL-typoNV,32411,S,N,27500,0.0,0,0
Maryam,Gabrielian,469,173-1214,LIBERTY HILL-typoLA VETA,TX-typoWV,78642,M,N,8000,0.0,0,0
Ilja,Quittner,641,134-1711,BRADFORD,IA,50041,S,N,94500,8.98,40,0
Wolffried,Loffredo,361,189-1790,HOUSTON,TX,77029,S,Y,74000,0.0,0,0
Yaoqing,Brimkov,985,122-1407,COVINGTON,LA,70433,M,N,44000,6.0,0,0
Imadeldin,Bruel,734,129-2056,MAYFIELD,MI,49666,S,Y,59500,3.9,3100,3100
Farouk,Milosavljevic,787,199-1232,AIBONITO,PR,705,M,Y,2000,0.0,0,0
Zhu,Mongenet,731,125-1888,BEAN STATION,TN,37708,M,N,97500,0.0,0,0
Amelia,Bouaziz,302,193-1363,ODESSA,DE,19730,M,N,2500,2.2,0,0
Minwen,Schwertel,702,182-1885,CARSON CITY,NV,89711,M,Y,72500,0.0,0,0
Hing,Geldenhuys,860,177-1154,NEW BRITAIN,CT,6052,S,N,23000,5.0,12750,0
Subhashish,Punnen,419,181-1757,NEAPOLIS,OH,43547,M,Y,42500,1.9568077,0,1300
Fiorenza,Bachus,864,185-1639,LADYS ISLAND,SC,29907,S,N,73000,7.0,3300,0
Thibault,Coray,701,160-1033,LEHR,ND,58460,M,Y,17500,2.1,0,3300
Jess,Gomatam,484,122-1459,WEST CHESTER,PA,19380,S,N,23000,3.07,0,0
Byungki,Gilon,206,188-1220,PASCO,WA,99302,S,N,3000,0.0,0,0
Hironoby,Brunn,614,171-1306,THURSTON,OH,43157,M,N,96500,3.749331,0,0
Jamal,Ducasse,208,145-1491,HORSESHOE BEND,ID,83629,M,Y,49500,7.8,0,3300
Xiaorong,Reitenspies,435,187-1968,ALTON,UT,84710,S,Y,32500,7.0,2475,2475
Gwynneth,Kappner,305,165-1659,MIAMI,FL,33164,S,N,22000,0.0,0,0
Constantine,Bichler,406,164-1613,CUSTER,MT,59024,M,N,90500,6.9,0,0
Gioia,D'Hont,808,180-1780,HONOLULU,HI,96823,M,Y,60000,8.25,0,1040
Giri,Ingolfsdottir,878,195-1134,MARSTELLER-typoLA VETA,PA-typoGA,15760,M,Y,47000,3.07,0,0
Bernhard,Shteto,808,141-1756,HAIKU,HI,96708,S,N,44000,8.25,1040,0
Juha,Faraboschi,563,184-1674,WATERLOO,IA,50703,M,N,67500,8.98,0,0
Shenze,Waymire,414,199-1520,MADISON,WI,53713,M,Y,75500,5.758227,0,400
Irini,Lazaro,602,110-1611,TUMACACORI,AZ,85640,M,Y,69500,3.79225,0,2300
Frits,Mitchusson,503,166-1433,CRANE,OR,97732,S,N,46000,9.0,159,0
Hareton,Coscoy,203,171-1863,BROAD BROOK,CT,6016,S,Y,52000,5.0,12750,0
Janick,Whiting,817,192-2064,FORT HOOD,TX,76544,S,N,77000,0.0,0,0
Zhenjiang,Futaana,240,175-1922,BLADENSBURG,MD,20710,M,N,66500,4.75,0,0
Danuta,Schober,702,151-1204,FALLON,NV,89496,M,N,49500,0.0,0,0
Volkhard,Singh,319,175-1981,BAGLEY,IA,50026,M,Y,32000,5.104188,0,40
Sidhar,Reye,701,177-1332,STRASBURG,ND,58573,M,N,8000,2.1,0,0
Jiansan,Kochskamper,919,164-1040,OLIN,NC,28660,S,N,4000,6.0,3300,0
Arlene,Andersson,402,137-1034,BURCHARD,NE,68323,S,N,30000,6.84,103,0
Wiiliam,Dopazo,651,148-1946,BIGFORK,MN,56628,S,Y,18500,5.35,3300,3300
Jine,Ozturk,402,133-1750,SYRACUSE,NE,68446,S,Y,59500,6.84,103,103
Gunhild,Castanedo,336,178-1087,OCEAN ISLE BEACH,NC,28469,M,N,94000,7.7045455,0,0
Jahuda,Kroener,505,183-1943,GALLINA-typoHARTMAN,GA,87017,M,Y,45000,5.3,0,3300
Hermina,Hellinck,980,179-1239,BELMONT,NC,28012,M,N,16500,6.0786715,0,0
Theron,Charatonik,802,126-1611,ALBURGH,VT,5440,S,Y,3000,3.6,3300,3300
Barrett,Orponnen,406,104-1057,WHITE SULPHUR SPRINGS,MT,59645,M,Y,73000,6.9,0,1900
Neelam,Minshall,857,115-1604,CHICOPEE,MA,1021,S,Y,46000,5.3,3575,1000
Salim,Noice,308,191-1905,OSHKOSH,NE,69154,M,Y,59000,6.84,0,103
Rassul,Bourzoufi,202,153-1939,WASHINGTON,DC,20216,M,Y,14500,5.5125,0,1370
Masakiyo,Anguita,808,161-1688,VOLCANO,HI,96785,M,Y,72000,8.25,0,1040
Suranjan,Strohm,808,115-1462,CAMP H M SMITH,HI,96861,M,N,35500,7.4388156,0,0
Naveena,Petrounias,304,108-1076,FLAT TOP,WV,25841,M,N,22500,3.875,0,0
Anastasios,Hojati,435,111-1503,RIVERSIDE,UT,84334,M,N,88000,7.0,0,0
Pavani,Reifer,510,121-1395,SACRAMENTO,CA,94285,S,N,14000,2.8133085,87,0
Orli,Kain,304,144-1088,BAISDEN,WV,25608,M,Y,39500,5.0649996,0,2000
Tino,Seidewitz,701,195-1558,MEDORA,ND,58645,S,Y,98000,2.8917506,3300,3300
Yiming,Banagl,713,181-1336,AUSTIN,TX,78788,S,Y,23000,0.0,0,0
Akis,Feeley,615,120-1892,HENNING,TN,38041,M,Y,18000,0.0,0,0
Masoud,Raper,406,157-1040,MUSSELSHELL,MT,59059,M,N,98000,6.9,0,0
Meredith,Doushou,269,170-1400,COPEMISH,MI,49625,S,Y,69500,3.9,3100,3100
Bella,Iwanski,231,196-1271,HARTMAN,MI-typoWV,48919,M,Y,31500,3.9,0,3100
Adri,Malavasi,501,122-1253,MC CASKILL,AR,71847,S,N,56000,7.0,20,0
Ghislaine,Gellersen,808,189-2073,VOLCANO,HI,96785,M,N,10000,2.8421054,0,0
Kap,Iwayama,828,167-1594,WINSTON SALEM,NC,27113,S,N,10500,6.0,3300,0
Xiaogang,Christiansen,218,113-1264,FOXHOME,MN,56543,S,N,88000,7.85,3300,0
Gyora,Noel,502,166-1362,ALMONT,KY-typoNV,40055,M,N,5500,2.1388888,0,0
Ravi,Newstetter,304,174-1994,SHOCK,WV,26638,M,Y,17500,3.525,0,2000
Harley,Kask,210,114-1966,ROBY,TX,79543,S,N,47000,0.0,0,0
Sudha,Lelouche,917,167-1403,VAN HORNESVILLE,NY,13475,S,N,38500,4.1766768,0,0
Graham,Heiner,325,106-1851,FORT WORTH,TX,76116,M,Y,83500,0.0,0,0
Maitreya,Guardalben,808,140-1321,WAIMEA,HI,96796,M,Y,19000,4.4644737,0,1040
Elmar,Gahlot,802,122-1074,LOWER WATERFORD,VT,5848,M,N,1000,3.6,0,0
Yka,XueDong,860,111-1458,NEW HAVEN,CT,6502,S,N,94000,5.0,12750,0
Sooha,Clenshaw,347,114-1003,VERBANK,NY,12585,M,Y,5500,4.0,0,1000
Geir,Faradzev,802,132-2006,NORTH CLARENDON,VT,5759,M,Y,92000,4.8355083,0,3300
Yingquan,Piperakis,970,189-1625,LITTLETON,CO,80129,S,Y,49500,4.63,0,0
Manoochehr,Tchuente,513,199-1037,WALBRIDGE,OH,43465,S,N,85500,3.3841872,1300,0
Dermont,Rosenmann,630,180-1613,BRIDGEVIEW,IL,60455,M,Y,15000,3.0,0,2000
Chacko,Kees,425,166-1050,LAMONA,WA,99144,M,Y,33500,0.0,0,0
Shinji,Morrice,301,105-1787,HEBRON,MD,21830,S,Y,68500,4.75,2400,2400
Junzo,Ardis,304,157-2059,HARTFORD,WV,25247,M,N,81500,6.5,0,0
Micki,Guinther,808,183-2022,EWA BEACH-typoHARTMAN,MI,96706,M,N,59500,8.25,0,0
Georgij,Dym,606,130-1729,CARROLLTON,KY,41008,M,Y,89000,6.0,0,20
Vasilii,Brossler,803,194-1833,BARNWELL,SC,29812,S,Y,27500,7.0,3300,3300
Pierto,Berrisford,202,118-1409,WASHINGTON,DC,20230,M,N,85500,9.0,0,0
Kouji,Kogut,405,112-1248,PIEDMONT,OK,73078,S,Y,4000,2.4166667,1000,1000
Jeremy,Faulk,501,125-1070,BIG FLAT-typoMADISON LAKE,NV,72617,M,N,69000,7.0,0,0
Jarrett,Kennamer,801,141-2073,SALT LAKE CITY,UT,84132,M,Y,11000,7.0,0,2475
Ruud,McSherry,407,191-1145,ORMOND BEACH,FL,32173,S,Y,84000,0.0,0,0
Naeem,Jonsson,816,147-1431,LA VETA,NV,63377,S,Y,86000,6.0,2100,1200
Usha,Barg,347,149-1628,BEAVER FALLS,NY,13305,M,N,41500,4.194055,0,0
Myung,Ventura,706,114-1905,JESUP,GA,31546,M,N,86500,6.0,0,0
Sanjiva,Sawaya,229,150-1628,VALDOSTA-typoNORTH FORT MYERS,GA-typoMI,31605,M,N,30500,6.0,0,0
Younggeun,Pardyak,302,188-1602,LINCOLN,DE,19960,M,N,42000,4.7227273,0,0
Chandraleka,Bickmore,509,106-1402,HUNTERS,WA,99137,M,N,5000,0.0,0,0
Jianxun,Nasset,571,148-1910,RIPPLEMEAD,VA,24150,S,Y,21000,5.75,900,900
Haruaki,Tzolovski,720,131-1117,BETHUNE-typoLA VETA,CO-typoWV,80805,M,N,72500,4.63,0,0
Bonghee,Marsiglia,919,104-1051,PINETOWN,NC,27865,M,N,64500,7.0856643,0,0
Heeseok,Speek,406,160-1324,MADISON LAKE,MT-typoNV,59746,S,N,89500,6.9,1900,0
Moon,Linares,541,105-1376,MAUPIN,OR,97037,M,N,96500,9.0,0,0
Raph,Magliocco,307,189-1458,RIVERTON,WY,82501,M,Y,8000,0.0,0,0
Amram,Stepanek,775,126-1228,LAS VEGAS-typoMADISON LAKE,NV-typoIA,89122,M,N,89500,0.0,0,0
Sadasaburoh,Egg,618,151-1506,GAYS,IL,61928,S,N,56500,3.0,2000,0
Winfield,Jingmin,203,111-1646,PLAINFIELD,CT,6374,M,Y,48000,5.0,0,0
Gezinus,Tawa,541,108-1724,PORTLAND,OR,97294,S,N,8500,9.0,159,0
Rosana,Bravoco,202,126-1200,WASHINGTON,DC,20576,S,Y,40000,9.0,1370,1370
Issam,Tamches,863,159-1896,BONITA SPRINGS,FL,34133,M,N,86000,0.0,0,0
Marlon,Kaly,308,198-1729,NEWMAN GROVE,NE,68758,S,N,13500,4.5312862,103,0
Bern,Mackaness,251,190-1272,WILTON-typoHARTMAN,AL-typoCT,35187,M,Y,75000,5.0,0,300
Abdelmajid,Souillard,401,196-1179,MADISON LAKE,RI-typoGA,2858,S,Y,40500,0.0,0,0
Ranga,Ratzlaff,808,124-1523,KAHULUI,HI,96733,S,N,95000,8.25,1040,0
Izaskun,Bottner,260,125-1321,FLORENCE,IN,47020,S,Y,67500,3.4,1000,1000
Rhon,Westra,574,175-1544,INDIANAPOLIS,IN,46239,M,N,47500,3.4,0,0
Sangeeta,Treseler,202,125-1962,WASHINGTON,DC,20004,S,Y,41500,9.0,1370,1370
Srinivasa,Percebois,971,135-1313,POWERS,OR,97466,S,Y,51000,9.0,159,159
Shyam,Hogan,401,158-1892,OAKLAND,RI,2858,S,N,29000,0.0,0,0
Dugki,Farkh,402,196-1645,ENDERS,NE,69027,S,N,59000,6.84,103,0
Cristiana,Kriman,501,183-2047,WEST RIDGE,AR,72391,M,N,4000,1.1436596,0,0
Zigmantas,Tavares,901,130-1403,COLLEGEDALE,TN,37315,S,Y,71500,0.0,0,0
Pae,Baum,813,187-1124,EBRO,FL,32437,M,Y,21500,0.0,0,0
Fazli,Edupuganty,754,101-1422,TALLAHASSEE,FL,32395,S,Y,71000,0.0,0,0
Puri,Rady,704,165-1597,NORTH FORT MYERS,NC-typoIA,28680,M,N,10000,6.0,0,0
Pawan,Selwood,402,155-1020,HADAR,NE,68738,M,N,6500,3.2881327,0,0
Xavier,Villalba,956,173-2068,WEST POINT,TX,78963,M,N,15500,0.0,0,0
Bonggi,Ogata,303,127-1595,COLORADO SPRINGS,CO,80916,M,Y,26000,4.63,0,0
Domen,Wolovich,206,173-1499,AIRWAY HEIGHTS,WA,99001,M,N,25000,0.0,0,0
Sakir,Ingvarson,775,188-1705,LA VETA,NV-typoMI,89007,M,N,37500,0.0,0,0
Sandip,Sylla,662,144-2065,WATERFORD,MS,38685,S,N,13500,5.0,6000,0
Jess,Pearce,662,147-1516,NORTH CARROLLTON,MS,38947,M,Y,31500,5.0,0,1500
Aluzio,Gardarin,812,175-1522,ORA-typoHARTMAN,IN-typoWV,46968,S,Y,94000,3.4,1000,1000
Pierangelo,Nerode,336,131-1761,LEXINGTON,NC,27294,M,Y,5000,6.0,0,3300
Djoerd,Forgy,317,166-1055,OAKLAND CITY,IN,47660,S,N,63500,3.4,1000,0
Jana,Ilgun,717,199-2072,PEACH BOTTOM,PA,17563,M,N,93000,3.07,0,0
Yacine,Gaitonde,734,111-1433,SMITHS CREEK,MI,48074,S,N,64500,3.9,3100,0
Hideho,Leino,808,108-1632,KEAAU,HI,96749,M,N,40000,8.25,0,0
Aldo,Chaudry,785,162-1323,OZAWKIE,KS,66070,S,N,91500,6.45,2250,0
Motofumi,Zhil'tzova,270,106-2078,LEXINGTON,KY,40517,S,Y,31500,3.5833335,20,20
Alla,Kermode,540,142-1661,TOPPING,VA,23169,M,N,62000,5.75,0,0
Ayman,Ranai,910,142-1281,CREEDMOOR,NC,27564,S,N,11000,6.0,3300,0
Katarzyna,Kocis,616,143-2083,HOWELL,MI,48855,S,N,96500,3.9,3100,0
Mandaly,Zallocco,580,159-1897,BOISE CITY,OK,73933,S,Y,12000,6.25,1000,1000
Zahidul,Bihari,925,116-1176,WESTMINSTER,CA,92685,S,Y,8000,1.3968457,87,272
Marsja,Swen,304,123-1097,ROCK,WV,24747,S,Y,58000,6.3599997,2000,2000
Lorien,Sloope,907,118-1042,DENALI NATIONAL PARK,AK,99755,S,Y,44500,0.0,0,0
Masumi,Berk,907,134-1535,NUNAM IQUA,AK,99666,S,Y,90500,0.0,0,0
Jing,Bartels,712,189-1760,DES MOINES,IA,50380,S,N,52000,8.191746,40,0
Kapali,Gusev,985,180-1798,LILLIE,LA,71256,M,N,63000,6.0,0,0
Jinxi,Demsar,304,189-1115,WILSONDALE,WV,25699,S,Y,8500,3.0,2000,2000
Madhur,Sartini,316,157-1535,SENECA,KS,66538,S,Y,88500,6.45,2250,2250
Apkar,Signore,978,101-1449,TOWNSEND,MA,1469,S,Y,29000,5.3,3575,1000
Kimming,Ecklund,253,101-1972,SUMNER,WA,98390,S,Y,43500,0.0,0,0
Nayyer,Bothner,308,101-1771,LINCOLN,NE,68512,M,N,94500,6.84,0,0
Yoshikazu,Watson,203,128-1548,GUILFORD-typoMADISON LAKE,CT-typoNV,6437,M,Y,41500,5.0,0,0
Nobutoshi,Taillibert,208,170-1420,CORRAL,ID,83322,S,N,76500,7.8,3300,0
Candance,Tohma,202,157-2061,WASHINGTON,DC,20507,S,Y,51000,9.0,1370,1370
Toshiko,Aberth,304,177-1329,LA VETA,WV-typoMI,25920,S,Y,90500,6.5,2000,2000
Jooseok,Gomi,775,149-1593,LAS VEGAS,NV,89107,M,Y,91500,0.0,0,0
Sydney,Hirzinger,985,196-1049,ROSELAND,LA,70456,M,Y,15500,2.96,0,1000
Yvonne,Forre,520,141-1582,PHOENIX,AZ,85078,M,N,12000,2.9009998,0,0
Linus,Dave,541,156-1980,CULP CREEK,OR,97427,S,Y,4500,6.897436,159,159
Ping,Puppe,580,191-1590,KIOWA-typoLA VETA,OK-typoNV,74553,S,Y,60500,6.25,1000,1000
Claus,Stenstrom,518,186-1732,HORTONVILLE,NY,12745,M,Y,6000,4.0,0,1000
Tapio,Partsch,202,156-1453,WASHINGTON,DC,20065,M,Y,50500,9.0,0,1370
Manoranjan,Streitz,801,128-1912,SALT LAKE CITY,UT,84131,S,Y,77000,7.0,2475,2475
Zuoquan,Iglesia,210,157-1526,CHANNING,TX,79018,M,Y,6500,0.0,0,0
Kejun,Windisch,248,192-1882,WHEELER,MI,48662,S,Y,28500,3.9,3100,3100
Amar,Tedrick,207,154-1890,BRIDGEWATER,ME,4735,M,Y,12000,5.534672,0,2850
Giuliana,Kinnersley,662,149-1951,CHATHAM,MS,38731,M,N,56500,5.0,0,0
Luigi,Lucco,308,176-1965,OAKLAND,NE,68045,S,Y,3000,2.666556,103,103
Enrique,Iakovlev,228,186-1838,GULFPORT,MS,39502,M,Y,59500,5.0,0,1500
Felip,Lagarias,641,100-1762,SIDNEY,IA,51652,M,Y,96500,8.98,0,40
Preda,Rada,802,125-2064,LUDLOW,VT,5149,M,Y,49500,3.9899511,0,3300
Rieko,Hallman,603,104-1141,RYE,NH,3870,S,Y,31000,0.0,0,0
Eneko,Etalle,202,107-1206,WASHINGTON,DC,20306,M,N,57000,9.0,0,0
Francine,Hepple,307,199-1445,HILLSDALE,WY,82060,M,Y,92500,0.0,0,0
Maribeth,Terenzi,978,166-1199,WORCESTER,MA,1605,M,N,20500,5.3,0,0
Norwood,Lattin,603,116-1999,WALPOLE,NH,3608,M,N,1000,0.0,0,0
Freeman,Mihok,812,188-1418,FISHERS,IN,46038,M,N,95500,3.4,0,0
Norwin,Caneghem,520,198-1071,PHOENIX,AZ,85038,M,Y,79500,3.94725,0,2300
Ruizao,Geske,508,115-1746,DUXBURY,MA,2332,M,Y,63500,5.3,0,1000
Nanning,Leiba,206,105-1725,TWISP,WA,98856,M,N,63500,0.0,0,0
Miheko,Ateniese,308,185-1567,LINCOLN,NE,68523,S,Y,27000,6.84,103,103
Rajmohan,Pfau,603,150-2089,GORHAM,NH,3581,M,N,94000,0.0,0,0
Takanari,Pitchumani,405,158-1213,DAVIS,OK,73030,M,N,7500,4.6527777,0,0
Gernot,Sippu,775,183-1748,RENO,NV,89509,M,N,48500,0.0,0,0
Gaochao,Thibadeau,401,173-1220,CENTRAL FALLS,RI,2863,S,N,20000,0.0,0,0
Nikolaus,Junker,970,195-2024,GREELEY,CO,80632,S,N,27000,4.63,0,0
Seiji,Heuter,202,135-1536,WASHINGTON,DC,20016,S,Y,43500,9.0,1370,1370
Arndt,Carmo,715,175-1810,COBB,WI,53526,S,N,69000,5.6452885,700,0
Katsuni,Kartha,208,169-2030,BOISE,ID,83726,M,Y,78000,7.8,0,3300
Mehdi,Shiomi,641,102-1829,DURANT,IA,52747,S,Y,40000,6.339211,40,40
Channing,Bry,605,169-1127,BARNARD,SD,57426,M,Y,71000,0.0,0,0
Olivia,Rikino,907,144-1889,SELDOVIA,AK,99663,M,Y,34000,0.0,0,0
Asaf,Seshadri,580,144-1001,OKLAHOMA CITY,OK,73129,M,Y,15000,6.25,0,1000
Toshihide,Abadi,843,187-1110,SIMPSONVILLE,SC,29681,M,N,60500,7.0,0,0
Liba,Eyres,603,157-1920,MANCHESTER,NH,3102,M,Y,11500,0.0,0,0
Seungmi,Strayer,708,169-1398,MARINE,IL,62061,S,N,93500,3.0,2000,0
Viviane,Kaly,702,185-1037,NORTH LAS VEGAS,NV,89087,S,Y,8500,0.0,0,0
Jayanata,Grunberger,954,195-1657,MIAMI,FL,33153,S,N,4500,0.0,0,0
Evgueni,Kask,507,134-1993,GLENWOOD,MN,56334,S,Y,92500,7.85,3300,3300
Yukihisa,Spiliopoulou,304,196-1065,BUFFALO,WV,25033,S,Y,2000,3.0,2000,2000
Hideaki,Col,630,134-1795,GOLDEN EAGLE,IL,62036,M,Y,50500,3.0,0,2000
Venu,Pavlotskaya,731,181-2074,NASHVILLE-typoALMONT,NV,37212,M,N,1500,0.0,0,0
Thong,Chown,954,142-1606,PEMBROKE PINES,FL,33082,M,Y,81500,0.0,0,0
Seungjin,Esch,760,187-1258,KINGS BEACH,CA,96143,S,Y,92000,9.3,87,272
Tarmo,Oppitz,802,127-1596,PERU,VT,5152,S,Y,15000,3.6,3300,3300
Anu,Beraud,907,172-1465,POINT BAKER,AK,99927,S,N,57000,0.0,0,0
Avshalom,Standish,605,122-1110,WHITEWOOD,SD,57793,M,N,22500,0.0,0,0
Ora,Morrice,615,193-1991,MILLINGTON,TN,38055,M,N,8500,0.0,0,0
Hyunseung,Himsholt,207,198-1032,WINDSOR,ME,4363,S,Y,26000,8.5,2850,2850
Karon,Purvy,843,198-1556,HODGES,SC,29695,M,N,32500,7.0,0,0
Surjatini,Assche,503,175-1302,PORTLAND,OR,97259,S,N,27000,9.0,159,0
Annig,Lucas,720,139-1850,GREELEY,CO,80634,S,Y,73000,4.63,0,0
Giampio,Kaminka,208,157-1306,SAGLE,ID,83860,M,N,43000,7.8,0,0
Rowena,Chimia,605,199-1423,CANTON,SD,57013,M,N,55000,0.0,0,0
Rune,Kinter,618,176-1688,MADISON LAKE,IL-typoWV,60137,M,N,57000,3.0,0,0
Bodhisattwa,Rebaine,401,180-1284,PASCOAG,RI,2859,M,N,47500,0.0,0,0
Angel,Pesotchinsky,901,182-1850,CLEVELAND,TN,37320,M,N,68500,0.0,0,0
Juhana,Goswami,479,150-1424,BAY,AR,72411,S,Y,11000,2.8168998,20,20
Duraisamy,Bryce,208,173-1702,POCATELLO,ID,83206,M,Y,93500,7.8,0,3300
Pragnesh,Hanakawa,302,165-1473,WILMINGTON,DE,19850,M,Y,38500,4.484091,0,110
Achim,Hechler,571,159-1357,COEBURN,VA,24230,S,N,86000,5.75,900,0
Maurice,Lazell,302,115-1327,MILLVILLE,DE,19967,S,N,47500,5.097727,110,0
Mats,Kawagoe,269,143-1720,NEW LOTHROP,MI,48460,M,N,26000,3.9,0,0
Brigitta,Viragh,302,175-1144,ELLENDALE,DE,19941,M,N,65000,5.95,0,0
Jayashree,Shimasaki,478,100-1153,STILLMORE,GA,30464,S,Y,26500,6.0,2700,3000
Andrea,Marakhovsky,609,100-1604,MILMAY,NJ,8340,S,N,75000,2.267396,1000,0
Alden,Swab,304,169-1727,ENTERPRISE,WV,26568,M,Y,41500,5.205,0,2000
Cindy,Thamm,734,129-1104,CLARKSTON,MI,48347,S,N,53500,3.9,3100,0
Masako,Silcott,303,181-1727,PUEBLO,CO,81004,M,N,86000,4.63,0,0
Sandhya,Dahn,386,140-1166,CLEARWATER,FL,33766,S,Y,72000,0.0,0,0
Weikang,Hjalmtysson,229,145-1615,HILLSBORO,GA,31038,S,Y,45000,6.0,2700,3000
Jerrell,Iyengar,440,138-1652,ZANESFIELD,OH,43360,M,Y,30000,1.5418718,0,1300
Kumiko,Creemer,916,115-1716,LAGUNITAS,CA,94938,M,N,85000,9.3,0,0
Raffi,Rasche,406,160-1610,CORVALLIS-typoALMONT,MT-typoNV,59828,M,N,9000,4.4077587,0,0
Conrad,Dulitz,910,165-1089,AULANDER,NC,27805,M,Y,70500,7.2115383,0,3300
Petrisor,Kwatra,954,120-1763,SAINT PETERSBURG,FL,33716,M,N,66000,0.0,0,0
Salvador,Ishai,650,115-1346,BURBANK,CA,91521,S,Y,54500,9.3,87,272
Maziar,Ekanadham,302,198-2038,CLAYTON,DE,19938,M,Y,33000,4.109091,0,110
Bongki,Olien,207,128-1777,AUGUSTA,ME,4332,S,Y,44500,8.5,2850,2850
Rodney,Seibert,267,159-1998,UNIONTOWN,PA,15401,S,Y,43500,3.07,0,0
Giap,Rosti,787,155-1074,SAN JUAN,PR,910,M,Y,63000,0.0,0,0
Vijayan,Altepeter,781,133-1464,SOUTHFIELD,MA,1259,S,N,69000,5.3,3575,0
Anjaneyulu,Stage,307,197-1381,ROZET,WY,82727,M,Y,2500,0.0,0,0
Zvezdan,Bradey,307,143-1386,SAVERY,WY,82332,M,N,37500,0.0,0,0
Owen,Hylton,785,141-1424,WINFIELD,KS,67156,S,N,62000,6.45,2250,0
Shigang,Ettl,769,103-1930,MATHISTON,MS,39752,M,N,44500,5.0,0,0
Zoubin,Sunjaya,208,185-1054,COLBURN,ID,83865,S,N,75000,7.8,3300,0
Malu,Verlind,631,186-1484,STATEN ISLAND,NY,10312,M,Y,40500,4.188262,0,1000
Trijntje,Shebanow,701,181-1409,BISMARCK,ND,58504,M,Y,57000,2.4164684,0,3300
Bjarne,Khajenoori,775,116-1081,RENO,NV,89599,M,N,12500,0.0,0,0
Kriton,Anjan,307,139-1007,FORT WASHAKIE,WY,82514,M,N,49500,0.0,0,0
Dawn,Marazakis,801,176-1813,CLEARFIELD,UT,84015,S,Y,56000,7.0,2475,2475
Oscal,Olivier,787,164-1131,SAN JUAN,PR,908,S,N,41000,0.0,0,0
Yuguo,Almohammad,956,190-1698,EL PASO,TX,88554,M,Y,96000,0.0,0,0
Munseok,Cmelik,270,131-1354,OLIVE HILL,KY,41164,S,Y,89000,6.0,20,20
Vilena,Olveszky,702,186-1298,PAHRUMP,NV,89061,M,N,65500,0.0,0,0
Zohel,Stoller,609,148-1175,JERSEY CITY,NJ,7097,S,N,85500,2.4329896,1000,0
Subhachandra,Therber,641,157-1244,NORTH FORT MYERS,MI,50335,M,Y,97000,8.98,0,40
Cuneyt,Lamparter,402,145-1621,HAIGLER,NE,69030,M,N,28000,6.84,0,0
Shigekoto,Lakshmipathy,765,186-1640,AMBIA,IN,47917,M,N,47500,3.4,0,0
Veronik,Demos,314,142-1665,SAINT LOUIS,MO,63166,M,N,68500,6.0,0,0
Toyohiko,Episkopou,802,111-1416,CENTER RUTLAND,VT,5736,M,Y,65000,4.298331,0,3300
Meurig,Marcellin,304,169-1583,MOUNT ZION,WV,26151,S,Y,88000,6.5,2000,2000
Ferran,Nocetti,208,158-1438,CASTLEFORD-typoHARTMAN,ID-typoIA,83321,M,N,13000,4.9613023,0,0
Mikal,Huxford,406,184-1084,HARLEM,MT,59526,S,N,61500,6.9,1900,0
Mirta,Pottosin,920,160-1033,MENOMONIE,WI,54751,S,N,51500,5.3412237,700,0
Liam,Vrain,802,133-1430,MONTGOMERY CENTER,VT,5471,S,N,88000,4.755926,3300,0
Nan,Georgakopoulos,620,153-1779,SHAWNEE MISSION,KS,66250,M,N,59500,6.45,0,0
Ludek,Stauner,802,121-1131,SAINT JOHNSBURY,VT,5819,S,Y,27000,3.6,3300,3300
Shianyow,Flewelling,501,148-1938,ALEXANDER,AR,72002,S,N,93000,7.0,20,0
Gerth,Takizawa,907,142-1268,ANCHORAGE,AK,99513,S,Y,49500,0.0,0,0
Kamel,Ade,864,139-1925,MC BEE,SC,29101,M,Y,65500,7.0,0,3300
Arnd,Cuthill,781,168-2078,MADISON LAKE,GA,1128,M,Y,37000,5.3,0,1000
Tianji,Broomell,301,173-1237,CHURCHVILLE,MD,21028,M,Y,87000,4.75,0,2400
Carel,Barreiro,440,157-1094,MOUNT GILEAD,OH,43338,M,Y,41500,1.9236128,0,1300
Kais,Maassen,314,155-1117,NEW CAMBRIA,MO,63558,M,Y,69500,6.0,0,1200
Rakesh,Etzkorn,347,107-1847,BROWNVILLE,NY,13615,S,N,49000,4.2375,0,0
Christoforos,Pietrzykowski,719,151-1400,DENVER,CO,80299,S,Y,55500,4.63,0,0
Kosho,Eldridge,818,131-1352,MILL CREEK,CA,96061,M,Y,59000,9.3,0,272
Shin'ya,McFarland,603,111-1850,LISBON,NH,3585,M,Y,2000,0.0,0,0
Bekka,Kurino,414,176-1068,HEAFFORD JUNCTION,WI,54532,M,Y,79500,5.8277273,0,400
Cesar,Blaschek,212,163-1297,SUNNYSIDE,NY,11104,S,N,46500,4.223018,0,0
Nasreddine,Anton,651,146-1105,BABBITT,MN,55706,S,Y,21500,5.402828,3300,3300
Kahlil,Rispoli,203,187-1004,NORTH WINDHAM,CT,6256,S,N,71000,5.0,12750,0
Davood,Haarhoff,603,146-1607,GREENLAND,NH,3840,S,Y,36500,0.0,0,0
Becky,Gerasch,505,149-1167,EDGEWOOD,NM,87015,S,N,66000,5.3,3300,0
Yury,Kroon,443,162-1331,GLEN ARM,MD,21057,S,Y,14500,4.75,2400,2400
Fuminori,Lueh,630,173-1142,ERIE,IL,61250,S,Y,50000,3.0,2000,2000
Nicholas,Broch,619,147-2019,CLIPPER MILLS,CA,95930,S,Y,23000,4.9380026,87,272
Rephael,Gong,302,193-1515,TOWNSEND,DE,19734,S,N,62000,5.95,110,0
Suneel,McGavran,856,105-1438,LAWRENCE TOWNSHIP,NJ,8648,M,Y,11500,1.4,0,1500
Jianhua,Giguere,573,134-1809,SILVA,MO,63964,M,N,86000,6.0,0,0
Leendert,Schultes,912,139-1011,RIVERDALE,GA,30296,S,N,16500,6.0,2700,0
Aimee,Bourzoufi,505,195-1930,BOSQUE,NM,87006,M,N,4000,1.7,0,0
Hank,Carciofini,225,111-1397,BERNICE,LA,71222,S,N,93000,6.0,4500,0
Vivan,Thalhammer,302,107-1719,NEWARK,DE,19713,S,N,65500,5.95,110,0
Subir,Ranum,615,143-1343,KNOXVILLE,TN,37914,M,Y,37500,0.0,0,0
Eilon,Nastar,501,112-1715,WILLIFORD,AR,72482,S,N,49500,7.0,20,0
Edmond,Mikschl,202,153-1422,WASHINGTON,DC,20441,M,Y,99000,9.0,0,1370
Maung,Standish,302,119-2038,ODESSA,DE,19730,S,Y,56000,5.677273,110,110
Derick,Neidhardt,913,123-1260,PLAINVILLE,KS,67663,S,N,16000,3.6966667,2250,0
Esteban,Rudisin,217,147-1021,COOKSVILLE,IL,61730,M,Y,14000,3.0,0,2000
Geetha,Brinkschulte,337,114-2090,GRETNA-typoNORTH FORT MYERS,GA,70053,M,N,67000,6.0,0,0
Lissa,Helfrich,985,135-1514,JOYCE,LA,71440,S,N,16500,3.28,4500,0
Melody,Steenbeek,228,103-1850,TREBLOC,MS,38875,M,N,11000,5.0,0,0
Pierto,Wallrath,351,122-1725,MADISON LAKE,MA-typoCT,2066,S,N,89000,5.3,3575,0
Sonal,Rouat,630,190-1196,EVANSTON,IL,60201,S,Y,66000,3.0,2000,2000
Gerco,Czap,816,171-1780,HANNIBAL,MO,63401,M,N,78500,6.0,0,0
Gennady,Blom,352,194-1304,LA VETA,CT,34464,M,Y,44500,0.0,0,0
Horia,Hanratty,603,103-1651,LYME,NH,3768,M,N,88000,0.0,0,0
Thies,Ishigami,339,148-1951,NORTHFIELD,MA,1360,M,Y,52000,5.3,0,1000
Aamod,Kroeker,304,179-1550,LUMBERPORT,WV,26386,M,N,55000,6.1499996,0,0
Tahsin,Pardyak,262,174-1081,MADISON,WI,53705,M,Y,52000,5.349911,0,400
Maureen,Dress,918,132-1189,ATWOOD,OK,74827,S,Y,64000,6.25,1000,1000
Yiorgos,Tzannes,337,182-1210,BATON ROUGE,LA,70884,S,N,76500,6.0,4500,0
Joji,Dayang,317,146-1064,SCHERERVILLE,IN,46375,S,Y,32500,3.4,1000,1000
Xuding,Hennings,606,190-1308,TUTOR KEY,KY,41263,S,Y,87000,6.0,20,20
Gour,Fraysse,406,190-1164,MILDRED,MT,59341,S,Y,80000,6.9,1900,1900
Yixun,Strehlo,859,168-1735,PINE RIDGE,KY,41360,M,Y,24000,3.1666665,0,20
Rod,Rapps,207,100-1313,NEWRY,ME,4261,M,N,63000,8.5,0,0
Ambuj,Gilst,774,175-2033,HUMAROCK,MA,2047,M,N,12000,5.3,0,0
Marlon,Dagtas,708,157-1524,PARKERSBURG,IL,62452,M,Y,56000,3.0,0,2000
Rostam,Alm,412,128-1629,EDGEMONT,PA,19028,M,N,77000,3.07,0,0
Miyi,Schach,860,140-1365,NEW HAVEN,CT,6513,S,Y,53500,5.0,12750,0
Lachlan,McReynolds,339,102-1109,NEWTON LOWER FALLS,MA,2462,S,N,46500,5.3,3575,0
Kersti,Teitelbaum,616,183-1237,GRAND BLANC,MI,48480,S,N,30500,3.9,3100,0
Bishop,Thompson,505,180-1084,PERALTA-typoMADISON LAKE,NM-typoGA,87042,S,Y,89000,5.3,3300,3300
Yuanyuan,Miyachi,315,151-1885,NORTH ROSE,NY,14516,S,N,65000,4.330183,0,0
Azer,Kelleghan,702,135-1750,HARTMAN,NV-typoCT,89599,M,Y,90000,0.0,0,0
Ian,Vaudenay,256,177-1314,BOYKIN,AL,36723,S,N,61000,5.0,1500,0
Werther,Zellmann,785,191-1907,GOFF,KS,66428,S,Y,84000,6.45,2250,2250
Noriko,Zimanyi,319,187-1808,CHARITON,IA,50049,S,Y,76000,8.98,40,40
Thierry,Yagiura,401,123-1676,PAWTUCKET,RI,2862,S,Y,28000,0.0,0,0
Jianghong,Antoy,435,109-1741,SYRACUSE,UT,84075,S,Y,11000,7.0,2475,2475
Atilio,Kavasseri,208,150-1368,POLLOCK,ID,83547,S,Y,28000,7.8,3300,3300
Raju,Nishimura,712,172-1753,DAVENPORT-typoMADISON LAKE,IA-typoCT,52809,M,Y,72500,8.98,0,40
Amol,Monteverde,203,128-1034,WINDSOR,CT,6095,M,Y,6500,3.0,0,0
Yaorong,Risi,985,162-1498,CASTOR,LA,71016,S,N,26000,6.0,4500,0
Yuichi,Raufmann,228,107-1117,JACKSON,MS,39203,S,Y,54000,5.0,6000,1500
Raul,Lingard,406,109-1828,HELENA,MT,59601,S,Y,47500,6.9,1900,1900
Sreerama,Agmon,208,171-1029,BOISE,ID,83715,S,Y,59500,7.8,3300,3300
Melody,Anquetil,515,167-1197,ALLERTON,IA,50008,M,N,67500,8.98,0,0
Roma,Simovich,860,142-1429,NORTH FRANKLIN,CT,6254,M,N,42500,5.0,0,0
Nell,Soinard,201,157-2037,EATONTOWN,NJ,7724,M,Y,89000,2.4881873,0,1500
Takeaki,Bruni,971,126-1771,YAMHILL,OR,97148,S,N,13000,9.0,159,0
Ipke,Geraci,980,183-1010,GREENSBORO,NC,27416,S,Y,3500,6.0,3300,3300
Atsushi,Mlynski,907,159-1012,ANCHORAGE,AK,99520,M,N,5500,0.0,0,0
Dragutin,Henderson,509,125-1746,OAKVILLE,WA,98568,M,N,80500,0.0,0,0
Carma,Gilhooly,510,179-1016,VAN NUYS,CA,91470,S,N,14000,2.8133085,87,0
Antonia,Hoene,704,193-1087,WARRENSVILLE,NC,28693,S,N,62000,7.0332165,3300,0
Kaniaki,Pokrovskii,775,112-1861,GOLDFIELD,NV,89013,M,N,58000,0.0,0,0
Montse,Loffredo,406,102-1610,MOLT,MT,59057,S,Y,18500,6.9,1900,1900
Nieves,Mancey,503,123-1238,SALEM,OR,97308,S,Y,11500,9.0,159,159
Jude,Therrien,870,147-1497,HOLLY GROVE,AR,72069,S,N,96500,7.0,20,0
Alexandr,Bensard,563,136-1063,ARTHUR,IA,51431,S,Y,60000,8.98,40,40
Abdou,Dye,401,106-1163,WAKEFIELD,RI,2879,M,N,3000,0.0,0,0
Venkatraman,Sheridan,703,117-1055,CLAUDVILLE,VA,24076,M,Y,91500,5.75,0,900
Leelanivas,Niland,740,164-1724,SINKING SPRING,OH,45172,M,Y,15500,1.0605462,0,1300
Ra'ed,Quarrie,574,129-1948,INDIANAPOLIS,IN,46249,M,Y,19500,3.4,0,1000
Valentinas,Berczuk,208,183-1491,SWANLAKE,ID,83281,S,Y,17000,6.0967813,3300,3300
Liliana,Nerson,787,144-1142,PONCE,PR,732,S,Y,54000,0.0,0,0
Kazue,Smallbone,831,196-1951,VALENCIA,CA,91355,M,Y,64500,9.3,0,272
Choong,Pesch,563,164-1035,BLUE GRASS,IA,52726,M,Y,74500,8.98,0,40
Orran,Racz,480,105-1060,AJO,AZ,85321,M,N,77000,3.9084997,0,0
Nimish,Galbiati,802,177-1822,CAMBRIDGE,VT,5444,M,Y,78000,4.5569715,0,3300
Camelia,Sessions,812,156-1095,MILAN,IN,47031,M,N,60500,3.4,0,0
Pete,Eyres,503,127-1848,PHOENIX,OR,97535,M,N,99500,9.0,0,0
Catalina,Himsholt,952,102-1343,NORCROSS,MN,56274,S,N,4000,5.35,3300,0
Haruna,Spataro,803,103-2031,COLUMBIA,SC,29201,M,Y,95500,7.0,0,3300
Elizabeth,Rollinson,801,149-1090,LEEDS,UT,84746,M,N,45500,7.0,0,0
Teofilo,Halpin,435,184-1562,MIDWAY,UT,84049,S,N,95500,7.0,2475,0
Avigdor,Weistroffer,240,132-1933,BALTIMORE,MD,21278,S,N,48000,4.75,2400,0
Josyula,Chown,229,161-1675,ATLANTA,GA,31146,M,N,81000,6.0,0,0
Jiannong,Merel,205,181-1577,GORDON,AL,36343,M,N,19000,5.0,0,0
Hsu,Zielinski,907,131-1576,JBER,AK,99505,S,Y,41000,0.0,0,0
Miroslava,Dar,940,176-1443,UMBARGER,TX,79091,M,Y,60500,0.0,0,0
Guanghui,Desikan,419,123-2088,SCIOTO FURNACE,OH,45677,M,N,78500,3.151823,0,0
Didar,Pintz,480,179-1178,LA VETA,AZ-typoIA,85329,S,N,8000,2.87,2100,0
Yasmin,Mitkov,229,105-1317,NICHOLLS,GA,31554,S,N,42500,6.0,2700,0
Major,Krider,406,174-1619,GRANTSDALE,MT,59835,M,Y,93500,6.9,0,1900
Hratchia,Syrzycki,808,131-1000,HONOLULU,HI,96804,S,Y,98500,8.25,1040,1040
Nenna,Nevatia,740,198-1770,PETTISVILLE-typoBEACON FALLS,NV,43553,S,Y,14500,1.0273513,1300,1300
Mads,Lazell,224,178-1309,TRILLA,IL,62469,S,N,91500,3.0,2000,0
Fumihide,Syrjanen,202,155-1515,WASHINGTON,DC,20317,S,N,70000,9.0,1370,0
Yekta,Broodsky,636,107-1443,KINGSTON,MO,64650,M,N,40000,6.0,0,0
Jacquelyn,Bonacina,570,151-1277,CORAOPOLIS,PA,15108,M,Y,53500,3.07,0,0
Badrinath,Belleghem,251,145-1177,ROGERSVILLE-typoNORTH FORT MYERS,AL-typoGA,35652,S,N,32000,5.0,1500,0
Morgan,Cronan,605,153-1492,MISSION HILL,SD,57046,S,Y,57000,0.0,0,0
Hirendu,Schmill,423,106-1769,LA VETA,WV,38382,M,Y,21000,0.0,0,0
Inhan,Lakshmanan,906,141-1275,LENNON,MI,48449,M,Y,63000,3.9,0,3100
David,Baucke,907,141-1479,CHEFORNAK,AK,99561,S,Y,53000,0.0,0,0
Khalid,Meeson,301,194-1242,FUNKSTOWN,MD,21734,S,Y,19500,4.75,2400,2400
Hemant,Pena,304,119-1573,MOUNT HOPE,WV,25880,M,N,48500,5.6949997,0,0
Ildiko,Stanfel,207,131-1164,BRIDGEWATER,ME,4735,S,Y,34000,8.5,2850,2850
Sandeepan,Hofting,603,115-1703,WEST OSSIPEE,NH,3890,M,N,76500,0.0,0,0
Ildar,Stafylopatis,252,120-1377,LENOIR,NC,28645,M,Y,43500,6.645105,0,3300
Gueesang,Raje,775,130-1511,RENO-typoHARTMAN,GA,89521,M,N,52500,0.0,0,0
Alia,Reischert,304,155-1213,PRINCE,WV,25907,S,Y,58500,6.395,2000,2000
Corentin,Rasala,603,125-1424,MADBURY,NH,3823,S,Y,43000,0.0,0,0
Yordan,Feierbach,304,171-1536,SUMMIT POINT,WV,25446,S,N,62500,6.5,2000,0
Gerd,Babinski,505,173-1378,SAN CRISTOBAL,NM,87564,S,N,88000,5.3,3300,0
Huiqun,Rapin,541,101-1493,ENTERPRISE,OR,97828,S,N,63500,9.0,159,0
Livio,McNulty,787,137-1105,CAROLINA,PR,981,M,Y,12000,0.0,0,0
Juhnyong,Oberhauser,586,138-1075,SAGINAW,MI,48603,S,N,61500,3.9,3100,0
Kenong,Coray,262,146-1717,CEDARBURG,WI,53012,S,Y,45500,5.236973,700,400
Sizheng,Bergen,318,122-1639,LEBLANC,LA,70651,M,N,10500,2.0,0,0
Falko,Brilliant,304,128-1250,BAKER-typoALMONT,GA,26801,M,N,9000,3.0,0,0
Navin,Leitman,202,194-1211,WASHINGTON,DC,20251,S,Y,6500,4.5,1370,1370
Torleiv,Trucco,423,151-1518,PLEASANT HILL,TN,38578,M,N,27500,0.0,0,0
Eytan,Lackinger,440,189-1867,HOLMESVILLE,OH,44633,M,Y,62500,2.6207051,0,1300
Bishwaroop,Buchberger,970,105-1992,OPHIR,CO,81426,S,Y,39000,4.63,0,0
Aisheng,Mareels,803,104-1653,ISLE OF PALMS,SC,29451,M,Y,17000,7.0,0,3300
Garimella,Jaklic,614,150-1953,JACKSON,OH,45640,S,N,46000,2.07299,1300,0
Xuefei,Mukund,947,129-1317,PONTIAC,MI,48343,M,N,45000,3.9,0,0
Gregg,Wacholder,505,104-1885,PECOS,NM,87552,M,N,22500,5.3,0,0
Morry,Quiroz,228,186-1292,PETAL,MS,39465,S,Y,77000,5.0,6000,1500
Joris,Qutaishat,224,156-1704,CHICAGO,IL,60621,S,Y,16500,3.0,2000,2000
Nunzio,Broker,417,103-1788,BARNARD,MO,64423,M,N,22500,6.0,0,0
Ramachandran,Traupe,573,165-1012,GILLIAM,MO,65330,S,Y,36000,6.0,2100,1200
Iveta,Lesueur,620,153-1253,AMERICUS-typoMADISON LAKE,KS-typoNV,66835,S,N,60500,6.45,2250,0
Nong,Doucet,980,175-1379,CONCORD,NC,28027,M,Y,4500,6.0,0,3300
Vaughn,Lindenbaum,660,142-1131,CARL JUNCTION,MO,64834,S,N,76000,6.0,2100,0
Jarrellann,Bratvold,435,122-1635,SALT LAKE CITY,UT,84190,M,N,76500,7.0,0,0
Warren,Delatizky,551,127-1254,PORT READING,NJ,7064,M,N,39500,1.7075312,0,0
Walid,Blackall,207,108-1435,KITTERY,ME,3904,S,N,62000,8.5,2850,0
Shannon,Bittar,775,156-1043,MANHATTAN,NV,89022,S,Y,40000,0.0,0,0
Rasa,Kanneganti,410,191-1501,GAMBRILLS,MD,21054,S,N,71500,4.75,2400,0
Shin'ya,Tacic,803,103-1469,BOWMAN,SC,29018,M,N,79000,7.0,0,0
Hagen,Stasinski,425,134-1863,YAKIMA,WA,98901,M,N,39000,0.0,0,0
Enid,Lincoln,812,136-1889,LEITERS FORD,IN,46945,S,N,45500,3.4,1000,0
Erik,Surya,401,134-1821,OAKLAND,RI,2858,S,Y,49000,0.0,0,0
Omran,Willcock,406,123-1251,CHESTER,MT,59522,M,N,88500,6.9,0,0
Neal,Timkovsky,212,113-1321,CARMEL-typoLA VETA,NY-typoNV,10512,S,N,60500,4.304116,0,0
Carroll,Waema,563,170-1303,IOWA CITY,IA,52246,S,Y,10500,1.7850626,40,40
Jerker,Kutylowski,202,176-1265,WASHINGTON-typoMADISON LAKE,DC-typoNV,20540,M,N,30000,9.0,0,0
Steven,Kurfess,208,188-1016,MALTA,ID,83342,M,N,86500,7.8,0,0
Zhijian,Rehof,912,128-1722,MIDLAND,GA,31820,S,Y,47000,6.0,2700,3000
Thodoros,Ronkainen,301,145-1513,CUMBERLAND,MD,21502,M,N,17000,4.75,0,0
Daphna,Tanniru,775,147-1356,SEARCHLIGHT,NV,89046,S,N,79500,0.0,0,0
Ravindra,Erman,307,102-1495,DUBOIS,WY,82513,S,Y,45000,0.0,0,0
Soohong,Scheepers,701,136-1178,FARGO-typoALMONT,ND-typoNV,58109,M,N,83000,2.717867,0,0
Sujeet,Messabih,787,109-1050,NORTH FORT MYERS,PR-typoIA,738,M,N,87500,0.0,0,0
Tonia,Moeller,336,114-1205,ALBEMARLE,NC,28001,M,N,83000,7.4737763,0,0
Dietrich,Behr,775,176-2072,SILVERPEAK,NV,89047,M,Y,63500,0.0,0,0
Anthong,Michalak,769,150-2062,BEULAH,MS,38726,M,N,13000,5.0,0,0
Erick,Lienert,978,110-1211,DALTON,MA,1226,S,Y,45500,5.3,3575,1000
Melanie,Fraenkel,217,196-1763,SCIOTA,IL,61475,M,N,69500,3.0,0,0
Ytha,Landweber,801,149-1783,NORTH SALT LAKE,UT,84054,M,N,65500,7.0,0,0
Rose,Diz,907,121-1525,COPPER CENTER,AK,99573,M,N,2500,0.0,0,0
Anyuan,Dollas,603,193-1089,WENTWORTH,NH,3282,S,N,65500,0.0,0,0
Haidar,Solares,443,137-1712,PRINCESS ANNE,MD,21853,S,N,43500,4.75,2400,0
Golamreza,Loubersac,787,144-1247,LAS MARIAS,PR,670,S,N,94500,0.0,0,0
Swee,Bax,207,169-1590,VAN BUREN,ME,4785,M,Y,27500,8.5,0,2850
Wuudiann,Widenauer,808,118-1756,HANALEI,HI,96714,S,Y,97500,8.25,1040,1040
Georgia,Sawamiphakdi,304,182-1396,SANDYVILLE,WV,25275,M,Y,9500,3.0,0,2000
Ziv,Kaizoji,267,130-1940,MARION CENTER,PA,15759,M,Y,43500,3.07,0,0
Waiman,Gerbe,516,111-2058,MONROE,NY,10950,M,N,28500,4.11875,0,0
Verena,Gulliver,207,191-1062,PORTER-typoNORTH FORT MYERS,ME-typoIA,4068,S,Y,32000,8.5,2850,2850
Wee,Rauf,651,184-1109,EVELETH,MN,55734,M,Y,48000,6.8169155,0,3300
Mema,Bokhari,225,149-1122,JENNINGS,LA,70546,S,N,54000,6.0,4500,0
Hirotsugu,Reicke,573,112-1255,NEW FLORENCE-typoMADISON LAKE,GA,63363,M,N,20500,6.0,0,0
Seungmi,Goil,202,183-1173,WASHINGTON,DC,20565,S,Y,62500,9.0,1370,1370
Dolores,Thoben,209,101-1763,RIALTO,CA,92376,S,N,2000,1.0,87,0
Malvin,Foret,330,194-1090,MILFORD,OH,45150,S,Y,41500,1.9236128,1300,1300
Conn,Dahm,308,115-1218,MARQUETTE,NE,68854,S,Y,67500,6.84,103,103
Doan,Casley,769,186-1786,JACKSON,MS,39217,S,N,42500,5.0,6000,0
Marlis,Wahab,815,162-1424,REDDICK,IL,60961,M,Y,84000,3.0,0,2000
Nanda,Justo,509,127-1761,MCKENNA,WA,98558,S,N,7000,0.0,0,0
Keiko,Hettich,361,157-1209,LINGLEVILLE,TX,76461,S,N,66500,0.0,0,0
Vials,Rackoff,513,141-1696,CANTON,OH,44721,S,Y,55000,2.3717437,1300,1300
Kalev,Auletta,203,138-1102,CHESHIRE,CT,6408,M,N,40500,5.0,0,0
Feixiong,Mudambi,802,163-1638,MARLBORO,VT,5344,S,N,38000,3.7611532,3300,0
Sylvia,Pulkowski,706,173-1068,DECATUR,GA,30030,S,N,69000,6.0,2700,0
Sylvian,Kamm,603,182-1291,BELMONT,NH,3220,S,Y,59500,0.0,0,0
Diederik,Bodei,405,185-1874,SNOW,OK,74567,M,N,24000,6.25,0,0
Shizuo,Tedijanto,361,184-1748,TERRELL,TX,75160,S,N,65000,0.0,0,0
Low,Deren,719,121-1574,SLATER,CO,81653,M,Y,41500,4.63,0,0
Harald,Rase,501,195-2034,JONESBORO,AR,72404,S,N,30000,7.0,20,0
Shooichi,Maldonado,631,125-1222,NEW YORK,NY,10006,S,N,24500,4.095579,0,0
Shyamsundar,Deogon,402,165-1580,ASHLAND,NE,68003,S,Y,51000,6.84,103,103
Doyne,Danlos,207,194-1314,EAST ANDOVER,ME,4226,M,N,85500,8.5,0,0
Shaowei,Leiss,406,141-1177,HIGHWOOD,MT,59450,M,N,44500,6.9,0,0
Samaradasa,Dubhashi,319,186-1401,HAVERHILL,IA,50120,S,N,74500,8.98,40,0
Changwook,Brunovsky,856,182-1310,MONROEVILLE,NJ,8343,S,N,33500,1.6129062,1000,0
Tero,Demeyer,307,113-1320,CROWHEART,WY,82512,S,Y,87000,0.0,0,0
Yunyao,Pitteway,302,109-1556,WILMINGTON,DE,19808,S,Y,4500,2.2,110,110
Yibing,Antao,303,157-2064,DACONO,CO,80514,S,Y,42500,4.63,0,0
Udaiprakash,Desal,812,107-1970,ALMONT,IN-typoIA,46033,S,Y,8500,3.4,1000,1000
Roseane,Bhavnani,936,127-1399,HOUSTON,TX,77042,M,Y,97000,0.0,0,0
Yukata,Bourzoufi,435,148-1911,BRIAN HEAD,UT,84719,S,N,72000,7.0,2475,0
Rosmarie,Pollacia,562,156-1999,COMPTON-typoNORTH FORT MYERS,CT,90223,M,N,5500,1.0,0,0
Kavi,Gore,920,175-1113,DANBURY,WI,54830,M,N,94000,6.079667,0,0
Jaime,Sessions,603,164-1548,RANDOLPH,NH,3593,M,Y,76500,0.0,0,0
Aarne,McFarland,701,156-1468,ZAP,ND,58580,M,Y,20500,2.1,0,3300
Mee,Mackenthun,808,118-1754,KANEOHE,HI,96744,S,Y,2000,1.4,1040,1040
Chongkye,Philippou,503,144-1229,ADRIAN,OR,97901,S,N,59500,9.0,159,0
Niek,Ahanger,505,199-1931,LAKE ARTHUR,NM,88253,M,N,30500,5.3,0,0
Samir,Wortmann,775,154-1102,CARSON CITY,NV,89714,M,Y,37500,0.0,0,0
Nia,Vuskovic,701,185-1452,GLADSTONE,ND,58630,M,N,93000,2.8337893,0,0
Ugis,Weinert,386,157-1836,DEBARY,FL,32753,M,N,14000,0.0,0,0
Weizhen,Anstee,304,182-1205,FOLSOM,WV,26348,M,Y,28500,4.295,0,2000
Denny,Chenoweth,304,193-1918,CHARLESTON,WV,25309,S,Y,59000,6.4300003,2000,2000
Margarida,Cerone,505,100-1425,ELEPHANT BUTTE,NM,87935,S,Y,24500,5.3,3300,3300
Kalyanmoy,Kark,605,144-1475,ONIDA,SD,57564,S,Y,43000,0.0,0,0
Aamer,Weener,302,134-1861,ELLENDALE-typoMADISON LAKE,DE-typoCT,19941,S,N,33000,4.109091,110,0
Jaspal,Dangelo,843,178-1524,SMOAKS,SC,29481,M,Y,13500,7.0,0,3300
Gerri,Vaananen,479,148-1860,HARRELL-typoALMONT,AR-typoNV,71745,M,N,65500,7.0,0,0
Reme,Vetterli,304,139-1630,OTTAWA,WV,25149,M,N,4000,3.0,0,0
Dino,Roucairol,319,101-1997,WEST DES MOINES,IA,50266,S,Y,82000,8.98,40,40
Jason,Hochgesang,870,159-2092,DODDRIDGE,AR,71834,S,Y,1000,1.0,20,20
Arindam,Marefat,928,194-1016,CROWN KING,AZ,86343,S,N,14000,2.932,2100,0
Hiraku,Baade,207,108-1070,MONROE,ME,4951,S,N,45000,8.5,2850,0
Kellie,Takaki,314,144-2041,HALLSVILLE,MO,65255,S,Y,8500,5.71875,2100,1200
Vials,Mussa,580,112-1499,WARNER,OK,74469,S,N,77000,6.25,1000,0
Carolyn,Ramanna,319,187-1206,EARLY,IA,50535,S,N,12500,2.0938184,40,0
Osnat,Giacomo,573,157-1252,CREIGHTON,MO,64739,S,N,37500,6.0,2100,0
Liane,Ziegler,802,166-1586,SHEFFIELD,VT,5866,S,Y,53500,4.069533,3300,3300
Luai,Schrooten,715,189-1926,MILWAUKEE,WI,53226,S,N,83500,5.8972282,700,0
Jakub,Agostino,970,182-1828,LITTLETON,CO,80125,S,Y,71500,4.63,0,0
Damodar,MacNair,203,125-1525,DANBURY-typoALMONT,IA,6814,M,N,6500,3.0,0,0
Maneesh,Nitsch,480,162-1351,SEDONA,AZ,86339,S,Y,8000,2.87,2100,2300
Nanchang,Wasano,425,131-1524,SEATTLE,WA,98189,M,Y,64500,0.0,0,0
Harpreet,Battaiola,804,151-1051,VESUVIUS,VA,24483,S,Y,60500,5.75,900,900
Benhur,Yeun,802,100-1459,SAINT JOHNSBURY CENTER,VT,5863,M,N,94000,4.8752995,0,0
Zarko,Tack,785,129-1856,OAKLEY,KS,67748,M,N,90500,6.45,0,0
Yifei,Samarati,702,111-1327,RENO,NV,89515,M,Y,52000,0.0,0,0
Julien,Beninger,603,183-1966,CENTER TUFTONBORO,NH,3816,M,N,16500,0.0,0,0
Guohong,Baz,515,110-1348,GRAND RIVER-typoBEACON FALLS,NV,50108,M,N,64000,8.98,0,0
Nazir,Ivanova,505,123-1777,ARTESIA-typoMADISON LAKE,NM-typoNV,88211,S,N,81000,5.3,3300,0
Belaid,Kagi,843,119-1790,WATERLOO,SC,29384,S,N,15500,7.0,3300,0
Wieb,Baroglio,414,118-1637,JUNEAU,WI,53039,M,Y,25500,4.8894696,0,400
Vasilis,Jelasity,314,134-1310,NEWARK,MO,63458,S,N,87000,6.0,2100,0
Maroua,Stollon,304,171-1554,COLFAX,WV,26566,S,N,58000,6.3599997,2000,0
Tasuro,Anjum,605,136-1591,SPRINGFIELD,SD,57062,M,Y,20000,0.0,0,0
Shudong,Kahana,517,165-1707,BEULAH,MI,49617,S,N,93500,3.9,3100,0
Divesh,Roohalamini,505,197-1423,PENA BLANCA,NM,87041,S,Y,83500,5.3,3300,3300
Alair,Sreenan,636,107-1729,KANSAS CITY,MO,64108,M,Y,75000,6.0,0,1200
Sanjay,Brykczynski,307,100-1771,BONDURANT,WY,82922,S,Y,33000,0.0,0,0
Agneta,Braschler,410,138-1461,ELLERSLIE,MD,21529,S,Y,12500,4.75,2400,2400
Vyjayanti,Chinal,901,173-1094,SEWANEE,TN,37383,S,N,42000,0.0,0,0
Kiyoto,Hansmann,775,124-1159,VALMY-typoHARTMAN,MI,89438,S,Y,80000,0.0,0,0
Francisco,Zahar,574,186-1510,CROTHERSVILLE,IN,47229,S,Y,43500,3.4,1000,1000
Xuerong,Tretkoff,860,123-1155,QUINEBAUG-typoBEACON FALLS,MI,6262,M,N,75500,5.0,0,0
Mandy,Coradeschi,504,188-1530,NEW ORLEANS,LA,70154,M,N,55500,6.0,0,0
Manu,Krishnan,417,106-1889,GORDONVILLE-typoALMONT,WV,63752,S,Y,93500,6.0,2100,1200
Hiro,Horinokuchi,562,192-1286,PASADENA,CA,91106,M,N,47000,9.3,0,0
Mahfoud,Bromley,864,170-1432,SUMTER,SC,29151,M,N,21500,7.0,0,0
Teresemarie,Farrahi,208,166-1225,NEW PLYMOUTH,ID,83655,S,Y,53500,7.8,3300,3300
Haiming,Sanden,870,179-1823,LITTLE ROCK,AR,72205,M,Y,59500,7.0,0,20
Mandell,Livari,757,144-1472,NICKELSVILLE,VA,24271,S,N,6500,2.9375,900,0
Jano,Baca,413,168-1060,NORTH EASTHAM,MA,2651,S,N,14000,5.3,3575,0
Amilcar,Ruffin,971,142-2098,SPRINGFIELD,OR,97478,M,Y,83500,9.0,0,159
M'hamed,Landvogt,802,152-1311,RANDOLPH CENTER,VT,5061,S,Y,22000,3.6,3300,3300
LuoQuan,Sestoft,641,114-1819,MIDDLE AMANA-typoLA VETA,IA-typoGA,52307,M,Y,69500,8.98,0,40
Danai,Coupe,307,115-2059,BURNS,WY,82053,M,N,23500,0.0,0,0
Claudius,Affisco,713,166-1036,DALLAS,TX,75223,S,Y,95500,0.0,0,0
Maja,Wilfing,515,147-1025,HULL,IA,51239,M,Y,67000,8.98,0,40
Xinhau,Junet,939,153-1467,FLORIDA,PR,650,M,Y,64000,0.0,0,0
Willemien,McCaig,814,188-2032,SCRANTON,PA,18577,M,N,7000,3.07,0,0
Juregn,Mueller,319,116-1874,MITCHELLVILLE,IA,50169,M,N,65000,8.98,0,0
Heribert,Luckhardt,972,152-1652,TRENTON,TX,75490,S,Y,2000,0.0,0,0
Rana,Delcoigne,601,136-2081,BILOXI,MS,39532,M,Y,40000,5.0,0,1500
Baio,Piccinini,270,141-1458,MALLIE,KY,41836,M,N,39500,4.0277777,0,0
Stanford,Mizutani,580,152-1028,INOLA,OK,74036,M,Y,84000,6.25,0,1000
Hiromitsu,Nguifo,815,152-1848,HUME,IL,61932,S,Y,60500,3.0,2000,2000
Maya,Kadin,931,183-1395,LACONIA,TN,38045,S,Y,49500,0.0,0,0
Ilsoo,Assche,214,102-2026,REAGAN,TX,76680,M,Y,50000,0.0,0,0
Yuiti,Panwar,907,134-1551,KAKTOVIK,AK,99747,M,Y,39000,0.0,0,0
Thore,Rustenburg,304,151-1792,ELK GARDEN,WV,26717,S,N,51500,5.9049997,2000,0
Mansoor,Svjatnyi,918,114-1491,WELCH,OK,74369,M,N,500,0.5,0,0
Demin,Basagni,615,160-1484,TULLAHOMA,TN,37388,M,Y,83500,0.0,0,0
Vincente,Shigei,802,118-2069,NORTH HYDE PARK,VT,5665,S,Y,48500,3.9700556,3300,3300
Amitava,Heiler,864,181-1680,UNA,SC,29378,M,Y,39000,7.0,0,3300
Conor,Kingham,484,194-1202,KENNETT SQUARE,PA,19348,S,Y,12000,3.07,0,0
Lyndon,Milicia,248,119-1265,PARIS,MI,49338,M,Y,82000,3.9,0,3100
Piriya,Kadur,971,183-2065,WHEELER,OR,97147,M,Y,41500,9.0,0,159
Hrant,Schuning,915,116-1527,VAN HORN,TX,79855,S,N,12500,0.0,0,0
Maartje,Reis,774,113-1044,NORTH ADAMS,MA,1247,S,Y,2500,5.3,3575,1000
Lalit,Gladwell,808,195-1178,HONOKAA,HI,96727,S,N,88500,8.25,1040,0
Hayong,Meckler,802,156-1179,LYNDON,VT,5849,M,N,56000,4.1192713,0,0
Lidia,Sooriamurthi,802,133-1653,MONKTON,VT,5469,S,N,41000,3.8208396,3300,0
Ravindran,Machlin,724,100-1956,MARTINSBURG,PA,16662,M,N,4500,3.07,0,0
Norio,Hohberg,301,194-1196,FREDERICK,MD,21705,M,Y,9000,4.75,0,2400
Chengdian,Tourancheau,207,136-1392,WELLS,ME,4090,S,N,36000,8.5,2850,0
Francois,Lucic,302,147-1972,WINTERTHUR,DE,19735,M,Y,79500,5.95,0,110
Setsuo,Zodik,406,141-1465,BONNER,MT,59823,S,N,32000,6.9,1900,0
Keyun,Charissis,920,129-1228,ARENA,WI,53503,M,N,94500,6.0883546,0,0
Miroslava,Protzel,256,132-1154,FRUITDALE,AL,36539,S,N,28500,5.0,1500,0
Narjes,Womack,203,106-1416,WOODSTOCK VALLEY,CT,6282,M,N,6500,3.0,0,0
Baile,Maierhofer,603,133-1002,GLEN-typoLA VETA,NH-typoWV,3838,S,Y,72000,0.0,0,0
Allan,Spielman,504,100-1300,BRUSLY,LA,70719,M,N,66000,6.0,0,0
Curtis,Zohar,435,179-1169,SALT LAKE CITY,UT,84117,M,Y,23500,7.0,0,2475
Marty,Barcucci,336,178-1079,NEWTON GROVE,NC,28366,M,N,91500,7.6520977,0,0
Hauke,Kaushal,267,148-1969,DARBY,PA,19023,M,N,40000,3.07,0,0
Florentin,Boizumault,859,127-1040,LATONIA,KY,41015,S,N,5000,2.1111112,20,0
Shaul,Ramaswamy,435,199-1555,ALTAMONT,UT,84001,S,N,10500,7.0,2475,0
Sherman,Chilenski,406,112-1368,NYE,MT,59061,M,N,63000,6.9,0,0
Mahan,Kildall,701,129-1685,FARGO,ND,58108,S,Y,3500,2.1,3300,3300
Marjorie,Nepomniaschy,253,191-1470,ETHEL,WA,98542,S,N,12000,0.0,0,0
Jurg,Hardaway,231,159-1850,FRONTIER,MI,49239,M,N,25000,3.9,0,0
Fintan,Nadig,636,148-1937,VERONA,MO,65769,M,Y,52500,6.0,0,1200
Kerstin,Dinsenmeyer,505,145-1860,SANTA FE,NM,87505,M,N,49500,5.3,0,0
Torkel,Ackermann,405,133-1402,GOULD,OK,73544,S,N,51500,6.25,1000,0
Arnd,Stefani,701,153-1842,COGSWELL,ND,58017,M,N,28000,2.1,0,0
Izumi,Hasenauer,701,113-1415,TOKIO,ND,58379,S,Y,69500,2.5613713,3300,3300
Mangesh,Panagaden,701,183-1086,LARIMORE,ND,58251,M,Y,8500,2.1,0,3300
Olympia,Ruckebusch,307,187-1141,GILLETTE,WY,82717,M,N,32500,0.0,0,0
Rejane,Goktas,307,160-1070,EVANSTON,WY,82931,M,Y,17000,0.0,0,0
Sheetal,Dave,602,149-1914,PHOENIX,AZ,85065,S,Y,81000,3.9705,2100,2300
Jianna,Marrevee,801,169-1989,SALT LAKE CITY,UT,84115,S,N,70000,7.0,2475,0
Orlando,Ireland,651,148-1813,DAKOTA-typoALMONT,IA,55925,M,Y,28500,5.7763605,0,3300
Baziley,Rebizant,337,160-1654,KENNER,LA,70064,M,N,55000,6.0,0,0
Donny,Bekesi,870,191-1799,HIGGINSON-typoALMONT,AR-typoGA,72068,M,N,35000,7.0,0,0
Navin,Lockington,256,127-1887,MONTGOMERY-typoALMONT,AL-typoWV,36104,M,Y,41000,5.0,0,300
Gara,Baj,603,168-1964,PIKE,NH,3780,S,N,57500,0.0,0,0
Kalidou,Mersmann,443,187-1600,WHITE HALL,MD,21161,M,Y,5500,4.75,0,2400
PeiZong,Cochrane,405,163-1939,FAIRMONT,OK,73736,S,N,94000,6.25,1000,0
Katsura,Buchinger,203,150-1493,GLASTONBURY,CT,6033,S,N,66000,5.0,12750,0
Weijia,Fasel,304,163-1912,NORTH FORT MYERS,GA,25082,S,N,95000,6.5,2000,0
Narayanan,Nagase,308,164-1088,TABLE ROCK-typoALMONT,NE-typoIA,68447,S,Y,72000,6.84,103,103
Nuno,Phan,971,170-1223,MADISON LAKE,OR-typoWV,97230,M,N,35000,9.0,0,0
Reem,Tomia,650,158-1781,CANTUA CREEK,CA,93608,M,Y,12500,2.4591928,0,272
Viliam,Pose,607,184-1299,BROOKLYN,NY,11251,M,N,15500,4.043445,0,0
George,Delcour,347,102-1619,EAST MARION,NY,11939,M,Y,86500,4.4547257,0,1000
Rame,Macnee,401,104-1717,WARWICK,RI,2889,S,Y,21500,0.0,0,0
Rosli,Mantione,701,135-1737,STARKWEATHER,ND,58377,M,N,51000,2.3469148,0,0
Hitoshi,Rice,208,146-2046,SWANLAKE,ID,83281,S,N,16500,5.954847,3300,0
Kalman,Dunbar,636,185-2077,WORTHINGTON,MO,63567,S,Y,96000,6.0,2100,1200
Manuel,Cullers,920,133-1419,ONALASKA,WI,54650,M,N,28500,4.941595,0,0
Duane,Wynblatt,608,164-1143,BLACK CREEK-typoMADISON LAKE,WI-typoGA,54106,M,N,2500,4.6,0,0
Han,Baransel,540,149-1228,WACHAPREAGUE,VA,23480,M,Y,30000,5.75,0,900
Subhasish,Taka,864,153-1804,LEXINGTON,SC,29073,M,Y,4000,3.1259727,0,3300
Fetima,Roucairol,980,187-1154,BROADWAY,NC,27505,S,N,37000,6.5087414,3300,0
Tohru,Billard,505,136-1369,LORDSBURG,NM,88045,S,Y,98000,5.3,3300,3300
Menkae,Terziyan,803,158-2027,COLUMBIA,SC,29203,M,Y,14500,7.0,0,3300
Igor,Martello,843,100-2013,NORTH FORT MYERS,MI,29905,S,N,31500,7.0,3300,0
Samar,Tusera,203,165-1387,WESTPORT,CT,6881,S,Y,98000,5.0,12750,0
Mallika,Sigel,410,158-1540,LINTHICUM HEIGHTS,MD,21090,S,Y,52500,4.75,2400,2400
Chengyu,Deyuan,787,167-1580,COROZAL,PR,783,S,Y,19500,0.0,0,0
Aisheng,Janowski,208,105-1254,UCON,ID,83454,S,Y,56500,7.8,3300,3300
Hongen,Hickman,240,145-1128,POINT OF ROCKS,MD,21777,S,Y,54000,4.75,2400,2400
Marcello,Galand,256,189-1253,BIRMINGHAM,AL,35246,S,N,1000,2.6,1500,0
Roya,Kropatsch,906,151-1047,SAGINAW,MI,48603,M,N,60500,3.9,0,0
Yarsun,Morioka,732,155-1956,WEEHAWKEN,NJ,7086,M,N,5000,1.4,0,0
Janett,Kadous,316,169-1471,WAKARUSA,KS,66546,S,N,94500,6.45,2250,0
Dino,Backhouse,256,172-1922,WATTSVILLE,AL,35182,S,Y,98500,5.0,1500,300
Hongchi,Itzigehl,563,163-1313,FRUITLAND,IA,52749,S,Y,65500,8.98,40,40
Rens,Coorg,302,154-1403,MADISON LAKE,DE-typoNV,19894,S,Y,1500,2.2,110,110
Harumi,Mitzner,312,147-1538,POTOMAC,IL,61865,M,Y,73500,3.0,0,2000
Hollyn,Andaleon,770,110-2044,MARSHALLVILLE,GA,31057,S,N,95500,6.0,2700,0
Kyle,Jorgensen,304,128-2082,HUGHESTON,WV,25110,M,Y,74500,6.5,0,2000
Noah,Alpin,614,131-1469,MECHANICSTOWN,OH,44651,S,N,42500,1.9568077,1300,0
Peiwei,MacNaughton,787,105-1602,CAROLINA,PR,983,S,Y,18500,0.0,0,0
Gustaf,Benton,310,173-1117,WEST POINT,CA,95255,S,N,44000,9.3,87,0
Pomset,Iturrioz,206,161-2045,EVERETT,WA,98208,S,N,14500,0.0,0,0
Savita,Ossenbruggen,318,140-1204,LA VETA,LA-typoCT,70148,S,N,64000,6.0,4500,0
Dipankar,Demiroz,505,165-1664,RIO RANCHO,NM,87174,S,N,7000,2.2142859,3300,0
Bhuwan,Bahr,859,144-1063,BURKESVILLE,KY,42717,S,N,22000,3.0555556,20,0
Aleta,Demmel,617,124-1122,NORTH AMHERST,MA,1059,M,N,11000,5.3,0,0
Guanghua,Eustace,252,105-1762,DAVIS,NC,28524,S,Y,500,6.0,3300,3300
Khurram,Zagha,606,186-1155,EWING,KY,41039,M,N,13000,2.5555556,0,0
Motoyuki,Tsatalos,336,116-1202,MICRO,NC,27555,M,Y,23500,6.2255244,0,3300
Domenico,Stolcke,802,127-1600,GLOVER,VT,5839,S,N,22000,3.6,3300,0
Artyom,Rueda,912,154-1029,ELLIJAY,GA,30536,M,Y,80000,6.0,0,3000
Anneke,Blue,334,198-2056,MADISON LAKE,AL-typoCT,36009,M,Y,78000,5.0,0,300
Hyoung,Coron,503,184-1600,OTTER ROCK,OR,97369,S,Y,2000,5.0,159,159
Johann,Rusmann,307,192-1130,SHOSHONI-typoHARTMAN,NV,82649,M,N,54000,0.0,0,0
Wilmer,Abeln,303,150-1803,PARADOX,CO,81429,M,Y,54500,4.63,0,0
Stelios,Polt,406,134-1548,COLUMBUS,MT,59019,M,N,7000,3.3905172,0,0
Albrect,Rebizant,269,174-1225,GRAND RAPIDS,MI,49550,S,Y,23500,3.9,3100,3100
Chuan,Tagashira,862,160-1836,ALLENWOOD,NJ,8720,M,N,38000,1.683875,0,0
Maksim,Pinkston,515,158-1352,ALBIA,IA,52531,M,N,42000,6.6479673,0,0
Shangzhi,Bhuskute,623,146-1455,NORTH FORT MYERS,AZ-typoNV,85603,S,Y,13000,2.9164999,2100,2300
Carlisle,Lipponen,515,116-1400,PATON,IA,50217,S,Y,2500,0.55003923,40,40
Soazig,Mazzocca,704,130-1671,WOODLAND,NC,27897,M,Y,95000,7.7255244,0,3300
Dick,Crooks,843,187-1718,GREENVILLE,SC,29611,S,N,17000,7.0,3300,0
Jinglie,Marathe,701,177-1436,MICHIGAN,ND,58259,M,N,47500,2.306342,0,0
Siba,Viereck,309,166-1060,ROSCOE,IL,61073,S,N,44000,3.0,2000,0
Steffen,Pantano,414,116-1275,SOUTH WAYNE,WI,53587,S,Y,93000,6.062292,700,400
Weikai,Penz,605,143-1522,SMITHWICK,SD,57782,S,N,41500,0.0,0,0
Bennett,Whitelock,206,135-1019,JOYCE,WA,98343,M,Y,95500,0.0,0,0
Colm,Grigsby,804,128-1315,ABINGDON,VA,24212,M,N,79500,5.75,0,0
Dionysis,Take,651,124-1488,MONTICELLO,MN,55590,S,Y,86000,7.85,3300,3300
Limsson,Purna,574,153-1853,LIBERTY,IN,47353,M,N,95500,3.4,0,0
Ozalp,Noik,509,140-1192,SEATTLE,WA,98194,M,N,74500,0.0,0,0
Jamel,Debelack,801,151-1938,MINERSVILLE,UT,84752,S,N,33000,7.0,2475,0
Hjalmtyr,Rehof,443,123-1761,ANNAPOLIS,MD,21402,S,N,28500,4.75,2400,0
Neri,Siems,484,162-1097,BLUE RIDGE SUMMIT,PA,17214,M,N,61000,3.07,0,0
Gwang,Vitthal,772,192-1591,JACKSONVILLE,FL,32226,S,N,42500,0.0,0,0
Manlio,Nagavamsi,660,131-1286,ROCKBRIDGE,MO,65741,M,N,500,1.5,0,0
Sitt,Don,772,108-1428,HOMESTEAD,FL,33033,S,Y,62500,0.0,0,0
Soklei,Betourne,580,176-1598,DEER CREEK,OK,74636,M,N,43500,6.25,0,0
Doru,Coy,907,176-1901,ANCHORAGE,AK,99513,S,N,75000,0.0,0,0
Kristin,Sturmfels,208,114-1841,VICTOR,ID,83455,M,Y,67000,7.8,0,3300
Surojit,Vicolov,707,102-1935,LIKELY,CA,96116,S,Y,2500,1.0,87,272
Bodhi,Peuto,580,114-1292,FLETCHER,OK,73541,M,N,26500,6.25,0,0
Theodora,Pakkan,573,105-2023,NEW LONDON,MO,63459,M,Y,2500,2.34375,0,1200
Cyr,Saffell,501,146-1646,MORO,AR,72368,S,Y,63500,7.0,20,20
Graziella,Yamagchi,256,183-1556,BIRMINGHAM,AL,35277,S,Y,39000,5.0,1500,300
Alban,Quarrie,229,134-1017,KEYSVILLE,GA,30816,M,N,71000,6.0,0,0
Irini,Arroyo,208,172-1161,ARIMO,ID,83214,M,N,43000,7.8,0,0
Abdul,Courtenage,980,195-1343,PLEASANT HILL,NC,27866,S,N,24500,6.2465034,3300,0
Amalia,Delcour,970,100-1460,PAGOSA SPRINGS,CO,81157,M,N,25500,4.63,0,0
Femi,Bell,806,121-1256,HOUSTON,TX,77247,M,Y,11500,0.0,0,0
Marlo,Buchter,207,151-1714,MILLINOCKET,ME,4462,S,N,59500,8.5,2850,0
Meera,Dalton,803,116-1426,SHELDON,SC,29941,M,Y,87000,7.0,0,3300
Anderson,Reboh,401,197-1425,HARMONY,RI,2829,S,Y,44000,0.0,0,0
Motoshi,Trelles,865,154-1214,COUNCE,TN,38326,M,N,79000,0.0,0,0
Patrenahalli,Pidd,843,161-1878,NORTH CHARLESTON,SC,29420,M,N,40000,7.0,0,0
Isil,Olaniran,816,178-1583,SAINT MARY,MO,63673,M,Y,26000,6.0,0,1200
Farshid,Morreau,412,197-1018,ELGIN,PA,16413,M,N,85500,3.07,0,0
Hoang,Guetari,318,116-1248,ALEXANDRIA,LA,71307,S,Y,66000,6.0,4500,1000
Xiulin,Podkolzin,215,133-1906,PAXINOS,PA,17860,S,N,54500,3.07,0,0
Raimundo,Dasarathy,843,195-1417,MC CONNELLS,SC,29726,M,Y,33000,7.0,0,3300
Daphna,Montemayor,702,111-1426,MADISON LAKE,NV-typoWV,88905,S,N,14500,0.0,0,0
Thimothy,Giggi,304,113-2063,HUNTINGTON,WV,25718,M,N,74000,6.5,0,0
Yonghun,Arens,415,108-1524,FRESNO,CA,93744,S,N,36000,8.007006,87,0
Xiaoxin,Berk,207,178-1864,HULLS COVE,ME,4644,S,N,65500,8.5,2850,0
Mariusz,Clearwater,615,114-1954,GREENEVILLE,TN,37743,M,Y,84000,0.0,0,0
Dongdai,Godo,208,145-1916,IDAHO FALLS,ID,83404,M,N,63000,7.8,0,0
Sanjeeva,Heemskerk,202,183-1703,WASHINGTON,DC,20073,S,Y,21500,7.0874996,1370,1370
Yoshide,Lipper,858,176-1260,LOMA LINDA,CA,92357,M,N,32500,7.1807356,0,0
James,Pocchiola,502,118-1947,WEBSTER,KY,40176,M,Y,64000,5.388889,0,20
Rajat,Pinna,775,176-2065,HENDERSON,NV,89053,M,Y,54000,0.0,0,0
Felix,Loncour,760,159-2046,GOODYEARS BAR,CA,95944,M,N,73500,9.3,0,0
Collette,Curthoys,307,124-1838,CORA,WY,82925,S,N,28500,0.0,0,0
Sigenobu,Gerli,719,170-1879,DENVER,CO,80211,M,N,91000,4.63,0,0
Cosmin,Doddapaneni,434,138-1491,WALKERTON,VA,23177,M,Y,23500,5.75,0,900
Anupam,Adolphe,320,164-1950,MORGAN,MN,56266,M,Y,87500,7.85,0,3300
Lichun,Tuchel,313,150-1707,DEERFIELD,MI,49238,S,N,8000,3.9,3100,0
Cherie,Leijenhorst,401,176-1747,HOPE,RI,2831,S,N,48500,0.0,0,0
Keyun,Neimat,731,140-1243,CLEVELAND,TN,37323,M,N,88000,0.0,0,0
Jayanth,Reck,423,106-1849,DOWELLTOWN,TN,37059,S,Y,7000,0.0,0,0
Gady,Lakshmipathy,913,190-1258,FREEPORT,KS,67049,M,N,93500,6.45,0,0
Banchong,Noack,801,114-1401,GARRISON,UT,84728,M,N,93500,7.0,0,0
Neli,Bruso,724,176-1913,STOYSTOWN,PA,15563,S,N,71000,3.07,0,0
Lorne,Roussille,303,189-1835,WHITEWATER,CO,81527,M,Y,23500,4.63,0,0
Katsumi,Marzullo,409,126-1854,HOUSTON,TX,77061,M,Y,34000,0.0,0,0
Aylmer,Ruhleder,870,130-1940,FORT SMITH-typoHARTMAN,MI,72902,M,Y,81500,7.0,0,20
Akiyoshi,Palacios,608,153-1231,GREEN BAY,WI,54324,S,Y,25000,4.880782,700,400
Meral,Soriano,401,135-2062,PROVIDENCE,RI,2908,M,Y,49000,0.0,0,0
Rory,Janowski,203,119-1761,WESTON,CT,6883,S,Y,73000,5.0,12750,0
Raymonde,Kandori,859,140-1516,VICCO,KY,41773,M,N,24000,3.1666665,0,0
Aiqin,Kodaira,281,119-1895,DUNCANVILLE,TX,75138,S,Y,45500,0.0,0,0
Gookhai,Gnutzmann,308,113-1967,MORSE BLUFF,NE,68648,S,N,10500,3.9985063,103,0
Salwa,Lisonek,857,104-1870,MONTEREY,MA,1245,S,N,8500,5.3,3575,0
Avshalom,Kamkar,435,182-1982,ALPINE,UT,84004,S,N,48000,7.0,2475,0
Richardo,Orejas,518,172-1812,JEFFERSON VALLEY,NY,10535,M,Y,91500,4.483689,0,1000
Yon,D'Hont,219,143-1153,EVANSVILLE,IN,47730,S,N,20500,3.4,1000,0
Balint,Saletore,402,189-2025,JUNIATA,NE,68955,M,Y,33000,6.84,0,103
Agneta,Hiltgen,304,186-1275,ALMONT,WV-typoGA,26257,S,Y,11000,3.07,2000,2000
Sushant,Martelli,404,162-1887,MOUNT AIRY,GA,30563,M,N,89500,6.0,0,0
Sungjoo,Gilon,605,128-1676,OGLALA-typoMADISON LAKE,SD-typoNV,57764,S,Y,53000,0.0,0,0
Arup,Pour,810,197-1127,ROMEO,MI,48065,M,Y,8500,3.9,0,3100
Alyman,Musil,307,194-1177,ROCK SPRINGS,WY,82902,S,N,71500,0.0,0,0
Nobuo,Doszkocs,606,135-1146,MILLSTONE,KY,41838,S,N,63000,5.333333,20,0
Gennoveffa,Halverson,802,109-1764,PLAINFIELD,VT,5667,M,N,19000,3.6,0,0
Raju,Maijers,808,123-1398,WAKE ISLAND,HI,96898,M,N,43500,8.25,0,0
Murali,Mints,847,180-1410,PANA,IL,62557,S,Y,63500,3.0,2000,2000
Anmol,Maramtz,785,176-1971,UDALL,KS,67146,S,Y,19500,4.385,2250,2250
Sheryl,Marcellin,912,114-2024,CRAWFORD,GA,30630,M,N,2000,2.0,0,0
Danu,Carre,603,101-1911,WONALANCET,NH,3897,M,Y,66000,0.0,0,0
Sitt,Thien,505,141-1404,ALBUQUERQUE,NM,87181,M,N,60000,5.3,0,0
Tsunenori,Missinai,435,142-1547,SPRING CITY,UT,84662,S,N,22500,7.0,2475,0
Jitender,Walston,270,150-1756,COLUMBIA,KY,42728,S,N,23500,3.1388888,20,0
Petko,Benedek,848,103-1553,PATERSON,NJ,7509,M,Y,21500,1.4236562,0,1500
Kotaro,Spadoni,219,186-1258,PIMENTO-typoALMONT,IN-typoIA,47866,S,N,71500,3.4,1000,0
Loic,Chouraqui,307,127-1976,JEFFREY CITY,WY,82310,M,Y,56000,0.0,0,0
Honghai,Diskin,501,191-1622,REYDELL,AR,72133,S,N,56000,7.0,20,0
Iskander,Baca,414,136-1679,WAUKAU,WI,54980,S,N,46000,5.2456603,700,0
Vagan,Zhang,304,112-2065,LOCHGELLY,WV,25866,S,N,90500,6.5,2000,0
Doina,Koshino,716,176-2077,LORRAINE,NY,13659,S,N,15000,4.040549,0,0
Lobel,Regian,401,169-1837,NORTH SMITHFIELD,RI,2896,M,N,48000,0.0,0,0
Rafiul,Fouet,202,135-2090,WASHINGTON-typoALMONT,DC-typoGA,20503,M,N,80500,9.0,0,0
Reind,Bongartz,787,106-1907,CAYEY-typoALMONT,PR-typoCT,737,S,Y,81000,0.0,0,0
Behnam,Ferneda,941,132-2079,BOCA RATON,FL,33488,S,Y,49000,0.0,0,0
Subhankar,Mittermeir,620,190-1182,DENNIS,KS,67341,M,Y,14000,3.5,0,2250
Judee,Plummer,860,138-1972,STAMFORD,CT,6904,M,N,10500,5.0,0,0
Dnnald,Gebele,937,199-1232,WEST UNITY,OH,43570,S,N,1500,0.712,1300,0
Sadeph,Isaak,270,117-1732,HELTON-typoHARTMAN,CT,40840,M,Y,27500,3.3611112,0,20
Iwaro,Salmen,907,147-1503,KASIGLUK,AK,99609,S,N,86000,0.0,0,0
Rossella,Holdridge,770,135-1769,HELEN,GA,30545,M,N,88000,6.0,0,0
Stephan,Shimodaira,603,122-1815,WEST LEBANON,NH,3784,S,Y,63000,0.0,0,0
Jega,Winstone,717,197-1059,BROOKHAVEN,PA,19015,M,Y,94500,3.07,0,0
Prahlad,Beck,517,109-1753,CASSOPOLIS,MI,49031,S,Y,42500,3.9,3100,3100
Margareta,Hubbner,567,169-2043,DEERSVILLE,OH,44693,M,N,62500,2.6207051,0,0
Ostap,Cejtlin,304,114-1304,GASSAWAY,WV,26624,S,Y,4000,3.0,2000,2000
Gongzhu,Renegar,801,122-1713,BLANDING,UT,84511,S,Y,62500,7.0,2475,2475
Sudhakar,Piccoli,774,118-2058,FAYVILLE,MA,1745,M,N,19000,5.3,0,0
Arumugam,Certaine,808,184-1817,HANAMAULU,HI,96715,M,N,74500,8.25,0,0
Johnny,Shepherd,207,129-2015,BURLINGTON,ME,4417,M,N,10000,4.5857663,0,0
Belle,Comparetto,201,184-1923,BRIGANTINE,NJ,8203,S,N,95000,2.5828125,1000,0
Oskari,Yandle,801,192-1787,DUTCH JOHN,UT,84023,M,N,61500,7.0,0,0
Lucja,Ratnaker,302,158-1564,CHESWOLD,DE,19936,M,Y,75000,5.95,0,110
Siva,Baumslag,518,156-1035,NEW YORK,NY,10258,M,Y,58000,4.289634,0,1000
Zizette,Khamiss,317,171-1617,COLUMBUS,IN,47203,M,N,15000,3.4,0,0
Kaivalya,Reinhart,973,128-1439,ADELPHIA,NJ,7710,S,N,20500,1.4078854,1000,0
Ceri,Weidenbach,402,150-1365,DALTON,NE,69131,M,Y,85500,6.84,0,103
Gopalan,Seubert,417,148-1084,LEASBURG,MO,65535,S,Y,8500,5.71875,2100,1200
Yde,Yonezaki,707,103-1128,GARDEN GROVE,CA,92843,M,N,95000,9.3,0,0
YunLong,Mizunuma,202,194-1079,WASHINGTON,DC,20057,S,N,3500,4.5,1370,0
Randeep,Schurmann,843,177-1935,NINETY SIX-typoALMONT,SC-typoIA,29666,S,N,88500,7.0,3300,0
Akhilesh,Byoun,207,197-1068,SABATTUS,ME,4280,M,N,32000,8.5,0,0
Reza,Cavalloro,435,116-1583,RANDLETT,UT,84063,S,Y,45000,7.0,2475,2475
Jude,Chandhok,231,165-2031,PECK,MI,48466,S,Y,12000,3.9,3100,3100
Ruce,Basermann,505,118-1788,MALJAMAR,NM,88264,M,N,82500,5.3,0,0
Akifumi,Murashita,301,161-1275,CHESTER,MD,21619,M,Y,28000,4.75,0,2400
Yka,Bruha,769,107-1333,JACKSON,MS,39235,S,Y,2000,3.0,6000,1500
Gioia,Danneberg,410,186-1866,WESTOVER,MD,21871,M,N,90000,4.75,0,0
Mimmo,Odubiyi,606,159-1528,DUNNVILLE,KY,42528,M,N,74500,5.9722223,0,0
Rishi,Kuriyan,430,170-1395,HARTMAN,GA,76520,S,N,16500,0.0,0,0
Anant,Murtafg,205,110-1078,HUNTSVILLE,AL,35811,S,N,19500,5.0,1500,0
Toney,Vafaie,631,160-1007,NEW YORK,NY,10010,M,Y,28500,4.11875,0,1000
Ransom,Getta,303,147-1248,HOLLY,CO,81047,M,Y,30500,4.63,0,0
Chaouki,Carle,541,149-1160,PORTLAND,OR,97291,S,Y,94000,9.0,159,159
Roby,Nourani,402,105-1869,BRUNO,NE,68014,S,Y,500,2.56,103,103
Guilang,Franzblau,208,198-1296,HAMMETT,ID,83627,S,Y,41000,7.8,3300,3300
Moira,Trachtenberg,404,156-1504,ALBANY,GA,31705,M,N,32500,6.0,0,0
Xiaotao,Yand,504,182-1064,LAFAYETTE,LA,70504,S,N,48000,6.0,4500,0
Timos,Trimble,203,193-2005,SOUTH GLASTONBURY,CT,6073,M,Y,76500,5.0,0,0
Joyce,Viehstaedt,989,156-1158,ONTONAGON,MI,49953,M,Y,47500,3.9,0,3100
Vijay,Musto,907,121-1745,PILOT POINT,AK,99649,S,Y,29500,0.0,0,0
Murugappan,Apers,406,125-1285,FISHTAIL,MT,59028,S,Y,25000,6.9,1900,1900
Satyamurthy,Hohenstein,562,119-1001,REDONDO BEACH,CA,90278,M,N,95500,9.3,0,0
Hirotaka,Szulman,907,149-1612,TUNUNAK,AK,99681,M,Y,95000,0.0,0,0
Bette,Violard,956,120-1093,SEAGRAVES-typoBEACON FALLS,TX-typoMI,79359,S,Y,76000,0.0,0,0
Ricarda,Goss,619,161-1072,SANTA CLARITA,CA,91390,S,Y,78500,9.3,87,272
Sreenivas,Rosenquist,480,197-1763,PRESCOTT,AZ,86305,M,N,54000,3.552,0,0
Jayne,Kafeza,563,144-1795,MILO,IA,50166,M,N,20000,3.2516527,0,0
Friedbert,Tomek,501,164-1112,BALD KNOB,AR,72010,M,Y,49500,7.0,0,20
Usko,Dumas,847,117-1089,LERNA,IL,62440,S,Y,23500,3.0,2000,2000
Gus,Tiskin,215,187-1895,RED HILL,PA,18076,S,Y,83500,3.07,0,0
Ueli,Chiueh,301,105-1127,WHITE PLAINS,MD,20695,S,Y,14500,4.75,2400,2400
Lior,Lucas,939,167-1704,SAN SEBASTIAN,PR,685,M,N,24500,0.0,0,0
Yunming,Miksch,773,123-1551,MOUNT CARROLL,IL,61053,M,N,6000,3.0,0,0
Kojiro,Linusson,651,136-1309,STILLWATER,MN,55083,S,N,33500,6.0431695,3300,0
Mou,Dileva,339,196-1113,LEE,MA,1238,S,N,70500,5.3,3575,0
Hirohito,Zisserman,307,121-1021,CHEYENNE,WY,82002,S,Y,54500,0.0,0,0
Grahame,Muzio,731,157-1469,DECATURVILLE,TN,38329,M,N,92000,0.0,0,0
Shue,Kubiatowicz,682,163-1479,TYLER,TX,75799,M,N,79500,0.0,0,0
Meyer,Matsliach,206,125-2061,DRYDEN,WA,98821,M,N,65000,0.0,0,0
Juri,Rahier,703,140-1183,FAIRFAX,VA,22033,S,Y,100000,5.75,900,900
Farid,Therber,425,142-1450,PULLMAN,WA,99164,S,N,2500,0.0,0,0
Shigeyuki,Dulong,401,168-1266,SAUNDERSTOWN,RI,2874,S,Y,20500,0.0,0,0
Pim,Durre,202,194-1346,WASHINGTON,DC,20468,M,Y,68000,9.0,0,1370
Teageun,Tzafestas,304,102-1269,HUNTINGTON,WV,25728,S,N,74000,6.5,2000,0
Nandit,Naumovich,503,168-1084,CORVALLIS,OR,97333,M,Y,47500,9.0,0,159
Mao,Pillow,701,173-1705,GRAND FORKS,ND,58203,M,Y,81000,2.6946824,0,3300
Vikki,Cooperband,219,142-1817,MELLOTT,IN,47958,M,N,75000,3.4,0,0
Daigo,Svirbely,302,193-1850,WILMINGTON,DE,19806,M,N,93500,5.95,0,0
Zevi,Pottosin,419,182-1820,CLEVELAND,OH,44195,M,Y,40500,1.890418,0,1300
Lydia,Wielonsky,801,152-1629,SALT LAKE CITY,UT,84119,S,Y,36500,7.0,2475,2475
Yabo,Wahlde,505,159-1581,DATIL,NM,87821,M,Y,63500,5.3,0,3300
Lujuan,Sander,808,165-2046,PUKALANI,HI,96788,M,Y,5500,2.030921,0,1040
Kwok,Tahar,202,162-1991,WASHINGTON,DC,20022,M,N,94500,9.0,0,0
Llorenc,Drobnik,402,181-1261,CLEARWATER,NE,68726,S,Y,95000,6.84,103,103
Neli,Carapuca,309,128-1458,CERRO GORDO,IL,61818,S,Y,77500,3.0,2000,2000
Xingbin,Freburger,907,155-1903,PETERSBURG,AK,99833,M,Y,58500,0.0,0,0
Berndt,Rochowiak,623,108-1535,SUPERIOR,AZ,85273,S,Y,80000,3.955,2100,2300
Tatsunori,Ljubodraga,636,158-1418,POPLAR BLUFF,MO,63901,M,N,60500,6.0,0,0
Limin,Haase,580,102-1130,FAIRFAX,OK,74637,M,N,68000,6.25,0,0
Belli,Theisinger,702,117-1343,DAYTON,NV,89403,S,Y,83000,0.0,0,0
Bing,Conde,307,175-1790,ALADDIN,WY,82710,M,Y,13500,0.0,0,0
Kiyotaka,Templeton,301,161-1067,SUNDERLAND,MD,20689,M,Y,59000,4.75,0,2400
Enrique,Iwayama,228,127-1734,BRUCE,MS,38915,S,N,26000,5.0,6000,0
Shivi,Sendrier,863,153-1635,PANAMA CITY,FL,32402,S,N,79500,0.0,0,0
Mahmut,Cho,334,138-1281,WILMER,AL,36587,M,Y,34500,5.0,0,300
Shawn,Rodman,308,102-1571,FREMONT,NE,68026,S,Y,70000,6.84,103,103
Unal,Viney,302,120-1255,WILMINGTON,DE,19808,S,N,43500,4.825,110,0
Julien,Ennals,907,140-1998,WAINWRIGHT,AK,99782,M,N,3500,0.0,0,0
Herman,Pinchon,802,117-1451,RUTLAND,VT,5701,S,Y,45500,3.9103692,3300,3300
Stafano,Ryslinkova,907,185-2029,SELDOVIA,AK,99663,M,N,79500,0.0,0,0
Naoyuki,Stafford,302,165-1781,WILMINGTON-typoHARTMAN,DE-typoCT,19808,M,Y,86000,5.95,0,110
Menachem,Woerkom,304,154-1232,BUCKEYE,WV,24924,S,N,35000,4.75,2000,0
CongDuc,Lampaert,218,159-1295,LAKE CITY,MN,55041,M,Y,66000,7.7774277,0,3300
Tyko,Theodoratos,415,168-1982,GLENDALE,CA,91208,M,Y,96000,9.3,0,272
Elyse,Levasseur,541,124-1010,SCOTTSBURG,OR,97473,S,Y,85000,9.0,159,159
Tanguy,Kontio,334,163-1803,ANDERSON,AL,35610,M,Y,35500,5.0,0,300
Akeel,Machida,601,115-1110,SHARON,MS,39163,S,Y,76500,5.0,6000,1500
Nesime,Maguire,262,156-1911,LA VETA,WI-typoGA,54227,S,N,30000,4.967658,700,0
Frieda,Felder,847,165-1618,DALTON CITY,IL,61925,S,Y,80000,3.0,2000,2000
Shaker,Bekakos,603,178-1429,ERROL,NH,3579,S,N,81000,0.0,0,0
Rom,Gourishankar,413,143-1168,IPSWICH,MA,1938,S,N,84500,5.3,3575,0
Gerard,Rutman,417,100-1586,LABADIE,MO,63055,S,Y,91000,6.0,2100,1200
Rrob,Cappelletti,612,125-2044,SOUTH INTERNATIONAL FALLS,MN,56679,S,Y,23000,5.4828706,3300,3300
Macha,Barbosa,715,176-1142,MANITOWISH WATERS,WI,54545,M,N,27000,4.9155326,0,0
HongJiang,Farrar,406,127-1093,SUMATRA,MT,59083,S,Y,13000,6.442241,1900,1900
Rosalie,Rotem,608,165-1832,HAMMOND,WI,54015,S,N,21000,4.8112817,700,0
Renate,Winzen,307,112-1276,MOUNTAIN VIEW,WY,82939,S,N,28000,0.0,0,0
Yahong,Falco,612,164-1940,ESKO,MN,55733,S,Y,3500,5.35,3300,3300
Davi,Osteen,606,118-1872,CROMWELL,KY,42333,S,N,29000,3.4444444,20,0
Ewart,Dengi,850,157-1452,NORTH PORT,FL,34291,M,N,94000,0.0,0,0
Eneia,Fabrizio,347,147-1846,HARTMAN,NY-typoIA,11229,M,N,32500,4.1419206,0,0
Alon,Brazier,919,139-1675,SPEED,NC,27881,S,N,65000,7.0961537,3300,0
Ravinder,Radwan,435,195-1249,LEHI,UT,84043,M,Y,100000,7.0,0,2475
Yinfeng,Odubiyi,913,115-1762,MADISON LAKE,CT,66213,S,Y,29500,6.3516665,2250,2250
Cleve,Rosenzweig,631,102-1187,MOHAWK,NY,13407,S,Y,20000,4.0695124,0,1000
Dominic,Roskies,206,130-1942,NAHCOTTA,WA,98637,S,Y,97000,0.0,0,0
Masakage,Kadin,907,119-2008,NORTHWAY,AK,99764,M,Y,9500,0.0,0,0
Nelley,Forier,402,150-1726,PETERSBURG,NE,68652,S,Y,94000,6.84,103,103
Shozo,Tabor,202,117-1634,LA VETA,WV,20071,S,Y,6500,4.5,1370,1370
Bhavani,Snelling,605,115-1504,ELK POINT,SD,57025,M,Y,65000,0.0,0,0
Borko,Goodwin,573,167-1705,MATTHEWS,MO,63867,S,Y,23500,6.0,2100,1200
Rabah,Calisti,260,129-1957,TIPTON,IN,46072,S,N,95000,3.4,1000,0
Sathiamoorthy,Parker,479,171-1204,NORTH FORT MYERS,AR-typoMI,72355,M,Y,12000,3.055934,0,20
Glenn,Gamerman,920,189-1409,BROOKLYN,WI,53521,S,N,39000,5.124034,700,0
Hongzhong,Cleve,718,126-1634,EVANS MILLS,NY,13637,S,N,3000,4.0,0,0
Pranav,Fanti,501,187-1100,JONESBORO,AR,72404,S,Y,47500,7.0,20,20
Vishal,Haarhoff,860,152-1762,MIDDLEBURY,CT,6762,S,Y,81500,5.0,12750,0
Ursel,Bougaut,208,184-1707,BOISE,ID,83716,S,Y,7500,3.4000182,3300,3300
Isidor,Kshemkalyani,662,163-1923,VOSSBURG,MS,39366,M,N,41500,5.0,0,0
Aviv,Swick,413,110-1551,WINTHROP,MA,2152,M,N,47500,5.3,0,0
Anish,Royce,315,128-1620,ALBANY,NY,12207,M,N,26000,4.104268,0,0
Charly,Sweazey,828,166-1168,NORTH WILKESBORO,NC,28656,M,Y,6000,6.0,0,3300
Maurice,Hershko,505,156-1210,DATIL,NM,87821,M,N,58500,5.3,0,0
Kaoru,Battaglin,302,121-1971,GEORGETOWN,DE,19947,S,Y,39500,4.552273,110,110
Haresh,Rommel,978,142-1856,CHARLTON,MA,1507,S,N,53000,5.3,3575,0
Mikito,Netravali,201,143-1702,RIVERTON,NJ,8076,S,N,96000,2.5985832,1000,0
Enrique,Cappelli,775,106-1402,PARADISE VALLEY,NV,89426,M,N,4500,0.0,0,0
Tricia,Tsotsos,503,162-1414,PORTLAND,OR,97236,S,Y,63500,9.0,159,159
Sansanee,Yoshii,701,108-1247,BRADDOCK,ND,58524,M,N,81500,2.7004786,0,0
Kouji,Bodwin,573,183-1685,ROBERTSVILLE,MO,63072,S,Y,26000,6.0,2100,1200
Lin,Bratten,605,121-1959,RELIANCE,SD,57569,S,Y,25500,0.0,0,0
Floriano,Lukose,302,165-1268,NEW CASTLE,DE,19720,S,Y,83000,5.95,110,110
Shigeu,Braham,845,148-1378,SYRACUSE,NY,13261,S,N,95500,4.50686,0,0
Giampiero,Bouaziz,253,132-1952,SPOKANE,WA,99217,S,Y,95500,0.0,0,0
Ruce,Dash,318,120-2001,BOOTHVILLE,LA,70038,M,N,9000,2.0,0,0
Shaogang,Meckler,870,148-1273,ETHEL,AR,72048,S,Y,25500,6.282897,20,20
Faouzi,Sigle,501,120-1038,HIGDEN,AR,72067,M,Y,70000,7.0,0,20
Srinivas,Larin,302,150-1517,HARBESON,DE,19951,M,N,96000,5.95,0,0
Laurentiu,Forti,202,175-1782,WASHINGTON,DC,20004,M,Y,66000,9.0,0,1370
Shail,Jostes,502,118-1566,LOWMANSVILLE,KY,41232,M,Y,89000,6.0,0,20
Joydip,Juste,603,154-1823,STRATHAM,NH,3885,M,N,92500,0.0,0,0
Suzan,Trevathan,814,165-1199,STARLIGHT,PA,18461,S,N,97500,3.07,0,0
Novak,Leela,401,114-1681,PRUDENCE ISLAND,RI,2872,S,N,66500,0.0,0,0
Quoc,Goodrum,712,137-1914,JOLLEY,IA,50551,M,N,49000,7.728613,0,0
Adenauer,Lismont,860,123-1075,DARIEN,CT,6820,S,N,28500,5.0,12750,0
Margaretha,Canto,570,117-1378,BULGER,PA,15019,S,Y,93000,3.07,0,0
Ann,Bhaskar,401,145-2049,EXETER,RI,2822,M,Y,42000,0.0,0,0
Fabian,Korupolu,504,122-1605,PLAQUEMINE,LA,70764,S,N,71500,6.0,4500,0
Kanwar,Chamillard,928,162-1206,PINEDALE,AZ,85934,M,Y,78500,3.9317498,0,2300
Hidetsugu,Rudman,608,149-2023,GREEN BAY,WI,54313,S,N,43000,5.193535,700,0
Havard,Schreier,901,147-2073,HAMPSHIRE,TN,38461,M,Y,62500,0.0,0,0
Zine,Straney,212,125-1011,HAMDEN,NY,13782,M,N,70500,4.3620424,0,0
Kiyoharu,Sever,828,121-1168,SCOTTS,NC,28699,M,N,3000,6.0,0,0
Rebecca,Tavangarian,803,123-1025,COWARD,SC,29530,M,N,81500,7.0,0,0
Mitsuo,Irshid,870,143-2076,MALVERN,AR,72104,M,Y,49000,7.0,0,20
Ruud,Sabelli,605,165-1331,WOUNDED KNEE,SD,57794,M,N,86500,0.0,0,0
Roma,Iturrioz,212,137-1700,LAKE HUNTINGTON,NY,12752,S,Y,46000,4.220122,0,1000
Jonas,Bofinger,256,141-1547,HAMILTON,AL,35570,S,Y,26000,5.0,1500,300
Raimond,Biso,802,121-1720,NORTH THETFORD-typoHARTMAN,VT-typoNV,5054,M,Y,33500,3.6716235,0,3300
Guohua,Spuler,808,146-1375,HONOLULU,HI,96811,S,Y,94500,8.25,1040,1040
Theirry,Konicek,971,169-1601,CHILOQUIN,OR,97624,S,N,77500,9.0,159,0
Jolita,Philipose,302,173-1985,MIDDLETOWN,DE,19709,M,N,94500,5.95,0,0
Junichi,Ochuodho,571,185-1842,SUSAN,VA,23163,S,Y,42500,5.75,900,900
Latanya,Sheridan,304,183-1634,BEACON FALLS,IA,25876,M,N,24000,3.98,0,0
Gerbert,Kryukova,308,113-1897,COLUMBUS,NE,68601,S,N,33500,6.84,103,0
Weikai,Wursthorn,601,140-1749,BECKER,MS,38825,S,N,3000,3.0,6000,0
Shlomit,Pearson,843,157-1540,SAINT STEPHEN,SC,29479,M,Y,97000,7.0,0,3300
Irwin,Iyengar,202,169-1706,WASHINGTON,DC,20573,M,N,91000,9.0,0,0
Yoonjoon,Belt,337,115-1025,SHREVEPORT,LA,71107,M,N,55500,6.0,0,0
Jengwei,Orailoglu,603,110-1156,NORTH CONWAY,NH,3860,M,N,34500,0.0,0,0
Margareta,Boers,208,140-1388,SUN VALLEY,ID,83354,S,N,24000,7.8,3300,0
Zhilian,Luff,715,101-1108,IRON RIDGE,WI,53035,S,N,43500,5.2022223,700,0
Kevan,Liggesmeyer,337,162-1219,BATON ROUGE,LA,70894,M,Y,71500,6.0,0,1000
Abdel,Policriti,971,178-1880,BROADBENT,OR,97414,S,N,15000,9.0,159,0
Hamed,Kaul,202,115-1711,WASHINGTON,DC,20532,M,N,93000,9.0,0,0
Egil,Mutoh,808,142-2061,PAHOA,HI,96778,S,Y,85500,8.25,1040,1040
Madanpal,Scanlan,443,140-1172,BALTIMORE,MD,21229,M,Y,18500,4.75,0,2400
Eugeniusz,Assche,307,173-1959,ROCK SPRINGS,WY,82902,M,Y,42000,0.0,0,0
Ady,Collinot,609,102-1858,DORCHESTER,NJ,8316,M,Y,94000,2.5670416,0,1500
Xiaohua,Zavattaro,317,152-1312,UPLAND,IN,46989,S,N,41500,3.4,1000,0
Anelise,Debuse,870,156-1206,LITTLE ROCK,AR,72204,M,N,69500,7.0,0,0
Ramsey,Lorcy,253,153-1168,HUSUM,WA,98623,M,N,56000,0.0,0,0
Keven,Andrade,769,123-1766,DREW,MS,38737,M,N,8500,4.4,0,0
Augusta,Signore,843,112-1786,GREENVILLE,SC,29615,M,Y,3500,2.9071012,0,3300
Kentaru,O'Hallaron,808,170-1574,LAHAINA,HI,96761,M,N,37000,7.7092104,0,0
Hirozumi,Martello,848,110-2078,LYNDHURST,NJ,7071,S,N,16000,1.4,1000,0
Bodhi,Hasker,772,171-1587,DEFUNIAK SPRINGS,FL,32433,S,N,48000,0.0,0,0
Tsuneyo,McCann,270,179-1199,LATONIA,KY,41015,M,N,72500,5.861111,0,0
Jair,Benassi,864,172-1451,CROSS HILL,SC,29332,M,Y,94000,7.0,0,3300
Linus,Beal,505,130-1983,PINON,NM,88344,S,Y,8000,2.557143,3300,3300
Akihisa,Starr,301,177-1090,CAPITOL HEIGHTS,MD,20731,S,Y,93500,4.75,2400,2400
Jawed,Sharrock,314,174-1081,LA VETA,GA,65075,M,Y,27500,6.0,0,1200
Eliseo,Sassano,202,105-2079,WASHINGTON,DC,20417,M,N,2000,4.5,0,0
Hae,Flick,505,188-1956,BUCKHORN,NM,88025,M,Y,57500,5.3,0,3300
Inman,Grotschel,202,154-1423,WASHINGTON,DC,20040,M,N,68500,9.0,0,0
Xiangning,Ranon,920,119-1052,ROCKLAND,WI,54653,S,N,58000,5.4541616,700,0
Weipeng,Bartschi,603,150-1470,MANCHESTER,NH,3104,M,Y,39000,0.0,0,0
Aristid,Dienes,907,140-1866,CHITINA,AK,99566,M,Y,58000,0.0,0,0
Valentyn,Lamma,971,176-1352,SUBLIMITY,OR,97385,M,Y,98000,9.0,0,159
Guoping,Tarlescu,802,114-1350,ORWELL,VT,5760,M,N,92500,4.845456,0,0
Yuguang,Cyre,201,142-1183,FRENCHTOWN,NJ,8825,S,Y,92000,2.5355,1000,1500
Pabitra,Casson,843,121-1007,CONWAY,SC,29527,S,Y,75000,7.0,3300,3300
Inien,Classe,541,153-2050,LA VETA,NV,97346,M,N,34500,9.0,0,0
Klas,Tomia,307,181-2048,DEVILS TOWER,WY,82714,S,Y,88000,0.0,0,0
Toshiharu,Gotzinger,785,117-2089,WINFIELD,KS,67156,S,Y,23500,5.1716666,2250,2250
Kitsana,Jacquin,312,110-2036,CHANDLERVILLE,IL,62627,M,Y,70500,3.0,0,2000
Stven,Rest,701,108-1041,ADAMS,ND,58210,S,N,27000,2.1,3300,0
Huisheng,Isern,304,171-1345,CIRCLEVILLE,WV,26804,M,Y,73000,6.5,0,2000
Kepa,Norsworthy,878,170-1077,LOGANTON,PA,17747,M,Y,30500,3.07,0,0
Sivanarayana,Samarati,860,101-1721,BETHEL,CT,6801,S,N,63000,5.0,12750,0
Manuela,Borufka,603,141-1855,GREENVILLE,NH,3048,S,N,24500,0.0,0,0
Dietrich,Dear,319,129-1818,STACYVILLE,IA,50476,M,N,21500,3.4832196,0,0
Niranjan,Rosenmann,207,192-1863,SOUTH PORTLAND,ME,4116,S,N,59000,8.5,2850,0
Adonios,Hebert,406,158-1740,FAIRFIELD,MT,59436,M,N,40000,6.9,0,0
Corrado,Jayawardene,701,153-1867,WHITE EARTH,ND,58794,M,N,89000,2.7874203,0,0
Prabuddha,Goldschmidt,202,155-1336,WASHINGTON,DC,20013,S,N,17500,6.1875,1370,0
Qingyuam,Desai,615,100-1652,NASHVILLE,TN,37217,S,Y,37500,0.0,0,0
Mavis,Pangratz,203,112-1562,STRATFORD,CT,6615,S,N,77000,5.0,12750,0
Oskar,Zisapel,808,145-1872,WHEELER ARMY AIRFIELD,HI,96854,S,N,24500,5.455921,1040,0
Boban,Vrancken,317,132-1506,FORT WAYNE,IN,46899,M,N,28000,3.4,0,0
Yuzheng,Strehlo,432,106-1165,EDGEWOOD,TX,75117,S,N,25000,0.0,0,0
Wilf,Kopetz,307,180-1264,ARVADA,WY,82831,S,N,88500,0.0,0,0
Cristiano,Kitsuregawa,843,100-1337,MINTURN,SC,29573,M,N,94000,7.0,0,0
Wael,Irland,479,160-1647,CHARLOTTE,AR,72522,S,Y,62000,7.0,20,20
Tetsu,Winograd,551,125-1100,TRENTON,NJ,8603,M,N,41000,1.7311875,0,0
Edward,Usha,228,162-1348,JACKSON,MS,39209,M,Y,72500,5.0,0,1500
Sadakazu,Boksenbaum,570,134-1436,PITTSBURGH,PA,15230,M,Y,43500,3.07,0,0
Youzou,Stefanini,251,169-1884,CORDOVA,AL,35550,S,Y,12000,5.0,1500,300
Rommert,Akaboshi,801,175-1502,SANDY,UT,84090,S,N,51500,7.0,2475,0
Karthik,Bihari,479,170-1132,THORNTON,AR,71766,M,N,42000,7.0,0,0
Yana,Taubman,406,184-1306,ARLEE-typoALMONT,MT-typoMI,59821,M,Y,65000,6.9,0,1900
Tze,Studzinski,802,159-1969,GRANBY,VT,5840,M,Y,99000,4.9747763,0,3300
Raz,Cromarty,302,141-1960,YORKLYN,DE,19736,M,N,11500,2.6431818,0,0
Isao,Gille,270,116-1803,MORTONS GAP,KY,42440,S,N,14500,2.6388888,20,0
Gil,Riad,601,106-1636,CORINTH,MS,38834,S,N,7000,3.8,6000,0
Harjinder,Idri,304,175-1745,CHARLESTON,WV,25302,S,Y,83500,6.5,2000,2000
Rand,Langacker,262,154-1051,TUNNEL CITY,WI,54662,S,Y,96500,6.123105,700,400
Filomena,Jarecki,701,135-1544,MUNICH,ND,58352,S,Y,90500,2.8048086,3300,3300
Bram,Therien,904,176-2041,YALAHA,FL,34797,S,Y,2500,0.0,0,0
Marias,Sidebottom,407,131-1811,FORT LAUDERDALE,FL,33328,M,Y,10000,0.0,0,0
Coco,Sambasivam,605,125-1213,SELBY-typoHARTMAN,WV,57472,M,Y,9500,0.0,0,0
Yuichi,Gursoy,870,183-1449,NORTH FORT MYERS,AR-typoIA,72512,M,N,95500,7.0,0,0
Gabriela,Krylov,505,120-1786,CARLSBAD,NM,88220,M,N,93500,5.3,0,0
Rafael,Czapiewski,505,177-1756,CLOVIS,NM,88102,S,Y,50500,5.3,3300,3300
Joanthan,Loupy,864,187-1153,PAWLEYS ISLAND,SC,29585,M,N,75500,7.0,0,0
Gunhild,Schwandt,903,151-2008,STRATFORD,TX,79084,M,Y,77000,0.0,0,0
Kaijung,Birsak,651,196-1783,SAUK CENTRE,MN,56378,S,N,11500,5.35,3300,0
Zhong,Asarin,318,167-1065,PIERRE PART,LA,70339,S,N,88000,6.0,4500,0
Meike,Frisch,701,167-1394,NORTHWOOD,ND,58267,M,N,28500,2.1,0,0
Limin,Knecht,480,127-1844,SELIGMAN,AZ,86337,S,Y,39500,3.32725,2100,2300
Trudy,Loulergue,425,118-1209,TACOMA,WA,98408,M,N,17000,0.0,0,0
Vinodh,Eyre,308,128-1376,ROSALIE,NE,68055,M,N,68500,6.84,0,0
Stephanie,Kreutzer,253,178-1500,ADNA,WA,98522,S,Y,13500,0.0,0,0
Izumi,Kulisch,939,120-2036,MAUNABO,PR,707,M,Y,61000,0.0,0,0
Lane,Felger,334,136-1368,DEATSVILLE,AL,36022,S,Y,91000,5.0,1500,300
Feiling,Hisaki,308,148-1961,BRULE-typoMADISON LAKE,NE-typoIA,69127,S,N,60500,6.84,103,0
Mojmir,Veronese,406,152-1196,MISSOULA,MT,59807,M,Y,58000,6.9,0,1900
Xiangning,Demos,901,179-1087,POCAHONTAS,TN,38061,S,Y,16000,0.0,0,0
Yanni,Bacciotti,501,108-1792,VILONIA,AR,72173,M,N,100000,7.0,0,0
Jamey,Barbacci,202,188-1574,WASHINGTON,DC,20218,M,N,88000,9.0,0,0
Cecily,Bellosta,910,180-1504,TOPTON,NC,28781,M,N,7500,6.0,0,0
Lujuan,Aingworth,308,130-1115,ALVO,NE,68304,M,Y,63000,6.84,0,103
Arunprasad,Abandah,802,173-2047,COVENTRY,VT,5825,S,N,31500,3.6318326,3300,0
Tarja,Goos,334,159-1509,AUBURN UNIVERSITY,AL,36849,S,N,5500,5.0,1500,0
Jeremiah,MacNair,816,143-1593,KANSAS CITY-typoLA VETA,MI,64120,M,N,76000,6.0,0,0
Demetri,Deineko,919,189-1996,RALEIGH,NC,27650,S,N,58500,6.95979,3300,0
Gurjeet,Kalamatianos,417,127-1200,NEWTONIA,MO,64853,S,N,47000,6.0,2100,0
Muguel,Pike,202,180-1619,WASHINGTON,DC,20573,S,N,70000,9.0,1370,0
Kayhan,Rela,702,150-1313,LAS VEGAS,NV,89138,M,Y,9000,0.0,0,0
Xuhua,Redon,701,155-1532,PISEK,ND,58273,S,Y,87500,2.770032,3300,3300
Monvef,Stach,402,116-1419,NAPER-typoMADISON LAKE,NE-typoCT,68755,M,Y,99500,6.84,0,103
Zhixing,Babb,360,129-1584,LINCOLN,WA,99147,M,N,27000,0.0,0,0
Douadi,Duris,856,136-1682,ELIZABETHPORT,NJ,7206,S,Y,65500,2.1175728,1000,1500
Yaoqing,Mawatari,773,159-1395,STRONGHURST,IL,61480,M,N,98000,3.0,0,0
Filipe,Zamfirescu,203,175-1850,NEW HAVEN,CT,6540,M,N,18000,5.0,0,0
Kaichang,Barthelemy,856,184-1714,LANDING,NJ,7850,S,Y,34000,1.6207917,1000,1500
Sumanta,Fouss,240,188-1383,WHALEYVILLE,MD,21872,M,Y,57000,4.75,0,2400
Rudolph,Sakallah,307,157-1088,DEVILS TOWER,WY,82714,S,N,83000,0.0,0,0
Fionn,Morton,763,176-1555,ECHO,MN,56237,S,N,54000,7.1370864,3300,0
Fumiyuki,Kachitvichyanukul,405,193-1302,TULSA,OK,74155,M,Y,51500,6.25,0,1000
Hafedh,Rouat,605,162-1194,LETCHER,SD,57359,S,N,31500,0.0,0,0
Matk,Barz,308,196-1483,OMAHA,NE,68178,S,N,85000,6.84,103,0
Rachida,Terwijn,207,164-1610,EAST VASSALBORO-typoALMONT,GA,4935,M,N,51500,8.5,0,0
Stefano,Roullet,731,111-1158,ARRINGTON,TN,37014,M,Y,26000,0.0,0,0
Katarzyna,Pethe,801,189-1901,OGDEN,UT,84408,M,N,99000,7.0,0,0
Maura,Sakkinen,939,170-1603,CAGUAS,PR,725,M,N,48500,0.0,0,0
Biao,Hertzum,701,148-1799,ENDERLIN,ND,58027,S,Y,95500,2.8627698,3300,3300
Sestian,Dusink,502,136-1710,ROCHESTER,KY,42273,M,Y,20000,2.9444444,0,20
Hafeda,Rohrbach,830,195-1387,SHELBYVILLE,TX,75973,M,N,1000,0.0,0,0
Gershon,Bentzien,308,185-1943,CENTRAL CITY-typoNORTH FORT MYERS,NE-typoWV,68826,M,N,65000,6.84,0,0
Jiro,Basili,503,114-1003,AMITY,OR,97101,M,Y,41500,9.0,0,159
Subodh,Krylov,769,135-1274,BELEN,MS,38609,S,N,78500,5.0,6000,0
Mooi,Boynton,208,136-1312,STAR,ID,83669,M,Y,47000,7.8,0,3300
Armstrong,Zolotykh,815,123-1945,UNION HILL,IL,60969,S,Y,68500,3.0,2000,2000
Maylun,Roache,319,176-2002,ALMONT,GA,50255,S,N,16000,2.634141,40,0
Yasufumi,Cremonini,563,140-1075,ELDON,IA,52554,S,N,57000,8.963635,40,0
Lunjiang,Singh,401,112-1229,PRUDENCE ISLAND,RI,2872,M,N,54000,0.0,0,0
Pete,Batenin,918,195-1859,CLARITA,OK,74535,M,N,48000,6.25,0,0
Fox,Maciel,307,113-1596,RIVERTON,WY,82501,S,Y,29000,0.0,0,0
Mirco,Odubiyi,860,142-1026,BRISTOL,CT,6011,S,Y,40000,5.0,12750,0
Hui,Aboutabl,207,177-1423,HANCOCK,ME,4640,S,N,24500,8.5,2850,0
Paulien,Braunmuhl,605,108-1248,HOWES,SD,57748,S,N,65000,0.0,0,0
Pranay,Arcos,203,146-1691,NORWICH,CT,6360,M,N,95500,5.0,0,0
Hairong,Buckberry,201,154-1698,WESTFIELD,NJ,7091,M,N,33000,1.6050208,0,0
Sichen,Sikic,503,148-1712,SALEM,OR,97314,S,N,73000,9.0,159,0
Sefeng,Brabec,401,167-1000,NEWPORT,RI,2840,M,N,83500,0.0,0,0
Billie,McGavran,701,177-1387,CLEVELAND-typoNORTH FORT MYERS,NV,58424,M,N,31000,2.1150699,0,0
Marialuisa,Eisenstein,661,155-1738,NORTH FORK,CA,93643,M,N,31500,6.9446583,0,0
Soraya,Rane,406,101-1862,MISSOULA,MT,59801,M,N,16500,6.9,0,0
Jeongyoujng,Reith,330,125-2045,YOUNGSTOWN,OH,44503,S,Y,99000,3.8323178,1300,1300
Sumant,Postiff,803,155-1853,COLUMBIA,SC,29211,S,N,26500,7.0,3300,0
Venu,Ritcey,317,109-1153,RAMSEY,IN,47166,M,Y,61500,3.4,0,1000
Younghwan,Heinke,727,105-1108,STUART,FL,34994,M,Y,42000,0.0,0,0
Yifang,Middelburg,702,181-1939,CARSON CITY,NV,89713,M,Y,22500,0.0,0,0
Carrie,Bojadziev,985,116-1755,RESERVE,LA,70084,M,N,80000,6.0,0,0
Sangho,Ianov,605,140-1012,KYLE,SD,57752,S,N,76000,0.0,0,0
Geir,Fayyad,580,124-1443,CEMENT,OK,73017,S,Y,93500,6.25,1000,1000
Allan,Schlee,870,112-1895,MINTURN,AR,72445,S,Y,12500,3.1754513,20,20
Ryuzo,Wernecke,530,130-1593,GOLETA,CA,93116,S,Y,81500,9.3,87,272
Forman,Hemerik,501,118-1926,CHERRY VALLEY,AR,72324,S,N,89500,7.0,20,0
Priscilla,Vetterli,651,178-1876,AH GWAH CHING,MN,56430,S,Y,19500,5.35,3300,3300
Anisoara,Verruijt,406,175-2076,FORT BENTON,MT,59442,M,N,47000,6.9,0,0
Teru,Schaedler,417,127-1546,WORTHINGTON,MO,63567,S,N,10500,6.0,2100,0
Wanqing,Dehdashti,804,159-1675,MIDDLEBURG,VA,20118,M,Y,71000,5.75,0,900
Kishore,Wren,602,102-1438,SAN TAN VALLEY,AZ,85143,M,Y,16500,2.9707499,0,2300
Shui,Speyerer,701,143-1844,FARGO,ND,58125,S,N,51500,2.352711,3300,0
Junping,Lodder,541,124-1667,IONE,OR,97843,M,N,93000,9.0,0,0
Aniruddha,Maxemchuk,603,145-1927,CHOCORUA,NH,3817,M,Y,32500,0.0,0,0
Soma,Manegold,918,151-1989,HULBERT,OK,74441,M,N,16000,6.25,0,0
Rhan,Mulvany,802,162-2094,NEWPORT CENTER,VT,5857,M,Y,73000,4.4574943,0,3300
Ymte,Nakakoji,440,174-1386,VICKERY,OH,43464,M,N,19000,1.1767282,0,0
Sumitra,Parmakson,573,180-1501,BLYTHEDALE,MO,64426,M,N,6500,4.59375,0,0
Rachida,Rais,850,186-1638,MILTON,FL,32572,S,Y,95000,0.0,0,0
Osnat,Skeel,307,121-1911,RANCHESTER,WY,82839,M,N,37500,0.0,0,0
Johny,Deussen,971,180-2043,JUNCTION CITY,OR,97448,M,Y,35500,9.0,0,159
Moray,Litzler,208,148-1647,SHOUP,ID,83469,S,Y,25500,7.8,3300,3300
Maithili,Carpi,580,185-1426,OKLAHOMA CITY,OK,73193,S,Y,23000,6.25,1000,1000
Bang,Ochimizu,224,183-1774,LEXINGTON,IL,61753,S,Y,26500,3.0,2000,2000
Xiaohui,Pines,314,148-1457,CARROLLTON,MO,64633,S,N,57000,6.0,2100,0
Faye,Grdy,518,102-1017,MOUNT SINAI,NY,11766,M,Y,52000,4.254878,0,1000
Sanjit,Muelner,802,141-1456,SHAFTSBURY,VT,5262,S,N,42500,3.8506827,3300,0
Miheko,Marzano,857,189-2052,SIASCONSET,MA,2564,S,Y,43000,5.3,3575,1000
Dongdong,Bahr,919,179-2050,ALMONT,WV,27228,M,N,26000,6.277972,0,0
Kirack,Diener,505,184-1180,HACHITA,NM,88040,M,Y,41000,5.3,0,3300
Martina,Witkowski,716,193-1688,ULSTER PARK,NY,12487,M,N,88000,4.4634147,0,0
Gaofeng,Gerke,580,153-1368,KINGFISHER-typoLA VETA,OK-typoWV,73750,M,Y,98000,6.25,0,1000
Yongkyun,Hinnebusch,717,194-1660,TAMIMENT,PA,18371,S,N,31500,3.07,0,0
Kalyani,Faustini,405,102-1015,LA VETA,OK-typoGA,74471,S,Y,5500,3.375,1000,1000
Fredric,Schill,623,145-1876,PEORIA,AZ,85380,S,N,97000,4.2185,2100,0
Hongsing,Denny,216,124-1465,MIDDLETOWN,OH,45043,S,N,70500,2.8862643,1300,0
Dennis,Doukas,731,157-1280,CORNERSVILLE,TN,37047,S,N,10500,0.0,0,0
Grigori,Magniez,939,146-1611,TRUJILLO ALTO,PR,976,S,N,70500,0.0,0,0
Edwige,Wrigley,410,156-1568,POINT OF ROCKS,MD,21777,S,N,68500,4.75,2400,0
Umest,Brodner,908,183-1500,BELLMAWR,NJ,8099,M,N,19500,1.4,0,0
Ronit,Rugge,207,190-1804,SEAL COVE,ME,4674,S,N,2500,2.0,2850,0
Subir,Nourani,410,173-1761,BALTIMORE,MD,21288,M,N,4000,4.75,0,0
Beom,Rase,701,199-1590,DICKINSON,ND,58602,S,Y,47500,2.306342,3300,3300
Remko,Eshraghian,862,177-1289,ALMONT,NJ-typoWV,7436,S,Y,78000,2.3147082,1000,1500
Ila,Zwarico,254,122-1199,TEHUACANA,TX,76686,M,Y,43500,0.0,0,0
Pericles,Frtzson,260,112-1345,JEFFERSONVILLE,IN,47190,M,Y,14000,3.4,0,1000
Sigurd,Baber,801,112-1291,SALT LAKE CITY,UT,84113,S,Y,75000,7.0,2475,2475
Luiz,Lung,402,144-1442,LEXINGTON-typoMADISON LAKE,NE-typoGA,68850,M,N,10500,3.9985063,0,0
Insung,Eldridge,218,147-2034,YOUNG AMERICA,MN,55555,S,Y,98500,7.85,3300,3300
Aomar,Whiteman,401,113-1824,EAST GREENWICH,RI,2818,S,N,6500,0.0,0,0
Thilo,Makinen,478,178-1790,NORCROSS,GA,30071,M,Y,30500,6.0,0,3000
Arunas,Harangsri,307,121-1352,GLENDO,WY,82213,S,Y,63000,0.0,0,0
Alissa,Barthelemy,208,176-1314,NAMPA,ID,83653,M,N,24000,7.8,0,0
Kaushik,Nakakoji,479,176-1259,LITTLE ROCK,AR,72260,S,Y,47000,7.0,20,20
Laks,O'Halloran,808,116-1511,HONOLULU,HI,96819,M,Y,82500,8.25,0,1040
Hyung,Pols,907,134-1125,ANVIK,AK,99558,M,N,79000,0.0,0,0
Senro,Oomachi,916,157-1300,CEDAR RIDGE,CA,95924,M,Y,20500,4.34781,0,272
Karina,Sluizer,207,183-1819,SOUTH PARIS,ME,4281,S,Y,50000,8.5,2850,2850
Lois,Cantwell,505,192-1215,MAGDALENA,NM,87825,S,N,71000,5.3,3300,0
Dedre,Nouali,503,195-1227,BEATTY,OR,97621,M,N,6000,8.435898,0,0
Gunes,Ittner,307,118-1215,OSAGE-typoHARTMAN,WY-typoNV,82723,S,Y,26500,0.0,0,0
Ahuva,Bruekers,208,144-1079,HARRISON,ID,83833,M,N,57500,7.8,0,0
Nader,Thenmozhi,865,185-1850,HIXSON,TN,37343,S,Y,56000,0.0,0,0
Wieland,Prill,501,168-1447,ROLAND,AR,72135,S,N,74000,7.0,20,0
Sanjai,Sanger,435,145-1163,CISCO,UT,84515,S,Y,64500,7.0,2475,2475
Teresemarie,Vickson,207,108-1298,ANDOVER,ME,4216,M,Y,53500,8.5,0,2850
Odette,Laevens,540,179-1353,CORBIN,VA,22446,S,Y,20000,5.75,900,900
Chirag,Minea,740,128-1954,NORTH KINGSVILLE,OH,44068,M,N,26000,1.4090923,0,0
Krishnaprasad,Xerokostas,251,102-1992,BREWTON,AL,36426,M,N,75000,5.0,0,0
Heribert,Erbach,787,199-1448,MANATI,PR,674,S,N,18500,0.0,0,0
Wenguang,Keutzer,207,112-1602,EAST MACHIAS-typoBEACON FALLS,ME-typoGA,4630,S,N,84000,8.5,2850,0
Ezio,Gurevitch,702,150-1929,NORTH FORT MYERS,GA,89047,S,N,74500,0.0,0,0
Marsal,Tawfik,609,159-1757,TOMS RIVER,NJ,8757,M,Y,77500,2.3068228,0,1500
Marianne,Pezzoli,989,138-1332,BARRYTON,MI,49305,S,Y,90000,3.9,3100,3100
Gabriele,Dimakopoulos,772,131-1665,ALMONT,WV,34233,S,N,30500,0.0,0,0
Klemens,Baaleh,401,117-2075,PORTSMOUTH,RI,2871,M,N,15500,0.0,0,0
Fumihiko,Emmerich,971,157-1907,CAVE JUNCTION,OR,97523,S,N,35500,9.0,159,0
Orlando,Wiggert,559,109-1867,SACRAMENTO,CA,94244,M,Y,22000,4.7019253,0,272
Hirohito,Manber,907,165-1297,KWETHLUK,AK,99621,M,N,13500,0.0,0,0
Fintan,Fuhrman,605,175-1652,NEW UNDERWOOD,SD,57761,M,N,84500,0.0,0,0
Nello,Cunliffe,308,163-1356,SYRACUSE,NE,68446,M,N,6000,3.199336,0,0
Titia,Strehl,808,115-1811,KUNIA,HI,96759,S,Y,50000,8.25,1040,1040
Cyrille,Bicarregui,202,112-1004,WASHINGTON,DC,20439,S,Y,55500,9.0,1370,1370
Woonkyung,Assche,480,168-1755,COOLIDGE,AZ,85228,S,N,13500,2.92425,2100,0
Yamine,Rindone,406,183-2034,DUTTON,MT,59433,M,N,90500,6.9,0,0
Nicolas,Sallet,985,101-1916,JONES,LA,71250,S,Y,49500,6.0,4500,1000
Karl,Bikson,508,169-1287,EVERETT,MA,2149,M,N,35000,5.3,0,0
Keri,Demmer,505,168-1141,ORGAN,NM,88052,M,Y,18000,5.3,0,3300
Joanna,Ebcioglu,636,170-1074,PURDY,MO,65734,S,Y,79500,6.0,2100,1200
Orly,Idri,219,118-1155,OXFORD,IN,47971,S,N,69000,3.4,1000,0
Sunggu,Corless,408,184-1956,LANCASTER,CA,93536,M,N,26500,5.7642727,0,0
InduShobha,Abello,302,159-1572,MONTCHANIN,DE,19710,M,N,63000,5.95,0,0
Tatsuya,Collart,727,143-1419,PALM BAY,FL,32906,S,Y,68000,0.0,0,0
Fay,Hotzel,774,194-1447,SHARON,MA,2067,S,N,83500,5.3,3575,0
Sandi,Gellersen,505,158-1655,ABIQUIU,NM,87510,S,Y,96000,5.3,3300,3300
Arendse,Trehel,970,123-1022,SALIDA,CO,81201,S,N,78500,4.63,0,0
Hideharu,Miner,505,158-1082,GALLUP,NM,87305,S,Y,65000,5.3,3300,3300
Deepali,Rutman,701,174-1915,BLANCHARD,ND,58009,M,N,13000,2.1,0,0
Bojan,Kageura,623,123-1481,PHOENIX,AZ,85013,S,N,69500,3.79225,2100,0
Jui,Rubin,928,190-1005,COLORADO CITY,AZ,86021,M,Y,40500,3.3427498,0,2300
Tuval,Flank,469,113-1106,PRAIRIE HILL,TX,76678,M,Y,53000,0.0,0,0
Qin,Hatakka,702,134-1566,HALLECK,NV,89824,S,N,38500,0.0,0,0
Edmond,Lomnicki,432,154-1999,AUSTIN,TX,78755,M,N,60500,0.0,0,0
Alireza,Bittan,989,103-1351,FREE SOIL,MI,49411,S,Y,41000,3.9,3100,3100
Hisayuki,Padiou,228,145-1174,ACKERMAN,MS,39735,M,Y,85500,5.0,0,1500
Boyan,Loulergue,402,179-1464,OMAHA,NE,68105,S,Y,67000,6.84,103,103
Belaid,Newhagen,787,137-1809,CIDRA,PR,739,M,Y,91000,0.0,0,0
Anupam,Braccini,808,149-1494,HOOLEHUA,HI,96729,M,N,68500,8.25,0,0
Radharamanan,Cherinka,248,162-1460,NORTH BRANCH,MI,48461,S,N,2000,3.9,3100,0
Satoru,Gecsel,208,123-1535,CAREY,ID,83320,M,N,31000,7.8,0,0
Yusuf,Coppo,541,140-1116,CULP CREEK,OR,97427,M,N,60000,9.0,0,0
Jianjun,Neighbors,406,141-1760,TURNER,MT,59542,M,N,57500,6.9,0,0
Shusaku,Brazile,410,168-1534,DEAL ISLAND,MD,21821,M,N,13000,4.75,0,0
Quan,Zizka,614,199-1052,HOWARD,OH,43028,M,Y,98000,3.7991233,0,1300
Jadwiga,Roohalamini,714,162-1496,SAN ANDREAS,CA,95249,M,N,14500,2.9313471,0,0
Debanjan,Khedro,918,183-1956,LAWTON,OK,73506,S,N,82500,6.25,1000,0
Grazyna,Jonker,775,120-1162,LAS VEGAS,NV,89130,M,Y,56000,0.0,0,0
Jeonghee,Hofstetter,218,184-1360,UPSALA,MN,56384,S,N,58500,7.3772144,3300,0
Evgenija,Drewnowski,724,166-2071,COLLEGEVILLE,PA,19426,S,Y,56500,3.07,0,0
Tapani,Gulla,520,168-2049,GOODYEAR,AZ,85338,S,Y,79000,3.9394999,2100,2300
Myongsu,Pouyioutas,605,117-1980,ALMONT,MI,57265,M,Y,78500,0.0,0,0
Kiyomitsu,Groette,832,118-1800,PLANO,TX,75026,S,Y,55000,0.0,0,0
Dongwook,Gaborit,301,164-1667,SEVERN,MD,21144,M,N,14500,4.75,0,0
Trudy,Pachowicz,720,129-1502,PINE,CO,80470,M,Y,72000,4.63,0,0
Zhaojun,Abayan,205,106-1390,MADISON LAKE,WV,35555,M,N,76000,5.0,0,0
Fadi,Capps,208,132-1940,MELBA-typoALMONT,ID-typoNV,83641,M,N,33000,7.8,0,0
Hidemitsu,Hoeve,912,127-1642,MAUK,GA,31058,S,Y,28000,6.0,2700,3000
Madanpal,Eklundh,207,138-1903,PORTLAND,ME,4103,M,Y,2000,2.0,0,2850
Philipp,Karasik,603,144-1313,HAVERHILL,NH,3765,M,N,28000,0.0,0,0
Vilena,Kuroshev,276,190-1487,PURCELLVILLE,VA,20134,S,Y,47500,5.75,900,900
Balas,Lodder,765,133-1648,CORY,IN,47846,M,Y,37500,3.4,0,1000
Thomas,Frijda,931,184-1750,SEVIERVILLE,TN,37862,S,Y,71000,0.0,0,0
Prabhakaran,Schiff,479,135-1996,MOUNT PLEASANT-typoNORTH FORT MYERS,AR-typoMI,72561,S,Y,26500,6.521931,20,20
Fytton,Bhanu,276,136-1809,SOUTH BOSTON,VA,24592,S,Y,45000,5.75,900,900
Isao,Heiken,701,150-1678,GRANDIN-typoALMONT,ND-typoMI,58038,S,N,8000,2.1,3300,0
Chuda,Spelke,787,120-1671,CAROLINA,PR,985,S,N,87000,0.0,0,0
Kailish,Banning,787,118-1482,SAN JUAN-typoMADISON LAKE,CT,918,M,N,42500,0.0,0,0
DongGill,Challis,864,167-1779,SPARTANBURG,SC,29306,M,N,39500,7.0,0,0
Luigia,Kaka,978,107-2067,BOSTON-typoMADISON LAKE,MA-typoWV,2114,S,Y,24500,5.3,3575,1000
Rafik,Huberman,573,111-1705,KANSAS CITY,MO,64154,M,N,69000,6.0,0,0
Anshul,Fornaciari,717,116-1787,YORK,PA,17406,S,Y,49000,3.07,0,0
Nat,Womack,785,104-1843,MANKATO,KS,66956,M,N,9000,3.5,0,0
Meng,Cui,502,116-1786,SALEM-typoNORTH FORT MYERS,KY-typoIA,42078,S,Y,77500,6.0,20,20
Takeaki,Guillier,423,125-1037,SOUTH PITTSBURG,TN,37380,M,Y,62000,0.0,0,0
JongMin,Sogomonyan,870,134-1978,PEACH ORCHARD,AR,72453,S,Y,53000,7.0,20,20
Samphel,Billingsley,510,144-1174,LINCOLN ACRES,CA,91947,S,N,5000,1.0,87,0
Zoltan,Poncelet,601,170-1447,PITTSBORO,MS,38951,M,Y,84000,5.0,0,1500
Haran,Noakes,808,113-1701,HONOLULU,HI,96839,M,Y,53500,8.25,0,1040
Jerri,Grandage,203,103-1345,LAKESIDE,CT,6758,M,Y,19000,5.0,0,0
Bruno,Weedon,732,190-1069,FRANKLIN-typoMADISON LAKE,NJ-typoIA,7416,M,N,26500,1.5025104,0,0
Augustus,Rachid,503,184-1163,MADISON LAKE,OR-typoWV,97402,M,Y,8500,9.0,0,159
Klemens,Akl,860,107-1238,POMFRET CENTER,CT,6259,S,N,92000,5.0,12750,0
Uffe,Vernalde,786,148-1491,NOKOMIS,FL,34274,M,N,14500,0.0,0,0
Supriya,Sillion,504,195-1969,NAPOLEONVILLE,LA,70390,M,N,28000,6.0,0,0
Meenakshisundaram,Macrosson,479,128-2089,LAMAR,AR,72846,S,Y,14000,3.5340028,20,20
Meiyappan,Pennino,225,142-1583,LA PLACE,LA,70068,M,Y,15000,2.8,0,1000
Masafumi,Zongker,917,101-1125,RUSHVILLE,NY,14544,M,N,78000,4.405488,0,0
Tingfang,Gerstenkorn,307,159-1380,MANVILLE,WY,82227,S,N,33000,0.0,0,0
Zhi,Chappelet,509,180-1712,BELFAIR-typoNORTH FORT MYERS,WA-typoMI,98528,M,Y,62000,0.0,0,0
Yiannakis,Krohm,636,147-1075,HARRISBURG,MO,65256,M,N,1500,1.78125,0,0
Iabelle,Behm,907,189-1755,ALMONT,AK-typoMI,99671,S,Y,11500,0.0,0,0
Kris,Mezei,603,132-1070,DOVER,NH,3820,S,Y,98000,0.0,0,0
Olivera,Gurer,337,178-1313,COUSHATTA,LA,71019,S,N,25500,6.0,4500,0
Tomaoo,Thibadeau,971,121-1371,ARLINGTON,OR,97812,S,Y,4500,6.897436,159,159
Darwyn,Mints,270,151-1733,HICKORY,KY,42051,M,Y,10500,2.4166667,0,20
Ellis,Jacquart,478,174-1081,HOSCHTON,GA,30548,M,Y,82500,6.0,0,3000
Hongyuan,Lindblad,970,157-1096,CAPULIN,CO,81124,S,N,88500,4.63,0,0
Ganapathy,Perri,802,127-1482,GREENSBORO BEND,VT,5842,M,Y,55500,4.109324,0,3300
Zhenzhong,Frauenstein,205,109-1236,COKER,AL,35452,S,Y,62000,5.0,1500,300
Atef,Peyn,405,166-1599,TULSA,OK,74105,M,Y,81000,6.25,0,1000
Reinhold,Reenskaug,270,114-1016,ALMONT,KY-typoWV,40576,S,N,12500,2.5277777,20,0
Estrella,Oberweis,402,179-1441,HAIGLER,NE,69030,S,N,61000,6.84,103,0
Helga,Cochran,520,106-1129,PHOENIX,AZ,85078,M,Y,51000,3.5054998,0,2300
Loan,Heckroth,508,175-1021,BRIMFIELD,MA,1010,S,Y,27500,5.3,3575,1000
Kasi,Wolpe,847,133-1001,CARPENTERSVILLE,IL,60110,M,Y,86500,3.0,0,2000
Goos,Mines,661,159-1979,HYDESVILLE,CA,95547,S,Y,9500,1.7509613,87,272
Itsuko,Barbacci,505,109-2040,SANTA FE,NM,87594,S,N,93500,5.3,3300,0
Ronit,Diebold,731,161-1167,MEMPHIS,TN,38136,M,N,68000,0.0,0,0
Ruddy,Hentze,947,175-1789,MATTAWAN,MI,49071,M,Y,89500,3.9,0,3100
Adadeji,Eckstein,701,100-1946,MADDOCK,ND,58348,M,N,23000,2.1,0,0
Aaron,Dedrick,610,110-1352,SHAWANESE,PA,18654,S,N,4500,3.07,0,0
Atsufumi,Hamfelt,401,171-2076,HARTMAN,RI-typoCT,2876,S,N,53000,0.0,0,0
Bianca,Haldar,304,130-1777,CHAUNCEY,WV,25612,M,N,24000,3.98,0,0
Soren,Kienzler,406,120-1163,HATHAWAY,MT,59333,S,N,35500,6.9,1900,0
Xiaoheng,Marathe,435,109-1430,SANTA CLARA,UT,84765,M,Y,19000,7.0,0,2475
Irah,Poletto,305,117-1322,MADISON LAKE,FL-typoWV,33991,S,N,95000,0.0,0,0
Saso,Abbas,254,196-1530,HOUSTON,TX,77010,S,N,90500,0.0,0,0
Kellogg,Frison,939,159-1425,SAN JUAN,PR,919,S,N,24500,0.0,0,0
Srinivasa,Herner,928,183-1273,COLORADO CITY,AZ,86021,S,N,39000,3.3195,2100,0
Avikam,Maslen,304,134-1712,ONEGO,WV,26886,M,Y,47500,5.625,0,2000
Silke,Tuuliniemi,419,174-1053,MC DONALD,OH,44437,M,Y,53500,2.3219514,0,1300
Christoph,Dubinsky,731,141-1643,DAYTON,TN,37321,S,Y,22500,0.0,0,0
Nanning,Grady,858,109-1565,OCEANSIDE,CA,92052,S,Y,25000,5.410157,87,272
Ziva,Hruby,712,107-1489,LAKE MILLS,IA,50450,S,N,500,0.36,40,0
Schuichi,Murga,808,153-1432,KOLOA,HI,96756,M,N,64000,8.25,0,0
Oliver,Babcock,770,116-1230,ATLANTA,GA,30399,M,N,42000,6.0,0,0
Mabry,Baucke,505,113-1676,HOBBS,NM,88242,M,N,8500,2.7285714,0,0
Rivka,Wavrik,808,102-1150,LAHAINA,HI,96761,S,N,99500,8.25,1040,0
Chams,Stieger,505,120-1163,FAYWOOD,NM,88034,S,Y,83500,5.3,3300,3300
Chenghui,Papsdorf,406,135-1760,TROY,MT,59935,S,N,93500,6.9,1900,0
Merritt,Goli,337,169-1986,TALLULAH,LA,71282,M,N,16000,3.12,0,0
Pijush,Megson,423,100-1692,HUNTLAND,TN,37345,S,Y,500,0.0,0,0
Seungyup,Khetawat,317,106-1152,DEPUTY,IN,47230,M,N,69500,3.4,0,0
Ranan,Post,479,170-1547,MARCELLA,AR,72555,M,Y,28000,6.8804827,0,20
Yingxu,Thummel,717,172-1204,NEW BUFFALO,PA,17069,M,Y,96500,3.07,0,0
Mihnea,Steinbrunn,920,191-2092,STAR PRAIRIE,WI,54026,M,N,67000,5.6105385,0,0
Jaechun,Schultis,971,175-1211,PORTLAND,OR,97282,S,N,70000,9.0,159,0
Yusaku,Juste,435,141-1337,CANNONVILLE,UT,84718,S,N,23500,7.0,2475,0
Jakub,Krohn,203,119-1980,STAFFORD,CT,6075,M,N,34000,5.0,0,0
Xingong,Witschorik,208,124-1012,HOWE,ID,83244,M,N,77500,7.8,0,0
Gouhua,Alimohamed,919,143-1371,KITTRELL,NC,27544,S,Y,68000,7.159091,3300,3300
Yadran,Maloney,202,166-1465,WASHINGTON,DC,20073,S,Y,20500,6.8625,1370,1370
Maroin,Giacobazzi,253,118-1705,SEATTLE,WA,98125,M,Y,73500,0.0,0,0
Surath,Cyne,515,163-1776,OTLEY,IA,50214,S,N,40000,6.339211,40,0
Honesty,Guernic,203,141-1182,ANSONIA,CT,6401,S,Y,32000,5.0,12750,0
Tzusheng,Futatsugi,808,183-1439,KANEOHE-typoMADISON LAKE,GA,96744,M,N,39000,8.0697365,0,0
Matt,Linsker,319,115-1688,ORIENT,IA,50858,M,N,30500,4.872621,0,0
Piercarlo,Heyderhoff,425,160-1547,LONGBRANCH,WA,98351,M,Y,20500,0.0,0,0
Guozhong,Daszczuk,218,150-1336,WEBSTER,MN,55088,S,Y,67500,7.85,3300,3300
Menkae,Bernini,351,143-1671,LEEDS,MA,1053,M,N,35500,5.3,0,0
Daphna,Rusinkiewicz,612,133-1850,RENVILLE,MN,56284,S,Y,83000,7.85,3300,3300
Eishiro,Upadhyaya,843,180-1402,COLUMBIA,SC,29223,S,N,500,2.5,3300,0
Cecilia,Plessier,404,199-2093,MAYSVILLE,GA,30558,M,N,58500,6.0,0,0
Yiyun,Voisard,402,190-1450,REYNOLDS,NE,68429,S,N,72000,6.84,103,0
Nurith,Anjan,504,189-2030,AKERS,LA,70421,M,Y,26000,6.0,0,1000
Vincenzo,Strole,504,176-1163,SHREVEPORT,LA,71151,S,Y,50500,6.0,4500,1000
Frantz,Nytro,954,173-1756,ORLANDO,FL,32872,M,N,60500,0.0,0,0
Keiji,Toyoshima,262,101-1948,CLAM LAKE,WI,54517,M,N,63500,5.549725,0,0
Guylaine,Tolly,848,171-1103,CEDAR KNOLLS,NJ,7927,M,N,10500,1.4,0,0
Joann,Vines,229,122-1306,AUGUSTA,GA,30913,M,Y,41500,6.0,0,3000
Efraim,Kluthe,512,169-1943,ALMONT,IA,79942,S,N,58500,0.0,0,0
Enshao,Phua,605,164-1956,SENECA,SD,57473,S,N,90000,0.0,0,0
Kouichi,Kishida,939,198-1715,SAN JUAN,PR,902,S,Y,500,0.0,0,0
Debasis,Ihrig,951,140-1809,LOS ALAMITOS,CA,90721,S,N,83500,9.3,87,0
Hugues,Siler,843,108-1853,NORWAY,SC,29113,M,N,15000,7.0,0,0
Sharada,Himler,732,196-1139,PORT REPUBLIC,NJ,8241,S,N,22000,1.4315417,1000,0
Minghui,Fraysse,775,108-1538,OWYHEE,NV,89832,M,Y,28000,0.0,0,0
Seraphin,Shiran,808,164-1184,LAUPAHOEHOE,HI,96764,S,Y,26500,5.8164473,1040,1040
Mriganka,Vauclair,254,174-1036,NEW BRAUNFELS,TX,78135,S,N,29500,0.0,0,0
Yexuan,Heiman,515,133-1971,MILES,IA,52064,S,N,26000,4.1779203,40,0
Takahiro,Guangyi,907,171-1474,SHISHMAREF,AK,99772,M,N,12500,0.0,0,0
Arunachalam,Verloop,913,101-1157,BUSHTON,KS,67427,S,Y,70000,6.45,2250,2250
Amichai,Feigelson,205,197-1371,MONTGOMERY,AL,36114,S,N,94500,5.0,1500,0
Ivor,Rauhe,202,111-1536,WASHINGTON,DC,20037,M,N,81500,9.0,0,0
Grigorii,Hodge,704,149-1432,WALSTONBURG,NC,27888,S,Y,3000,6.0,3300,3300
Rei,Kawagoe,860,193-1722,RIVERTON,CT,6065,S,Y,64000,5.0,12750,0
Meera,Walinsky,203,114-1271,HARTFORD-typoHARTMAN,MI,6152,M,Y,31500,5.0,0,0
Maura,Kuroshev,970,103-1313,LITTLETON,CO,80122,S,N,58000,4.63,0,0
Junji,Gohl,319,146-1390,MINEOLA,IA,51554,M,Y,59500,8.98,0,40
Xining,Nilsson,901,100-1233,OCOEE,TN,37361,S,N,63000,0.0,0,0
Qujun,Guggino,702,137-1006,AMARGOSA VALLEY,NV,89020,S,N,56500,0.0,0,0
Klaudia,Rusmann,970,198-1909,COLORADO SPRINGS,CO,80912,S,N,56500,4.63,0,0
Mino,Gimarc,815,156-1894,WATSON,IL,62473,S,N,42500,3.0,2000,0
Houman,Benveniste,907,101-1170,ANCHORAGE,AK,99509,M,Y,88500,0.0,0,0
Nestor,Wichert,401,101-1005,GREENE,RI,2827,S,Y,41000,0.0,0,0
Takashige,Esbelin,907,159-1826,ANAKTUVUK PASS,AK,99721,S,Y,3000,0.0,0,0
Mari,Ramsden,773,167-1618,RIO,IL,61472,M,Y,77000,3.0,0,2000
Iztok,Bartley,570,101-1283,DAUPHIN,PA,17018,M,Y,49500,3.07,0,0
Nozomu,Maquelin,206,144-1922,MOSES LAKE,WA,98837,M,Y,19500,0.0,0,0
Enea,Gargouri,917,138-1978,ERIEVILLE,NY,13061,S,N,51000,4.2490854,0,0
Liane,Eskilson,701,153-1977,JAMESTOWN,ND,58401,M,N,13000,2.1,0,0
Hussam,Nyce,314,168-1856,OSCEOLA,MO,64789,M,N,92000,6.0,0,0
Alf,Heilandt,917,189-1555,MOUNT VERNON,NY,10557,M,Y,37500,4.170884,0,1000
Edel,Clemmensen,870,192-1620,CAVE CITY,AR,72521,S,N,68000,7.0,20,0
Naohisa,Suomi,302,186-1459,DOVER-typoNORTH FORT MYERS,DE-typoIA,19905,M,Y,78000,5.95,0,110
Staphane,Borrmann,939,169-1943,TOA ALTA,PR,953,M,Y,86500,0.0,0,0
Ioanna,Forcade,412,104-1841,BANGOR,PA,18013,M,N,22000,3.07,0,0
Emmett,Bracha,603,172-1768,TILTON-typoHARTMAN,NH-typoGA,3298,M,N,73000,0.0,0,0
Cohavit,Lockwood,787,180-1201,BAYAMON,PR,959,M,N,92000,0.0,0,0
Okan,Prieve,802,153-1148,NORTHFIELD,VT,5663,M,N,35500,3.7114146,0,0
Xiangyu,Musin,931,104-1378,EVA-typoNORTH FORT MYERS,TN-typoIA,38333,S,Y,23500,0.0,0,0
Elin,Gerard,336,112-1471,TAYLORSVILLE,NC,28681,S,N,12000,6.0,3300,0
Kayoko,Apperley,620,131-1103,WOODSTON,KS,67675,M,N,83500,6.45,0,0
Manuel,Kohnert,931,186-1831,MONTEREY,TN,38574,M,N,7000,0.0,0,0
Feniosky,Synnes,712,148-1595,DES MOINES,IA,50313,S,N,21000,3.4060307,40,0
Sadashiva,Daijavad,404,168-1469,MOULTRIE,GA,31776,M,Y,58000,6.0,0,3000
Concettina,Cheriton,939,109-1937,SAN JUAN,PR,925,S,Y,60000,0.0,0,0
Sami,Joeris,202,173-1954,WASHINGTON,DC,20221,S,N,51000,9.0,1370,0
Tateaki,Eckstein,480,106-1703,PHOENIX,AZ,85004,S,N,21000,3.0405,2100,0
Walt,Cassaro,256,140-1401,CORDOVA,AL,35550,M,Y,12500,5.0,0,300
Qiuhui,Dovidio,443,107-1140,BALTIMORE,MD,21275,M,N,28000,4.75,0,0
Morioka,Szanser,307,161-1810,BURNS,WY,82053,M,Y,37500,0.0,0,0
Photios,Ponighaus,808,127-1128,KIHEI,HI,96753,S,Y,44000,8.25,1040,1040
Matthew,Jesus,615,167-1616,DUCKTOWN,TN,37326,S,Y,49000,0.0,0,0
Saydean,Benz,612,130-1576,BIGFORK-typoNORTH FORT MYERS,MN-typoCT,56628,M,Y,64500,7.6973853,0,3300
Miyoki,Schlegel,206,110-1199,VANCOUVER,WA,98660,S,Y,61500,0.0,0,0
Nobumitsu,Mahafzah,518,118-1378,ROCHESTER,NY,14673,M,N,67500,4.3446646,0,0
Anno,Matyska,660,182-1026,HOLLAND,MO,63853,M,Y,82000,6.0,0,1200
Mathis,Lanka,828,126-1602,MANTEO,NC,27954,M,N,30000,6.361888,0,0
Jackie,Lovell,478,130-1773,WILEY,GA,30581,S,Y,18500,6.0,2700,3000
Yael,Kambhampati,256,187-1662,MOBILE,AL,36689,S,N,57500,5.0,1500,0
Sekhar,Zabih,616,123-1833,GRAND RAPIDS,MI,49512,M,Y,2000,3.9,0,3100
Keshab,Bentlage,804,187-1238,POUNDING MILL,VA,24637,M,N,100000,5.75,0,0
Plamena,Boffa,719,191-1864,WETMORE,CO,81253,M,Y,69000,4.63,0,0
Zoltan,Mykkeltveit,941,152-1671,INGLIS,FL,34449,M,N,67500,0.0,0,0
Jozsef,Burnhill,302,181-1384,FENWICK ISLAND,DE,19944,M,Y,16500,2.9840908,0,110
Manuvir,Noonan,256,182-2040,MORRIS,AL,35116,S,N,32500,5.0,1500,0
Wanjiun,Kruiskamp,304,150-1532,ROSEMONT,WV,26424,M,Y,57500,6.325,0,2000
Lionello,Dongha,971,118-1625,EUGENE,OR,97408,S,N,99000,9.0,159,0
Wenyi,Baru,801,166-1295,LA VETA,UT-typoWV,84751,M,Y,55000,7.0,0,2475
Sigmar,Tchuente,308,165-1162,LAWRENCE,NE,68957,M,N,40000,6.84,0,0
Ladan,Ulman,270,113-1522,TUTOR KEY,KY,41263,S,N,77000,6.0,20,0
Yongqiao,Stuckey,479,124-1216,FORT SMITH,AR,72917,M,N,75000,7.0,0,0
Aduri,Breunig,425,139-1847,EVERETT,WA,98206,S,N,59000,0.0,0,0
Jeannette,Fontana,302,134-1691,LA VETA,DE-typoIA,19887,M,N,3500,2.2,0,0
Uisok,Schlattmann,215,112-1967,WEST MIDDLETOWN,PA,15379,M,N,34000,3.07,0,0
Juichirou,Litzkow,615,126-1457,CROSSVILLE,TN,38558,S,Y,76000,0.0,0,0
Gur,Seppanen,907,193-1830,JUNEAU,AK,99850,S,Y,33500,0.0,0,0
Sukemitsu,Savaria,434,187-1445,LYNCHBURG,VA,24501,S,N,53000,5.75,900,0
Manjote,Burkhard,234,136-1156,RUSSELLVILLE,OH,45168,M,Y,35000,1.7078462,0,1300
Ambrose,Autexier,406,159-1355,CARDWELL,MT,59721,S,Y,31000,6.9,1900,1900
Gyungho,Wielonsky,623,130-1720,MESA,AZ,85274,S,N,93500,4.16425,2100,0
Diann,Caron,614,115-1967,CAREY,OH,43316,S,N,43500,1.9900026,1300,0
Motofumi,Cerone,228,199-1605,SANDHILL,MS,39161,S,N,8500,4.4,6000,0
Ila,Lesperance,952,176-1379,HITTERDAL,MN,56552,M,N,32000,5.963127,0,0
Nicklas,D'Agostino,802,197-1414,BROWNSVILLE,VT,5037,S,N,90500,4.805665,3300,0
Bluma,Wijshoff,605,139-1319,SCOTLAND,SD,57059,M,Y,85000,0.0,0,0
Werther,Kirchgaassner,801,184-1205,MENDON,UT,84325,S,N,56500,7.0,2475,0
Mones,Trzewik,207,112-1388,WEST KENNEBUNK,ME,4094,S,Y,11500,5.2974453,2850,2850
Maja,Maiorov,267,194-2007,BARTO,PA,19504,M,N,82000,3.07,0,0
Perla,Heidenreich,717,174-2099,HARTSTOWN,PA,16131,S,Y,19000,3.07,0,0
Kristin,Weismantel,419,131-1344,WELLSTON,OH,45692,S,Y,21000,1.243118,1300,1300
Raymonde,Ajjanagadde,605,192-1860,VALLEY SPRINGS,SD,57068,M,N,91500,0.0,0,0
Nestor,Leduc,701,125-1059,WIMBLEDON,ND,58492,M,Y,33500,2.1440504,0,3300
Enver,Drexl,478,197-1535,APPLING,GA,30802,M,Y,99500,6.0,0,3000
Aiqun,Getfert,276,145-1000,COBBS CREEK,VA,23035,M,Y,34500,5.75,0,900
Stefanos,Hensel,775,126-1647,PAHRUMP,NV,89060,S,N,76500,0.0,0,0
Thirumalai,Standing,308,179-1085,TRUMBULL,NE,68980,S,N,21500,5.952033,103,0
Marjan,Mennie,267,193-1844,PITTSBURGH,PA,15220,M,Y,3500,3.07,0,0
Wieb,Derstine,248,164-1491,KALAMAZOO-typoLA VETA,MI-typoCT,49005,S,N,10000,3.9,3100,0
Vinay,Dale,786,186-1264,BRADENTON,FL,34204,M,Y,48500,0.0,0,0
Mohamadou,Presttun,931,178-1761,KNOXVILLE,TN,37938,M,N,9500,0.0,0,0
Hiromu,Moudini,414,190-2044,OSHKOSH,WI,54901,S,Y,30500,4.9763455,700,400
Georgia,Reiterman,304,166-1672,CANVAS,WV,26662,M,N,26500,4.155,0,0
Roar,Zongming,732,198-1242,SERGEANTSVILLE,NJ,8557,M,N,85000,2.4251041,0,0
Daryl,Yamagami,304,130-1251,TROY,WV,26443,S,N,35000,4.75,2000,0
Ivailo,Samarapungavan,304,136-1990,WEST MILFORD,WV,26451,S,Y,11500,3.105,2000,2000
Kan,Nori,541,119-1132,SALEM-typoNORTH FORT MYERS,IA,97309,M,Y,32000,9.0,0,159
Weigang,Stiles,716,114-1915,HANNAWA FALLS,NY,13647,M,Y,94500,4.501067,0,1000
Coimbatore,Toman,720,176-1292,LA VETA,CO-typoWV,81012,M,N,95000,4.63,0,0
Vivian,Pavlopoulou,949,139-1819,JACUMBA,CA,91934,M,Y,85500,9.3,0,272
Rosita,Piccinini,325,172-1487,COMBES,TX,78535,M,Y,33000,0.0,0,0
Stana,Masand,563,123-1997,PULASKI,IA,52584,S,N,58000,8.98,40,0
Hamish,Hodel,939,130-1337,AIBONITO,PR,705,S,Y,6000,0.0,0,0
Jieyu,Clarysse,440,107-1115,EDISON,OH,43320,M,N,68500,2.8198743,0,0
Markku,Carrera,907,191-1348,WILLOW,AK,99688,S,Y,65000,0.0,0,0
Yasuharu,Mouchtaris,414,149-1646,BLOOMER,WI,54724,S,Y,47500,5.271723,700,400
Eugenia,Nagata,971,187-1361,WINSTON,OR,97496,M,Y,60500,9.0,0,159
Kalluri,Dresser,304,193-1113,POOL,WV,26684,S,N,7500,3.0,2000,0
Keiki,Koshors,860,153-1267,NEW BRITAIN,CT,6051,M,N,57500,5.0,0,0
Dolores,Rindone,417,185-1192,OAK GROVE,MO,64075,M,Y,16500,6.0,0,1200
Subutai,Stanion,636,109-1468,CHAFFEE,MO,63740,S,Y,100000,6.0,2100,1200
Ricardo,Kyrimis,970,158-1721,BEACON FALLS,IA,81071,S,N,61000,4.63,0,0
Emilia,Dollas,920,185-1921,AMERY,WI,54001,M,Y,92000,6.0449166,0,400
Xianlong,Abdennadher,202,187-1423,WASHINGTON,DC,20500,S,N,51500,9.0,1370,0
Wolffried,McDaniel,765,190-2042,SOUTH BEND,IN,46626,M,Y,99500,3.4,0,1000
Catalina,Marjeta,301,111-2010,ANNAPOLIS,MD,21411,S,Y,66000,4.75,2400,2400
Jed,Haack,307,177-2075,JEFFREY CITY,WY,82310,M,Y,40500,0.0,0,0
Niki,Petereit,304,185-1388,INDEPENDENCE,WV,26374,S,Y,41000,5.17,2000,2000
Athushi,Geidmanis,603,175-1752,WEST STEWARTSTOWN,NH,3597,M,N,56500,0.0,0,0
Gloria,Czajkowski,724,131-1135,DANBORO,PA,18916,M,Y,4500,3.07,0,0
Aryya,Hadad,239,159-1371,MIAMI BEACH,FL,33109,S,Y,98000,0.0,0,0
Shyamsundar,Douligeris,503,111-1587,GOVERNMENT CAMP,OR,97028,S,N,25500,9.0,159,0
Koki,Florissi,918,196-1600,COLONY,OK,73021,M,Y,89000,6.25,0,1000
Tomi,Kaushik,907,145-2086,KAKE,AK,99830,M,Y,93000,0.0,0,0
Zhenzhong,Balfanz,913,120-1015,EUREKA,KS,67045,M,N,54500,6.45,0,0
Dayne,Kouzes,939,176-1320,JUNCOS,PR,777,S,Y,40500,0.0,0,0
Huatian,Normark,720,172-1922,MASONVILLE,CO,80541,M,Y,20500,4.63,0,0
Jonghyun,Vignat,435,194-1909,CORINNE,UT,84307,M,Y,14500,7.0,0,2475
Hosahalli,Flass,206,140-1537,NAHCOTTA,WA,98637,M,Y,2500,0.0,0,0
Yannich,Giorcelli,208,136-1428,COEUR D ALENE,ID,83816,S,N,55000,7.8,3300,0
Kaladhar,Schkolnick,307,153-1923,DEVILS TOWER,WY,82714,S,N,7500,0.0,0,0
Dorota,Crvenkovic,551,154-1327,MARTINSVILLE,NJ,8836,M,Y,4500,1.4,0,1500
Watts,Terwiesch,360,152-1523,LONG BEACH,WA,98631,M,N,61500,0.0,0,0
Bernahrd,Amsterdam,207,111-1252,PENOBSCOT,ME,4476,M,N,40500,8.5,0,0
Mejar,Salvesen,757,115-1646,ARCOLA,VA,20107,S,Y,66500,5.75,900,900
Len,Weismantel,860,114-1211,WASHINGTON DEPOT,CT,6794,S,N,61000,5.0,12750,0
Uta,Michaelski,505,136-2042,PERALTA,NM,87042,S,Y,99500,5.3,3300,3300
Wunnava,Gargouri,435,110-1112,MOUNT PLEASANT,UT,84647,M,N,47000,7.0,0,0
Weikai,Soderlund,804,158-1485,HACKSNECK,VA,23358,M,Y,36500,5.75,0,900
Aurora,Sury,787,191-1928,MAYAGUEZ,PR,682,S,Y,39000,0.0,0,0
Nong,Czyzowicz,410,128-1097,BALTIMORE-typoALMONT,IA,21285,M,Y,80500,4.75,0,2400
Foued,Almasi,571,131-1684,MILFORD,VA,22514,M,N,53000,5.75,0,0
Justinian,Kolinko,775,106-2059,SPARKS,NV,89435,S,N,20500,0.0,0,0
Jost,Schultis,515,190-1759,CUMMING,IA,50061,M,N,64000,8.98,0,0
Hidenosuke,Litzkow,412,180-1148,FALLS CREEK,PA,15840,S,N,25500,3.07,0,0
Tooru,Pidd,224,105-1042,BEACON FALLS,IL-typoWV,61239,M,Y,28500,3.0,0,2000
Krys,Ylonen,701,136-1665,ALMONT,ND-typoWV,58737,M,Y,7000,2.1,0,3300
Gur,Grignetti,229,170-1707,MOLENA,GA,30258,M,N,19000,6.0,0,0
Jean,Hehmann,505,155-1484,YESO,NM,88136,S,N,21000,5.3,3300,0
Yih,Bozinovic,912,129-1354,MARIETTA,GA,30065,M,N,49000,6.0,0,0
Pramode,Struble,414,100-1108,MILWAUKEE,WI,53268,S,N,38000,5.106659,700,0
Lennart,Smaragdakis,857,159-1625,ERVING,MA,1344,M,Y,81500,5.3,0,1000
Moty,Waterhouse,317,190-1043,FRANKFORT,IN,46041,M,Y,76500,3.4,0,1000
Hans,Sugiura,304,113-2033,OSAGE,WV,26543,M,N,12000,3.14,0,0
Seongyeol,Mynard,307,113-2007,YODER,WY,82244,M,N,23000,0.0,0,0
Canming,Broda,912,174-1480,UPATOI,GA,31829,M,N,55000,6.0,0,0
Wieslaw,Dendrinos,207,181-1046,RANDOLPH,ME,4346,M,N,17500,8.14416,0,0
Gilberto,Sestoft,907,170-1375,EEK,AK,99578,M,Y,47500,0.0,0,0
Windsor,Poulin,252,137-1683,GREENSBORO,NC,27413,S,N,89000,7.5996504,3300,0
Taketo,Eskridge,980,125-1910,HENRIETTA,NC,28076,S,Y,23000,6.215035,3300,3300
Noam,Plummer,912,179-1267,GRANTVILLE,GA,30220,M,Y,51500,6.0,0,3000
Narendra,Hanakawa,202,127-1101,WASHINGTON,DC,20241,M,Y,74000,9.0,0,1370
Dechang,Moshkow,620,195-1530,MORLAND,KS,67650,M,N,54000,6.45,0,0
Prentiss,Menezes,787,155-1543,CIDRA-typoMADISON LAKE,PR-typoCT,739,M,N,87000,0.0,0,0
Barry,Alborghetti,205,142-1317,PENNINGTON,AL,36916,M,N,69500,5.0,0,0
Gerco,Suraweera,626,129-1126,KINGSBURG,CA,93631,S,N,77000,9.3,87,0
Tarik,Ndumu,775,110-1661,LAS VEGAS,NV,89117,M,N,16000,0.0,0,0
Wolfram,Conti,307,112-1967,LA BARGE,WY,83123,S,Y,88500,0.0,0,0
Floriana,Nassor,505,191-1693,ALBUQUERQUE,NM,87113,M,N,82000,5.3,0,0
Wagar,Mezzalama,870,130-1174,OARK,AR,72852,S,Y,61500,7.0,20,20
Ilies,Fedou,706,144-1399,LULA,GA,30554,S,N,47000,6.0,2700,0
Juhani,Muchinsky,205,176-1303,CITRONELLE,AL,36522,S,N,32500,5.0,1500,0
Babubhai,Banh,757,185-1059,AXTON,VA,24054,S,N,33500,5.75,900,0
Dajun,Reitz,623,100-1919,MADISON LAKE,AZ-typoWV,85318,S,Y,94500,4.17975,2100,2300
Narsingh,Piney,757,131-1330,ELLISTON,VA,24087,S,Y,31000,5.75,900,900
Zena,Bignone,636,108-1874,SAINT CHARLES,MO,63302,S,N,78000,6.0,2100,0
Jiakeng,Koschke,740,134-1633,MARION,OH,43301,M,Y,68500,2.8198743,0,1300
Jef,Faust,270,132-1304,MADISON LAKE,WV,40734,M,N,29000,3.4444444,0,0
Engelbert,Borowsky,605,170-2081,TRIPP,SD,57376,S,Y,14000,0.0,0,0
Hwang,Nagashima,347,133-1057,ROMULUS,NY,14541,S,N,39000,4.179573,0,0
Abdelhak,Scholten,651,148-1865,ROCKVILLE,MN,56369,S,N,64000,7.670704,3300,0
Mitsuhisa,Kusakabe,808,178-1902,HALEIWA,HI,96712,M,Y,41000,8.25,0,1040
Kiamal,Pattabhiraman,276,191-1066,JEFFERSONTON,VA,22724,M,N,73500,5.75,0,0
Shem,Feldhoffer,219,149-1323,CLOVERDALE,IN,46120,M,Y,87000,3.4,0,1000
Katrina,Tisdall,515,131-1299,CEDAR FALLS,IA,50613,S,Y,55000,8.65488,40,40
Dammmian,Allinson,210,150-1846,ALPINE,TX,79830,S,N,66000,0.0,0,0
Marten,Neuhaus,202,199-1934,WASHINGTON,DC,20505,M,N,46000,9.0,0,0
Ascander,Maierhofer,215,108-1229,CLINTON,PA,15026,M,N,8500,3.07,0,0
Yunming,Yemenis,423,118-1436,SEVIERVILLE,TN,37876,S,Y,43000,0.0,0,0
Florent,Peckham,775,113-1323,LAS VEGAS,NV,89134,S,Y,26000,0.0,0,0
Hideto,Melkebeek,205,139-1485,LA VETA,AL-typoCT,35083,M,N,72500,5.0,0,0
Lushen,Monkewich,813,126-1882,PENSACOLA,FL,32590,M,N,15000,0.0,0,0
Aito,Kawanobe,941,197-1455,LA VETA,FL-typoCT,33177,S,N,29000,0.0,0,0
Catuscia,Obradovich,213,161-1632,ARROYO GRANDE,CA,93421,M,Y,71000,9.3,0,272
Clinton,Krauter,808,166-1013,ALMONT,GA,96805,M,N,4000,1.7605263,0,0
Prithviraj,Arguello,202,158-2091,WASHINGTON,DC,20035,S,N,28500,8.6625,1370,0
Shouji,Mersmann,864,100-1258,FORT LAWN,SC,29714,M,N,4000,3.1259727,0,0
Evgenija,Reck,478,193-1280,ATLANTA,GA,30394,M,Y,14000,6.0,0,3000
Odysseas,Lamsweerde,401,146-2017,PROVIDENCE,RI,2912,M,Y,500,0.0,0,0
Shian,Lipner,307,184-1027,SHAWNEE,WY,82229,S,N,96000,0.0,0,0
Muhammad,Boari,302,119-1426,WILMINGTON,DE,19884,M,N,42000,4.7227273,0,0
Huy,Goktas,913,167-1927,LAKIN,KS,67860,S,N,23000,5.0733333,2250,0
Szots,Schirra,623,191-2004,VALLEY FARMS,AZ,85191,M,Y,37000,3.2884998,0,2300
Agigdor,Georgakopoulos,319,180-1789,DAVENPORT,IA,52804,S,N,93500,8.98,40,0
Dirceu,Crossley,847,128-1419,CAROL STREAM,IL,60197,S,Y,91000,3.0,2000,2000
Jinhua,Benzley,410,116-1005,ELLICOTT CITY,MD,21043,S,Y,5500,4.75,2400,2400
Jengchin,Bean,910,181-1156,CHARLOTTE,NC,28275,S,N,9500,6.0,3300,0
Hany,Figueira,314,114-1709,HOLDEN,MO,64040,M,N,24000,6.0,0,0
Roded,Dimitriou,501,116-1337,NEWHOPE,AR,71959,S,Y,65500,7.0,20,20
Fengjie,Dussud,570,195-1345,DEWART-typoBEACON FALLS,PA-typoGA,17730,S,N,34500,3.07,0,0
Pushan,Amaldi,443,149-1626,TAKOMA PARK,MD,20913,M,Y,96000,4.75,0,2400
Sergio,Aluja,860,176-1605,STAMFORD,CT,6920,M,N,44000,5.0,0,0
Padmashree,Simajiri,208,183-1040,WHITE BIRD,ID,83554,M,Y,21000,7.2322607,0,3300
Iabelle,Perin,605,194-1579,RIDGEVIEW,SD,57652,M,N,34000,0.0,0,0
Burchard,Vivekananda,865,183-1676,LYNNVILLE,TN,38472,M,Y,40000,0.0,0,0
Swapna,McDonnell,504,199-1725,BONITA,LA,71223,S,N,76500,6.0,4500,0
Taisook,Eltgroth,727,130-1279,NAPLES,FL,34101,M,Y,98000,0.0,0,0
Alain,Shiode,908,115-1104,LA VETA,NJ-typoGA,8202,M,Y,39500,1.7075312,0,1500
Hamed,Kossowski,202,141-1873,WASHINGTON,DC,20098,S,N,54500,9.0,1370,0
Alfred,Kupsch,901,168-1521,LEBANON,TN,37088,M,N,26000,0.0,0,0
Vitaliano,Kemppainen,954,152-1324,GAINESVILLE,FL,32609,S,N,46000,0.0,0,0
Kemt,Maslov,907,141-1457,EGEGIK,AK,99579,M,Y,47000,0.0,0,0
Ibraheem,Chrzastowski,307,167-1437,NATRONA,WY,82646,S,Y,56500,0.0,0,0
Amalia,Flatley,317,152-1306,HATFIELD,IN,47617,M,N,68500,3.4,0,0
Ewgeni,Vlaxodimitropoulos,410,117-1344,WHITE PLAINS,MD,20695,M,Y,90000,4.75,0,2400
Lory,Tadokoro,808,186-1413,HONOLULU,HI,96846,M,N,56500,8.25,0,0
Gwenole,Freundlich,302,165-2040,NEWARK,DE,19713,M,Y,85000,5.95,0,110
Hao,Ginneken,515,192-1280,MARTENSDALE,IA,50160,M,N,60500,8.98,0,0
Satyamurthy,Nerode,573,189-1553,COLUMBIA,MO,65217,M,N,98000,6.0,0,0
Noe,Pethe,701,147-1723,MAXBASS,ND,58760,M,N,27000,2.1,0,0
Val,Improta,706,120-1722,COLUMBUS,GA,31909,S,N,69000,6.0,2700,0
Simonetta,Gracia,202,110-2053,WASHINGTON,DC,20535,S,Y,92500,9.0,1370,1370
Sheelagh,Dondis,616,173-1309,FLINT,MI,48557,S,Y,23000,3.9,3100,3100
Gurbir,Hertzum,316,148-1165,ADMIRE,KS,66830,M,Y,57000,6.45,0,2250
Oystein,Delgrange,540,121-1514,MOUNT CRAWFORD,VA,22841,M,Y,63000,5.75,0,900
Dipankar,Sillion,203,179-2071,HARTFORD,CT,6144,S,N,79000,5.0,12750,0
Itzchak,Rouet,732,165-1692,RICHLAND,NJ,8350,M,N,25500,1.4867395,0,0
Bran,Kerm,435,144-2033,RUSH VALLEY,UT,84069,S,Y,22500,7.0,2475,2475
Fong,Ravn,505,157-1268,SUNLAND PARK,NM,88063,M,N,75000,5.3,0,0
Jaspal,Beckhoff,304,160-1480,BLACKSVILLE,WV,26521,S,Y,86500,6.5,2000,2000
Yash,Krauter,802,133-1386,BRATTLEBORO,VT,5303,S,N,60500,4.2088013,3300,0
Shimshon,Raschle,541,133-1481,KLAMATH FALLS-typoHARTMAN,WV,97601,S,N,93000,9.0,159,0
Jinxi,Gire,501,128-1004,CALICO ROCK,AR,72519,S,Y,41500,7.0,20,20
Bernt,Kitakami,971,167-2066,SIXES,OR,97476,M,N,19000,9.0,0,0
Boaz,Itzigehl,304,146-1139,WHITE SULPHUR SPRINGS,WV,24961,M,Y,14500,3.315,0,2000
Delgado,Faltenbacher,308,189-1236,BIG SPRINGS,NE,69122,S,Y,37000,6.84,103,103
Lenny,Choukair,260,174-1595,INDIANAPOLIS,IN,46296,M,Y,78500,3.4,0,1000
Murari,Pose,505,143-1533,TAOS-typoALMONT,NM-typoIA,87571,S,Y,86500,5.3,3300,3300
Qirui,Luttringhaus,304,124-2069,GLEN,WV,25088,M,Y,92500,6.5,0,2000
Loyce,Forcheri,787,164-2081,BAYAMON,PR,960,M,Y,22000,0.0,0,0
Cunsheng,Hanover,939,104-2092,RINCON,PR,677,M,Y,29000,0.0,0,0
Leora,Kanodia,262,192-1091,MADISON,WI,53744,M,Y,15000,4.707031,0,400
Shreekant,Melkebeek,864,123-1855,GREENVILLE,SC,29604,S,Y,68000,7.0,3300,3300
Reza,Rettinger,302,123-1041,NEWARK,DE,19714,M,N,63500,5.95,0,0
Mirka,Moltedo,307,113-1385,DIXON,WY,82323,S,Y,87000,0.0,0,0
Jarogniew,Miczo,208,173-2043,MAY,ID,83253,S,Y,74500,7.8,3300,3300
Yinlin,Kasi,479,105-1321,ALPENA,AR,72611,S,Y,85000,7.0,20,20
Nizam,Libkin,720,150-1871,DENVER,CO,80243,S,N,16000,4.63,0,0
Aksenti,Furlani,828,103-1491,WINTERVILLE,NC,28590,S,Y,23000,6.215035,3300,3300
Estanislao,Kodama,317,185-2029,TERRE HAUTE,IN,47812,M,N,18000,3.4,0,0
Bashar,Letelier,947,186-1896,CHIPPEWA LAKE,MI,49320,M,Y,52500,3.9,0,3100
Yekta,Basawa,224,166-1303,SOMONAUK,IL,60552,S,Y,38000,3.0,2000,2000
Clay,Yonezaki,618,138-1030,SPEER,IL,61479,S,Y,25000,3.0,2000,2000
Johnette,Wavrik,845,131-1583,ALMONT,NY-typoNV,13837,M,Y,66500,4.338872,0,1000
Matthieu,Paijmans,763,178-1275,SAINT PAUL,MN,55144,S,N,60500,7.483938,3300,0
Thijs,Dass,601,135-1610,BROOKLYN,MS,39425,M,Y,45500,5.0,0,1500
Frits,Kubica,541,192-1130,SWISSHOME,OR,97480,S,N,56000,9.0,159,0
Ebbe,Gursoy,302,124-1200,DOVER,DE,19906,S,Y,20000,3.2227273,110,110
Kahoru,Gilleron,406,176-1118,SAINT REGIS,MT,59866,M,Y,82500,6.9,0,1900
Lory,Peterka,985,189-1999,EVANGELINE,LA,70537,M,Y,59000,6.0,0,1000
Deborah,Miyachi,772,184-1136,OPA LOCKA-typoMADISON LAKE,WV,33054,S,N,90500,0.0,0,0
Yvo,Broner,308,172-1723,CRAIG,NE,68019,S,Y,38000,6.84,103,103
Dominik,Batliner,939,193-1356,SAN JUAN,PR,906,S,N,35000,0.0,0,0
Irina,Cornelio,208,147-1205,NORTH FORT MYERS,IA,83847,M,N,85000,7.8,0,0
Tzvetan,Sylor,701,151-1036,BUCHANAN,ND,58420,S,Y,84500,2.7352552,3300,3300
Alaa,Hirschler,912,127-1124,JUNCTION CITY,GA,31812,S,Y,58000,6.0,2700,3000
Jatin,Etiemble,401,110-1381,PROVIDENCE,RI,2903,S,N,27500,0.0,0,0
Gulbin,Morrison,843,166-1154,CLEMSON,SC,29634,S,Y,92500,7.0,3300,3300
Toyofumi,Courtenage,505,180-1042,TAOS SKI VALLEY,NM,87525,M,N,65000,5.3,0,0
Xiaoya,Konakovsky,860,184-1607,NORWALK,CT,6858,M,N,500,3.0,0,0
Prithwish,Souillard,770,186-1268,HOWARD,GA,31039,S,N,73500,6.0,2700,0
Joscha,Goss,939,196-1533,NARANJITO,PR,719,S,N,52000,0.0,0,0
Arani,Fleet,319,139-1913,MILFORD,IA,51351,M,Y,63000,8.98,0,40
Babette,Witzgall,479,155-1512,ROVER,AR,72860,S,Y,58000,7.0,20,20
Hirotaka,Beck,603,105-1633,NORTH SALEM,NH,3073,S,N,99500,0.0,0,0
Soowon,Dou,660,141-1722,LINNEUS,MO,64653,M,Y,22000,6.0,0,1200
Shlomi,Pachowicz,316,130-1224,LEBANON,KS,66952,S,N,26000,5.663333,2250,0
Zengping,Reade,715,191-1600,BURLINGTON,WI,53105,S,Y,68500,5.636601,700,400
Jacopo,Chattopadhyay,563,174-1631,GILMORE CITY,IA,50541,M,N,19000,3.0972748,0,0
Huajun,Korshunov,947,187-2097,CLARKSTON,MI,48347,S,N,500,3.9,3100,0
Inaki,Dumer,702,163-1486,WADSWORTH,NV,89442,M,Y,56000,0.0,0,0
Dewayne,Lodder,608,189-1838,SHEBOYGAN FALLS,WI,53085,S,N,40000,5.1414094,700,0
Tiejun,Lanin,612,166-1106,SILVER CREEK,MN,55380,S,N,93000,7.85,3300,0
Dabid,Rosenblad,509,104-1780,EAST OLYMPIA,WA,98540,M,Y,20000,0.0,0,0
Martien,Kunkdelmann,206,184-1867,MANSFIELD,WA,98830,S,Y,46000,0.0,0,0
Valentin,Sweeney,386,106-1802,WAUSAU,FL,32463,S,Y,46000,0.0,0,0
Roma,Claire,765,154-2020,COLUMBUS,IN,47201,M,N,39000,3.4,0,0
Jagan,Smotroff,775,107-1623,LAS VEGAS,NV,89160,M,Y,69500,0.0,0,0
Shauying,Flich,603,115-1507,NEW CASTLE,NH,3854,M,N,5000,0.0,0,0
Yoad,Shnaider,774,192-1808,WARWICK,MA,1378,M,N,77000,5.3,0,0
Robi,Davisson,813,112-2090,LAKELAND,FL,33803,S,N,94500,0.0,0,0
Chandramouli,Focacci,918,141-1146,KANSAS,OK,74347,M,N,16000,6.25,0,0
Kuninobu,Ruther,478,122-1412,COLUMBUS,GA,31909,M,Y,76000,6.0,0,3000
Genoveffa,Wohr,307,137-1289,MEETEETSE,WY,82433,M,Y,14000,0.0,0,0
Mathias,Legeard,918,187-1300,NORMAN,OK,73071,M,Y,65500,6.25,0,1000
Moiez,Osgood,580,196-1302,EDMOND,OK,73083,S,Y,76000,6.25,1000,1000
Amanda,Detjens,530,116-1124,SAN DIEGO,CA,92160,S,N,13000,2.5772314,87,0
Motokazu,Slysz,406,119-1934,ALBERTON,MT,59820,M,Y,64500,6.9,0,1900
Johnathan,Pflugl,602,108-1739,SUN CITY,AZ,85372,S,N,68000,3.769,2100,0
Joann,Kovalyov,319,118-1932,BRADFORD,IA,50041,S,Y,40500,6.4164004,40,40
Kumpati,Morreau,302,179-1546,REHOBOTH BEACH,DE,19971,S,N,90000,5.95,110,0
Seongbae,Luttermann,757,190-1059,ARLINGTON,VA,22209,S,Y,3500,2.1339285,900,900
Vijayaraghavan,Marceau,708,138-1569,FREEPORT,IL,61032,S,N,12000,3.0,2000,0
Katsumasa,Kohlhase,401,168-2063,LINCOLN,RI,2865,S,Y,88500,0.0,0,0
Wlodzimierz,Weigand,419,172-1218,CYGNET,OH,43413,S,N,10500,0.8945718,1300,0
Radia,Poot,253,195-1071,JOYCE,WA,98343,M,N,68000,0.0,0,0
Lotte,Tuthill,319,125-2020,BLENCOE,IA,51523,S,N,73000,8.98,40,0
Tatsurou,Sawaragi,623,172-1097,PHOENIX,AZ,85044,M,Y,91000,4.1254997,0,2300
Gotz,Gargouri,848,144-1931,TRENTON,NJ,8641,S,Y,41000,1.7311875,1000,1500
Jaap,Crutchfield,858,191-1690,RANCHO MIRAGE,CA,92270,M,Y,84000,9.3,0,272
Aura,Voiskunskii,270,170-1137,NEW HAVEN-typoLA VETA,KY-typoNV,40051,M,Y,82000,6.0,0,20
Heimo,Stocker,203,127-1379,BARKHAMSTED,CT,6063,M,Y,57500,5.0,0,0
Bernold,Puterman,515,169-1378,STORY CITY,IA,50248,M,N,52000,8.191746,0,0
Qin,Morrill,480,138-1893,PHOENIX,AZ,85071,S,N,81000,3.9705,2100,0
Mitesh,Honglei,479,128-1602,SAINT CHARLES-typoMADISON LAKE,GA,72140,M,N,97000,7.0,0,0
Shailendra,Hendren,205,128-1508,EASTABOGA,AL,36260,M,Y,500,2.0,0,300
Eenjun,Cogolludo,208,126-1783,CHESTER,ID,83421,M,N,3500,2.2645392,0,0
Hanpei,Rustenburg,502,115-1268,BREMEN,KY,42325,S,Y,44000,4.2777777,20,20
Kousha,Pavlovsky,307,100-1252,FOUR CORNERS,WY,82715,M,N,45000,0.0,0,0
Witold,Maloney,701,121-2041,BANTRY,ND,58713,M,N,2000,2.1,0,0
Dewayne,Sievers,918,191-1618,MUSE,OK,74949,S,Y,36000,6.25,1000,1000
Lester,Woch,314,110-1691,MONTICELLO,MO,63457,S,Y,67000,6.0,2100,1200
Kart,Koschutzki,707,166-2004,EARP,CA,92242,M,N,82000,9.3,0,0
Huw,Wherry,509,190-1141,ARDENVOIR,WA,98811,M,Y,62500,0.0,0,0
Gabriel,Efe,978,193-1435,BOSTON,MA,2201,S,Y,55000,5.3,3575,1000
Jiann,Herner,939,148-1539,TOA BAJA-typoLA VETA,NV,951,M,N,16500,0.0,0,0
Jiangling,Brolio,307,149-1501,GUERNSEY,WY,82214,M,Y,41000,0.0,0,0
Xiaotie,Imataki,802,188-1331,WEST BURKE,VT,5871,M,N,11500,3.6,0,0
Airi,Thackray,316,190-1772,SATANTA,KS,67870,S,Y,82500,6.45,2250,2250
Youpyo,Shrira,580,193-1400,FELT,OK,73937,S,Y,90000,6.25,1000,1000
Steffo,Birdsall,302,111-1957,DOVER,DE,19906,S,N,73000,5.95,110,0
Maxim,Sereno,301,145-1493,SAINT MARYS CITY,MD,20686,M,N,39000,4.75,0,0
Aivar,Jurdjevic,208,106-1046,SHOUP,ID,83469,M,N,68500,7.8,0,0
Toshihiko,Seymour,701,147-1004,KENSAL,ND,58455,M,Y,99000,2.9033427,0,3300
Paris,Schlee,503,140-1074,BANDON,OR,97411,S,N,99000,9.0,159,0
Mischa,Backer,937,112-1189,NEWARK,OH,43093,M,Y,65500,2.7202897,0,1300
Rayman,Yuval,307,122-1937,EVANSVILLE,WY,82636,M,N,10500,0.0,0,0
Rolland,Dierk,608,123-1853,MILWAUKEE,WI,53210,M,Y,13000,4.6722803,0,400
Kenong,Gabrielli,412,126-1729,HARTMAN,WV,18624,S,N,4000,3.07,0,0
Nicklas,Reipa,307,165-1730,ENCAMPMENT,WY,82325,S,N,84500,0.0,0,0
Mitsutoshi,Deco,804,175-1089,DUMFRIES,VA,22025,M,Y,97000,5.75,0,900
Halime,Chelegatski,505,142-2050,OHKAY OWINGEH,NM,87566,M,N,90000,5.3,0,0
Yolanda,Auddino,303,192-1660,PUEBLO,CO,81010,S,Y,44500,4.63,0,0
Toby,Shinozaki,605,189-1989,MILESVILLE,SD,57553,S,N,63500,0.0,0,0
Inbal,Terenzi,620,168-1718,CHASE,KS,67524,S,N,82000,6.45,2250,0
Srilekha,Huxford,620,122-1663,DORRANCE,KS,67634,M,Y,97500,6.45,0,2250
Jayang,Haggerty,303,174-1410,LITTLETON-typoNORTH FORT MYERS,GA,80130,M,Y,8000,4.63,0,0
Tevfik,Zettsu,505,135-1918,SHIPROCK,NM,87420,M,N,2000,1.7,0,0
Changguan,Kinoshita,207,120-2085,JONESPORT,ME,4649,M,Y,39000,8.5,0,2850
Felex,Gnutzmann,936,148-1015,UVALDE,TX,78802,S,N,5500,0.0,0,0
Ikuko,Raza,918,122-1008,SPENCERVILLE,OK,74760,M,Y,12000,6.25,0,1000
Herman,Zaccaria,307,115-1514,GILLETTE,WY,82718,S,Y,2000,0.0,0,0
Bredan,Amerins,262,168-1492,WALWORTH-typoNORTH FORT MYERS,CT,53184,M,Y,91000,6.0275416,0,400
Bowden,Abayan,605,111-1934,BRITTON,SD,57430,S,N,16500,0.0,0,0
Nasser,Rathsack,605,196-2059,MISSION,SD,57555,M,N,62500,0.0,0,0
Sammy,Reidl,478,127-1094,ELBERTON,GA,30635,M,N,82000,6.0,0,0
Vimla,Jagannathan,219,106-1606,CARMEL,IN,46033,M,Y,77500,3.4,0,1000
Mujdat,Leifker,480,139-1244,FORT MCDOWELL,AZ,85264,S,Y,18500,3.00175,2100,2300
Jaerheen,Milanese,907,164-1992,ANCHORAGE,AK,99501,S,N,28500,0.0,0,0
Hidetaka,Tzitzikas,562,169-1051,WESTLAKE VILLAGE,CA,91361,M,N,35000,7.7709284,0,0
Mor,Baezner,605,100-1124,ALMONT,GA,57051,S,Y,39000,0.0,0,0
Navid,Orengo,860,175-2009,FABYAN-typoMADISON LAKE,IA,6245,M,N,70500,5.0,0,0
Xiulin,Spirk,571,170-2049,GWYNN,VA,23066,S,Y,84500,5.75,900,900
Silviu,Leger,602,114-1017,FLORENCE,AZ,85232,M,N,93500,4.16425,0,0
Yuki,Antin,308,120-1878,GRANT,NE,69140,S,Y,88000,6.84,103,103
Mathilde,Myers,870,135-1365,HOT SPRINGS NATIONAL PARK,AR,71913,S,N,33000,7.0,20,0
Adarsh,Mansanne,701,115-2077,TOKIO,ND,58379,S,N,99000,2.9033427,3300,0
Wilko,Thisen,719,149-1216,DENVER,CO,80204,S,Y,77000,4.63,0,0
Binghuan,Koldinger,307,138-2094,FE WARREN AFB,WY,82005,S,N,46500,0.0,0,0
Ridha,Yeung,912,155-1472,TYBEE ISLAND,GA,31328,S,N,25000,6.0,2700,0
Les,Bhuskute,520,198-1038,KEARNY,AZ,85237,S,N,91500,4.1332498,2100,0
Ila,Marceau,308,115-2068,LOOMIS,NE,68958,M,N,28500,6.84,0,0
Shouwen,Muthuraj,702,179-1284,MONTELLO,NV,89830,S,N,500,0.0,0,0
Jinhui,McClure,908,148-1125,ENGLEWOOD CLIFFS,NJ,7632,S,N,22000,1.4315417,1000,0
Yumiko,Bogle,208,101-1220,BOISE,ID,83727,M,Y,83000,7.8,0,3300
Liem,Broda,240,149-1878,BOWIE,MD,20715,S,Y,85500,4.75,2400,2400
Saeed,Gille,414,129-1964,LONE ROCK,WI,53556,M,Y,97000,6.1317925,0,400
Lassaad,Tayi,612,174-1405,CHISAGO CITY,MN,55013,S,N,36000,6.176574,3300,0
Grzegorz,Prodrodmidis,781,127-1338,BEVERLY,MA,1915,S,Y,60500,5.3,3575,1000
Sanzheng,Royer,206,110-2049,FAIRCHILD AIR FORCE BASE,WA,99011,S,N,57500,0.0,0,0
Shuang,Chi,208,158-2090,DRIGGS,ID,83422,S,N,77000,7.8,3300,0
Melia,Cheiner,913,149-1179,ALLEN,KS,66833,M,Y,3000,3.5,0,2250
Ronen,McDermid,339,139-1662,LAWRENCE,MA,1842,S,Y,12500,5.3,3575,1000
Arif,Zwilling,423,143-1094,WHITE PINE,TN,37890,S,N,55500,0.0,0,0
Corneliu,Guting,787,137-1302,CASTANER,PR,631,S,Y,78500,0.0,0,0
Rosaria,Rayna,308,184-1010,OMAHA,NE,68180,S,Y,43500,6.84,103,103
Piraye,Sizheng,864,132-1762,BONNEAU,SC,29431,S,N,7500,4.658074,3300,0
Dariu,Preim,734,172-1006,WAKEFIELD,MI,49968,M,Y,13500,3.9,0,3100
Kilnam,Mozeico,808,139-1547,ANAHOLA,HI,96703,M,Y,9500,2.7519736,0,1040
Borka,Bae,405,183-1554,ELDORADO,OK,73537,M,Y,94500,6.25,0,1000
Yabo,Comparetto,507,113-1469,MENAHGA,MN,56464,M,Y,58500,7.3772144,0,3300
Baoquan,Jacques,716,153-1348,WOODHAVEN,NY,11421,S,N,73000,4.3765244,0,0
Gaurav,Edagawa,702,141-1342,HENDERSON,NV,89077,S,Y,15000,0.0,0,0
Marlis,Majors,435,149-1296,BICKNELL,UT,84715,M,Y,61500,7.0,0,2475
Dragutin,Panwar,318,197-2042,DRY CREEK,LA,70637,S,Y,56000,6.0,4500,1000
Nong,Konikowska,620,142-1912,WICHITA,KS,67228,S,N,73500,6.45,2250,0
Bhaskaran,Hinsberger,704,122-2050,ALMONT,WV,27516,S,N,21500,6.1835666,3300,0
Krys,Sobalvarro,505,177-1203,HONDO,NM,88336,S,N,16500,5.3,3300,0
Stacie,Agostini,623,185-1641,SEDONA,AZ,86351,S,Y,65000,3.7224998,2100,2300
Prabakar,Harllee,479,159-1525,HOT SPRINGS VILLAGE,AR,71910,M,Y,26000,6.4024143,0,20
Bowen,Pelz,603,111-1849,HINSDALE,NH,3451,S,N,95500,0.0,0,0
Harm,Pasztor,918,129-2000,TAHLEQUAH,OK,74464,M,Y,96500,6.25,0,1000
Zijian,Pour,316,196-1365,MARIENTHAL,KS,67863,M,N,48000,6.45,0,0
Jeremiah,Desautels,580,184-1447,CROWDER,OK,74430,M,Y,24000,6.25,0,1000
Bram,Reischert,907,110-1725,MANOKOTAK,AK,99628,S,N,32000,0.0,0,0
Molly,Birch,720,112-1594,CAHONE,CO,81320,S,N,2000,4.63,0,0
Drago,Winkler,617,197-1809,KINGSTON,MA,2364,S,N,48500,5.3,3575,0
Leysia,Behm,425,181-1049,CARBONADO,WA,98323,S,Y,24000,0.0,0,0
Aiman,Tannen,518,160-1018,HICKSVILLE,NY,11819,M,N,51500,4.2519817,0,0
Teruyuki,Graef,505,153-1054,BERNALILLO,NM,87004,S,Y,48000,5.3,3300,3300
Venkatesan,Hailpern,931,140-1580,TELFORD,TN,37690,M,N,36500,0.0,0,0
Lila,Strassen,620,176-1406,DWIGHT,KS,66849,M,Y,45500,6.45,0,2250
Ilija,Agrafiotis,208,147-1504,UCON,ID,83454,S,N,10000,4.109693,3300,0
Yongge,Salvadori,307,127-1509,LA BARGE,WY,83123,S,Y,10500,0.0,0,0
Moni,Codenie,971,138-1092,IRRIGON,OR,97844,S,N,24000,9.0,159,0
Jinglie,Lubarsky,586,191-1464,CHESANING,MI,48616,S,Y,95500,3.9,3100,3100
Zuotao,Reus,660,150-1704,KANSAS CITY,MO,64170,S,N,68500,6.0,2100,0
Kienchung,Tanner,701,134-1428,MADISON LAKE,WV,58733,M,N,34000,2.1498466,0,0
Alica,Mynard,505,155-1615,ALBUQUERQUE,NM,87102,S,N,96500,5.3,3300,0
Duraisamy,Detjens,631,145-1784,SYRACUSE,NY,13235,M,N,21500,4.0782013,0,0
Ernst,Schmidt,754,126-1059,ALTURAS,FL,33820,M,Y,65500,0.0,0,0
Darren,Aamodt,985,195-1568,NEW ORLEANS,LA,70170,S,N,85000,6.0,4500,0
Valentine,Mandviwalla,307,142-1036,MANVILLE,WY,82227,S,Y,52000,0.0,0,0
Jianghai,Nord,339,124-1230,BOSTON,MA,2297,M,Y,26000,5.3,0,1000
Hou,Awdeh,828,191-1358,HUNTERSVILLE,NC,28078,S,N,41500,6.603147,3300,0
Iveta,Sandrasegaran,603,136-1377,NEWFIELDS,NH,3856,M,N,35000,0.0,0,0
Tatsurou,Lanzo,843,149-1923,PENDLETON,SC,29670,M,N,62000,7.0,0,0
Lundy,Lanka,775,101-1280,TONOPAH,NV,89049,S,Y,90000,0.0,0,0
Khue,Christianini,907,180-1504,COOPER LANDING,AK,99572,M,N,2500,0.0,0,0
Pasi,Jullig,432,156-1425,MADISON LAKE,GA,79096,M,Y,76000,0.0,0,0
Lakhdar,Mondadori,203,137-1583,STAMFORD,CT,6910,S,N,4000,3.0,12750,0
Hester,Brenner,802,188-1374,ROXBURY,VT,5669,M,Y,84000,4.6763444,0,3300
Fran,Andersson,402,182-1574,SNYDER,NE,68664,M,N,49500,6.84,0,0
Armando,Kainaga,614,121-1256,NEW BAVARIA,OH,43548,M,N,59500,2.5211205,0,0
Clara,Cat,787,157-1860,LAS PIEDRAS,PR,771,M,N,15500,0.0,0,0
Merrell,Ziskin,636,138-1943,EAST LYNNE,MO,64743,M,N,29000,6.0,0,0
Justine,Boulier,410,169-1738,SALISBURY,MD,21801,M,Y,52000,4.75,0,2400
Manoru,Blot,386,187-1928,LAKE CITY,FL,32055,S,Y,28500,0.0,0,0
Ljudmilla,Gunn,432,149-1139,EL PASO,TX,79949,S,N,30000,0.0,0,0
Mikel,Gladitz,808,167-1069,HONOLULU,HI,96830,S,N,500,1.4,1040,0
Namyun,Higginson,580,137-1474,JAY,OK,74346,S,Y,28000,6.25,1000,1000
Mantis,Boigelot,330,106-1733,LONG BOTTOM,OH,45743,S,Y,4500,0.712,1300,1300
Keren,Gille,203,152-1774,HAMPTON,CT,6247,M,N,58000,5.0,0,0
Resve,Dandapani,406,118-1455,FORT HARRISON,MT,59636,S,N,41500,6.9,1900,0
Deepika,Przybyski,276,153-2010,BRANDY STATION,VA,22714,S,Y,16000,5.4821424,900,900
Kazutomo,Knedel,608,106-1595,ROBERTS,WI,54023,S,Y,59500,5.4802246,700,400
Mingzeng,Karatsu,773,138-1997,LEBANON,IL,62254,M,Y,80000,3.0,0,2000
Camelia,Paradinas,701,174-1868,STARKWEATHER,ND,58377,M,N,92500,2.8279932,0,0
Neeraj,Cagley,207,146-1207,ACTON,ME,4001,M,Y,57000,8.5,0,2850
Kikuo,Konikowska,406,189-1026,SAINT IGNATIUS,MT,59865,S,N,43000,6.9,1900,0
Yannis,Anjur,717,186-1678,SILVER SPRING-typoMADISON LAKE,NV,17575,S,N,51000,3.07,0,0
Ronaldo,Touati,505,188-1537,LOS ALAMOS,NM,87544,M,N,72500,5.3,0,0
JongMin,Gorg,803,103-1618,GREENVILLE-typoMADISON LAKE,WV,29698,M,Y,81000,7.0,0,3300
Koldo,Aschim,774,117-1726,ADAMS,MA,1220,M,N,13500,5.3,0,0
Raqui,Calbrix,253,187-2077,QUINAULT,WA,98575,S,Y,3500,0.0,0,0
Johannes,Salice,507,141-1351,MONTICELLO,MN,55582,S,Y,84000,7.85,3300,3300
Dekai,Ghelli,304,155-1553,BEVERLY-typoNORTH FORT MYERS,WV-typoGA,26253,M,N,12500,3.175,0,0
Jiyun,Krychniak,505,120-1436,SAN YSIDRO,NM,87053,S,Y,56500,5.3,3300,3300
Shalitha,Feldmeister,434,191-1238,NEWPORT NEWS,VA,23606,M,Y,53500,5.75,0,900
Roby,Kochetov,434,198-1380,BURGESS,VA,22432,S,Y,71000,5.75,900,900
Alean,Vadhan,307,139-1419,BEDFORD,WY,83112,M,N,97500,0.0,0,0
Hongguang,Hofmeyr,208,104-1734,NAPLES,ID,83847,S,Y,88000,7.8,3300,3300
Rama,Eizirik,803,138-1493,PACOLET MILLS,SC,29373,S,N,98500,7.0,3300,0
Kiyotoshi,Schicker,316,158-1348,NEW CAMBRIA-typoHARTMAN,KS-typoIA,67470,M,N,70000,6.45,0,0
Marvin,Boreddy,708,163-1101,ROBERTS,IL,60962,M,Y,25500,3.0,0,2000
Rongyao,Semmens,801,110-1209,SANTAQUIN,UT,84655,S,N,5500,7.0,2475,0
Gregoris,Himler,253,124-1293,KLICKITAT,WA,98628,S,N,20000,0.0,0,0
Anjaneyulu,Clarysse,307,179-1006,CHEYENNE,WY,82010,S,Y,73500,0.0,0,0
Stefanus,Lovett,312,152-1048,DEKALB,IL,60115,S,N,97000,3.0,2000,0
Rajnish,Murer,479,133-1135,HOT SPRINGS NATIONAL PARK,AR,71913,M,Y,58500,7.0,0,20
Samar,Smalley,252,196-1720,HILLSBOROUGH,NC,27278,M,N,500,6.0,0,0
Fiorenza,Sawyers,507,110-1729,LA VETA,MN-typoWV,56660,M,N,48500,6.8435965,0,0
Jonna,Baum,304,181-1900,BICKMORE,WV,25019,S,N,23000,3.9099998,2000,0
Janjao,Trommer,304,174-1412,TERRA ALTA,WV,26764,S,N,70500,6.5,2000,0
Diann,Rauf,406,122-1721,ALBERTON,MT,59820,M,Y,66000,6.9,0,1900
Chiara,Giaccio,307,198-1514,KINNEAR,WY,82516,S,N,97000,0.0,0,0
Kehong,Miene,802,119-1549,GRANVILLE,VT,5747,M,N,37500,3.7512054,0,0
Aohan,Felcyn,641,193-1826,NORTH FORT MYERS,WV,50239,M,N,31500,5.026999,0,0
Fumiyo,Krintz,856,145-1081,CLIFTON,NJ,7013,S,N,28000,1.5261667,1000,0
Harpal,Futagami,208,184-1451,POST FALLS,ID,83854,S,Y,97000,7.8,3300,3300
Sachem,Aylett,405,165-1001,OSCAR,OK,73561,S,N,51000,6.25,1000,0
Deron,Leger,731,188-1627,NEWPORT,TN,37821,M,Y,68500,0.0,0,0
Hermano,Sereno,225,146-1074,SAINT FRANCISVILLE,LA,70775,S,Y,43000,6.0,4500,1000
Guoping,Maldonado,682,183-1168,LONGVIEW,TX,75602,M,N,1000,0.0,0,0
Heikki,Borzovs,973,141-1264,EAST HANOVER,NJ,7936,M,Y,3500,1.4,0,1500
Erdogan,Jadhav,660,101-1537,BLOOMFIELD-typoMADISON LAKE,GA,63825,M,Y,65000,6.0,0,1200
Tetsuji,Aho,202,195-1957,WASHINGTON,DC,20213,M,N,16000,5.85,0,0
Diogenes,Walstrom,605,110-1346,TUTHILL,SD,57574,M,N,48000,0.0,0,0
Rachael,Staveren,208,139-1705,HORSESHOE BEND,ID,83629,M,N,1000,1.6,0,0
Billur,Rall,208,105-1334,BOISE,ID,83726,M,Y,21000,7.2322607,0,3300
Tzee,Mokkedem,971,199-1436,MERLIN,OR,97532,M,Y,78000,9.0,0,159
Ernesto,Ridoux,718,112-1582,FALCONER,NY,14733,M,Y,19000,4.0637197,0,1000
Vangalur,Beau,205,116-1393,YORK,AL,36925,M,Y,65000,5.0,0,300
Jiyun,Erwig,414,146-1162,BELOIT,WI,53511,M,N,90000,6.010166,0,0
Bevan,Covvey,202,196-2077,WASHINGTON,DC,20081,S,Y,58000,9.0,1370,1370
Tilo,Mitlohner,425,127-1487,PE ELL,WA,98572,S,N,82000,0.0,0,0
Minglin,Daelemans,719,127-2087,MERINO,CO,80741,M,Y,12500,4.63,0,0
Salem,Haemer,570,104-1458,EAST GREENVILLE-typoHARTMAN,IA,18041,M,Y,42000,3.07,0,0
Shalini,Kavanagh,517,173-1277,NORTHVILLE,MI,48167,S,N,92500,3.9,3100,0
William,Frisberg,941,158-1760,SEMINOLE,FL,33776,S,Y,96500,0.0,0,0
Lippold,Murer,603,175-1952,BARRINGTON,NH,3825,M,Y,91500,0.0,0,0
Suranjan,Bian,308,102-1384,ONEILL,NE,68763,M,Y,27500,6.84,0,103
Baoquan,Putfarken,939,144-1013,CAGUAS,PR,726,S,N,33000,0.0,0,0
Kristen,Langerman,507,158-1076,SAINT PAUL,MN,55108,S,N,57500,7.3238525,3300,0
Pitro,Oates,605,112-1817,LA VETA,SD-typoGA,57068,M,Y,90000,0.0,0,0
Nihal,Collinot,515,139-1169,LADORA,IA,52251,S,Y,11500,1.9394405,40,40
Chiradeep,Lamont,410,122-1772,FREDERICK,MD,21704,S,Y,69500,4.75,2400,2400
Hazel,Purvy,405,187-1886,NASHOBA,OK,74558,M,N,72500,6.25,0,0
Kamakoti,Leeser,606,113-1109,BRYANTSVILLE,KY,40410,S,Y,91500,6.0,20,20
Veronik,Takiguchi,907,101-1822,MINTO,AK,99758,S,N,19500,0.0,0,0
Klara,Steihaug,620,101-1852,HUTCHINSON,KS,67502,M,Y,32500,6.45,0,2250
Somasundaram,Swift,603,144-1614,TEMPLE,NH,3084,S,N,54000,0.0,0,0
Yongjian,Ziarko,785,104-1412,READING,KS,66868,S,Y,1000,3.5,2250,2250
Tricia,Feigenbaum,505,115-1108,CONCHAS DAM-typoMADISON LAKE,GA,88416,M,N,5500,1.7,0,0
Wendy,Kuriyan,307,108-1940,HILAND,WY,82638,S,N,9000,0.0,0,0
Weimin,Losco,701,122-1803,BATHGATE,ND,58216,S,Y,47000,2.300546,3300,3300
Malay,Lagarias,971,173-1539,LONG CREEK,OR,97856,M,N,66000,9.0,0,0
Qinsi,Docker,304,192-1800,HARTMAN,WV-typoGA,25102,S,Y,25500,4.085,2000,2000
Frantz,Dattasharma,808,153-1353,PAAUILO,HI,96776,M,N,54000,8.25,0,0
Raanan,Collinot,443,116-2089,GAITHERSBURG,MD,20883,M,Y,63500,4.75,0,2400
Gopi,Legeard,878,162-1941,BRISTOL,PA,19007,M,N,49500,3.07,0,0
Merav,Knottenbelt,319,120-2026,SHAMBAUGH,IA,51651,M,Y,29000,4.641054,0,40
Maha,Ohori,205,189-1830,MONTGOMERY,AL,36111,S,Y,48500,5.0,1500,300
Mark,Tofts,410,141-2047,ELLICOTT CITY,MD,21041,S,N,57500,4.75,2400,0
Cal,Khare,580,137-1937,TULSA,OK,74105,S,N,78000,6.25,1000,0
Ingemar,Kontos,701,133-1215,SAWYER,ND,58781,M,Y,64000,2.4976141,0,3300
Simone,Wong,207,101-1729,HANOVER,ME,4237,M,N,35500,8.5,0,0
Rushikesh,Banbara,719,161-1409,GOLDEN,CO,80402,M,Y,21500,4.63,0,0
Shiwei,Saslan,202,181-1291,WASHINGTON,DC,20570,S,Y,20000,6.75,1370,1370
Luong,Mayrand,202,104-1307,WASHINGTON,DC,20220,M,Y,15000,5.625,0,1370
Yah,Spataro,586,162-1299,HOLLAND,MI,49423,S,Y,84500,3.9,3100,3100
Poorani,Aylett,479,158-1154,FORT SMITH,AR,72902,S,Y,57000,7.0,20,20
Swaminathan,Horinokuchi,401,108-1043,ALMONT,RI-typoIA,2829,S,N,99500,0.0,0,0
Kukhamay,Kalyanakrishnan,260,163-1944,HEMLOCK,IN,46937,S,N,88500,3.4,1000,0
Farida,Baig,828,171-1324,DURHAM,NC,27704,S,Y,95500,7.736014,3300,3300
Allan,Danziger,769,129-1814,LAKESHORE,MS,39558,S,N,58000,5.0,6000,0
Lin,Banh,719,181-1688,DENVER-typoMADISON LAKE,IA,80293,M,N,31500,4.63,0,0
Chihei,Maxemchuk,307,137-1363,LOST SPRINGS,WY,82224,S,Y,67000,0.0,0,0
Chengzhong,Norigoe,412,151-1841,PITTSBURGH,PA,15288,S,N,89000,3.07,0,0
Ulrike,Restivo,917,110-1654,PIERREPONT MANOR,NY,13674,S,Y,21000,4.075305,0,1000
Gwynneth,Mathieson,787,131-2079,LAS MARIAS,PR,670,M,N,91000,0.0,0,0
Alicia,Osmon,516,172-1944,MORRISTOWN,NY,13664,S,Y,7500,4.0,0,1000
Ilia,Zivojnovic,219,165-1061,MISHAWAKA,IN,46544,S,Y,4500,3.4,1000,1000
Syuji,Seneviratne,802,194-1632,GRAND ISLE,VT,5458,S,Y,36000,3.7213624,3300,3300
Gad,Kant,505,107-1592,LOVING,NM,88256,S,Y,80000,5.3,3300,3300
Carl,Ripplinger,787,175-1974,PUNTA SANTIAGO-typoNORTH FORT MYERS,PR-typoNV,741,S,Y,80500,0.0,0,0
Czarek,Gracco,785,104-1215,LAWRENCE,KS,66046,S,N,79500,6.45,2250,0
Reihaneh,Baldan,609,164-1433,SPRINGFIELD,NJ,7081,M,N,53000,1.9204376,0,0
Motoyuki,Marriott,303,173-1933,U S A F ACADEMY-typoMADISON LAKE,WV,80840,M,N,94000,4.63,0,0
Goff,Dekeyser,605,189-1721,RAPID CITY-typoLA VETA,WV,57701,S,N,50500,0.0,0,0
Junnosuke,Salverda,540,124-1901,WALLOPS ISLAND,VA,23337,S,Y,22000,5.75,900,900
Taishin,Imataki,907,105-1130,KLAWOCK,AK,99925,S,Y,13500,0.0,0,0
Tatsunori,Pham,603,121-1411,WEST CHESTERFIELD,NH,3466,S,N,29000,0.0,0,0
Laila,Tannenbaum,907,110-1153,TOK,AK,99779,S,N,43500,0.0,0,0
Malay,Greitane,502,124-1367,LOUISVILLE,KY,40221,S,Y,84500,6.0,20,20
Iabelle,Snedden,304,103-1548,TIOGA,WV,26691,S,N,36000,4.8199997,2000,0
Maziar,Tardiff,860,109-1455,NEW MILFORD,CT,6776,M,N,12000,5.0,0,0
Berend,Orailoglu,580,189-1082,TULSA,OK,74194,M,N,9500,5.9305553,0,0
Paradise,Vanderstoep,208,193-2049,ALMO,ID,83312,S,Y,53500,7.8,3300,3300
Clinton,Gebele,603,182-1812,AUBURN,NH,3032,M,Y,84000,0.0,0,0
Saied,Loveland,256,101-1067,GROVEOAK,AL,35975,M,N,54000,5.0,0,0
Kazuyasu,Willinger,931,184-1207,BRENTWOOD,TN,37027,M,N,80000,0.0,0,0
Jianqiang,Delcambre,561,171-1419,ALACHUA,FL,32616,S,Y,79000,0.0,0,0
Mart,Kess,907,165-1144,LA VETA,AK-typoNV,99903,S,Y,96500,0.0,0,0
Soonhoi,Frolund,316,163-2049,READING,KS,66868,S,Y,13000,3.5,2250,2250
Tru,Josten,201,178-1814,NORWOOD,NJ,7648,M,Y,55000,1.9519792,0,1500
Gesine,Kerstetter,413,172-1789,BOSTON,MA,2112,S,N,100000,5.3,3575,0
Jian,Puhalskii,208,144-1142,MURTAUGH,ID,83344,S,N,54000,7.8,3300,0
Zakarriae,Higginson,970,193-1960,BENNETT,CO,80102,M,Y,13000,4.63,0,0
Ayakannu,Miles,802,178-1221,WEST HARTFORD,VT,5084,S,N,59500,4.1889057,3300,0
Hakon,Telerman,207,165-1836,TOPSFIELD,ME,4490,S,N,65500,8.5,2850,0
Shalom,Lester,567,174-2008,COLUMBIANA,OH,44408,S,N,51500,2.2555616,1300,0
Pietro,Pachowicz,231,130-1787,ROSE CITY,MI,48654,S,N,78000,3.9,3100,0
Vishesh,Trivedi,308,190-1521,KEARNEY,NE,68847,M,N,76000,6.84,0,0
Kavi,Vanherpe,843,139-1973,CLEMSON,SC,29632,S,N,23500,7.0,3300,0
Wenfei,Lundstrom,252,116-1032,MADISON,NC,27025,S,N,19500,6.141608,3300,0
Shyamala,Maquelin,769,163-2026,MABEN,MS,39750,M,Y,36000,5.0,0,1500
Pro,Lieblein,541,154-1299,LOGSDEN,OR,97357,S,N,3000,5.3589745,159,0
Mamoun,Rohlicek,660,137-2066,HARTMAN,NV,65653,M,N,2500,2.34375,0,0
Shawna,Scheer,402,130-1178,LINCOLN,NE,68523,S,N,92000,6.84,103,0
Mildred,Pomykalski,913,191-1580,LAWRENCE,KS,66044,M,N,51000,6.45,0,0
Staphane,Cardiff,406,185-1065,HOMESTEAD,MT,59242,M,N,2000,1.0,0,0
Jackie,Ghiselli,803,144-1661,LA VETA,GA,29828,M,Y,51000,7.0,0,3300
Shoujie,Dilger,802,170-1805,WORCESTER,VT,5682,M,N,39500,3.7909963,0,0
Xuefei,Sunjaya,480,197-1700,GOLDEN VALLEY,AZ,86413,S,Y,20500,3.03275,2100,2300
Klaudia,Wothke,808,105-1045,HAIKU,HI,96708,S,N,29000,6.267105,1040,0
Aura,Kroeger,203,131-1323,STAMFORD-typoLA VETA,CT-typoGA,6921,S,Y,49500,5.0,12750,0
Wenlong,Virbel,860,137-1062,NORTH STONINGTON,CT,6359,S,Y,38500,5.0,12750,0
Hidetaka,Tagle,802,175-1227,FLORENCE,VT,5744,S,N,49000,3.9800034,3300,0
Sameer,Biolsi,860,167-1822,NEW HAVEN,CT,6519,M,N,64000,5.0,0,0
Asiri,Post,561,125-1526,SAINT CLOUD,FL,34770,S,N,99000,0.0,0,0
Mohamed,Draws,207,107-1898,LA VETA,MI,4456,M,Y,94500,8.5,0,2850
Teik,Auyong,907,197-1947,TELLER,AK,99778,M,Y,99000,0.0,0,0
Gerardo,Futaana,563,111-1623,BRANDON,IA,52210,M,N,98000,8.98,0,0
Oliver,Snedden,515,182-1247,BLOOMFIELD,IA,52537,S,N,93000,8.98,40,0
Hungshiung,Karush,734,138-1504,ALMONT,MI-typoWV,48108,M,N,36500,3.9,0,0
Boonsieng,Limaye,571,150-1692,ROANOKE,VA,24018,S,Y,57500,5.75,900,900
Ivica,Rayna,267,123-2055,LAKEVILLE,PA,18438,M,N,48500,3.07,0,0
Naresh,Scheer,920,165-1743,PRENTICE,WI,54556,S,N,12500,4.663593,700,0
Atro,Paterson,864,147-1074,MOUNT CARMEL,SC,29840,M,Y,47000,7.0,0,3300
Guglielmo,Marinova,503,153-1836,CHEMULT-typoNORTH FORT MYERS,GA,97731,M,N,9000,9.0,0,0
Fangju,Zwarico,323,168-2086,MENDOTA,CA,93640,S,N,66000,9.3,87,0
Honari,Dollas,701,197-1057,BISMARCK,ND,58503,S,Y,55500,2.39908,3300,3300
Yaron,Gouy,601,171-1301,SHELBY,MS,38774,S,N,99000,5.0,6000,0
Nicolo,Idomoto,337,188-1373,OAKDALE,LA,71463,S,N,8000,2.0,4500,0
Henrietta,Samaras,215,132-1377,PHILADELPHIA,PA,19183,M,N,11500,3.07,0,0
Jarrellann,Palensky,207,124-1605,ADDISON-typoLA VETA,NV,4606,S,Y,47500,8.5,2850,2850
Fredric,Susskind,304,195-1913,CHARLESTON,WV,25389,M,N,54500,6.115,0,0
Achille,Legleitner,541,124-1992,PORTLAND,OR,97299,M,Y,30500,9.0,0,159
Kohji,Perring,605,120-1377,NUNDA,SD,57050,M,Y,94000,0.0,0,0
Marl,Hofman,401,164-1938,PROVIDENCE,RI,2908,S,Y,33000,0.0,0,0
Galeno,Rummel,307,187-2014,ALCOVA,WY,82620,M,N,95000,0.0,0,0
Ramkrishnan,Kleinjohann,315,151-2044,NEW YORK,NY,10003,M,Y,9000,4.0057926,0,1000
Raimar,Scheid,302,180-1699,FRANKFORD,DE,19945,M,Y,98500,5.95,0,110
Raul,Osgood,414,120-1651,OJIBWA,WI,54862,S,N,54500,5.3933487,700,0
Pino,Verhaegen,401,131-1298,SAUNDERSTOWN,RI,2874,S,Y,76000,0.0,0,0
Leaf,Koubarakis,540,181-1881,NOKESVILLE,VA,20182,S,Y,80000,5.75,900,900
Toneluh,Spier,509,120-2075,LAKEWOOD,WA,98499,M,Y,86500,0.0,0,0
Jakov,Ciarlo,808,177-2069,NINOLE,HI,96773,M,N,15000,3.743421,0,0
Gina,Emelianov,410,105-1987,LISBON,MD,21765,S,Y,3000,4.75,2400,2400
Dylan,Tompits,304,179-1757,HUNTINGTON,WV,25777,M,Y,90000,6.5,0,2000
Madhan,Heystek,520,173-1312,SURPRISE,AZ,85374,M,N,10000,2.87,0,0
Lisa,Grabau,207,157-2091,FORT FAIRFIELD,ME,4742,S,Y,53000,8.5,2850,2850
Kenichiro,Goli,256,153-1071,CROSSVILLE,AL,35962,M,Y,21500,5.0,0,300
Seiichi,Waldschmidt,772,131-1084,LAKELAND,FL,33805,M,N,17000,0.0,0,0
Stacey,O'Neill,802,128-1863,BROOKFIELD,VT,5036,M,Y,13500,3.6,0,3300
Camil,Grob,505,158-1778,FARMINGTON,NM,87401,S,Y,51000,5.3,3300,3300
Marit,Jaakkola,614,143-1386,DANVILLE,OH,43014,M,Y,99000,3.8323178,0,1300
Kamalakar,Farrar,863,101-1413,FERNANDINA BEACH,FL,32034,M,N,93000,0.0,0,0
Tanka,Radivojevic,228,143-2041,TYLERTOWN,MS,39667,S,N,70500,5.0,6000,0
Guillem,Baldan,304,128-1121,PEACH CREEK,WV,25639,M,Y,51500,5.9049997,0,2000
Sugato,Roskies,541,167-1270,PORTLAND,OR,97212,M,N,40500,9.0,0,0
Qingsheng,Ravat,302,192-1553,VIOLA,DE,19979,M,Y,25000,3.5636363,0,110
Bandula,Jousselin,314,105-1432,CASSVILLE,MO,65625,M,N,35000,6.0,0,0
Gerold,Lecoutre,717,120-1293,MODENA,PA,19358,M,N,94500,3.07,0,0
Hiroyoshi,Flavell,802,181-1556,FAIRFAX,VT,5454,M,Y,31500,3.6318326,0,3300
Siegmar,Vajtersic,302,197-1599,NEWARK,DE,19712,M,N,66000,5.95,0,0
Aran,Suchan,206,156-1488,ALMIRA,WA,99103,S,N,58500,0.0,0,0
Yeshayahu,Obradovic,320,106-1519,WARBA,MN,55793,M,N,73000,7.85,0,0
Shiyun,Keshav,505,153-1738,DEMING,NM,88031,M,N,56500,5.3,0,0
Shiafun,Sifakis,256,157-1830,MERIDIANVILLE,AL,35759,S,N,87000,5.0,1500,0
Kenji,Hammerschmidt,307,136-1486,HARTVILLE,WY,82215,S,N,25000,0.0,0,0
Irmtraut,Putfarken,520,164-2095,PHOENIX,AZ,85075,S,N,69000,3.7845,2100,0
Rinie,Hannebauer,773,161-2087,NORTH FORT MYERS,NV,62370,S,Y,70000,3.0,2000,2000
Evelina,Schmies,860,115-1627,CANTON CENTER-typoLA VETA,CT-typoIA,6020,M,Y,26500,5.0,0,0
Maroun,Pierce,406,148-1794,WISE RIVER,MT,59762,M,N,69500,6.9,0,0
Mariano,Wish,603,134-1911,NORTH FORT MYERS,NH-typoGA,3045,M,N,94000,0.0,0,0
Audrey,Mercer,702,153-1978,RENO,NV,89501,M,Y,72000,0.0,0,0
Nahid,Maybank,240,137-1395,CHURCH CREEK,MD,21622,S,N,94000,4.75,2400,0
Takahito,Zyryanov,781,129-1422,NORWELL,MA,2061,M,Y,12000,5.3,0,1000
Vimal,Bateman,901,167-1856,MEDON,TN,38356,S,Y,84500,0.0,0,0
Zanoni,Nangia,702,160-2056,SPARKS,NV,89435,S,Y,28500,0.0,0,0
Ricardo,Vignat,425,110-1486,HOODSPORT,WA,98548,M,Y,96000,0.0,0,0
Alyn,Tzruya,406,121-1621,FROID,MT,59226,S,Y,91000,6.9,1900,1900
Yuhsi,Bodin,719,102-1130,DOLORES,CO,81323,M,Y,57500,4.63,0,0
Tobias,Broodsky,603,112-1820,NEW DURHAM,NH,3855,M,Y,58000,0.0,0,0
Kevin,Wachs,941,136-1825,SAINT PETERSBURG,FL,33709,M,Y,42000,0.0,0,0
Kiyoto,Okazaki,312,166-1553,WAYNE CITY-typoALMONT,IA,62895,S,Y,85000,3.0,2000,2000
Liz,Varvel,701,185-1557,FESSENDEN,ND,58438,S,N,67500,2.538187,3300,0
Nirina,Vollmeyer,401,131-1264,BRADFORD,RI,2808,S,Y,70000,0.0,0,0
Bartlomiej,Annot,936,193-2091,FALFURRIAS,TX,78355,S,Y,57000,0.0,0,0
Mourad,Zaumen,605,110-1228,HARTFORD,SD,57033,M,N,11000,0.0,0,0
Vatsa,Liberman,772,152-1209,JACKSONVILLE,FL,32203,S,N,69500,0.0,0,0
Plamen,Gunther,410,115-1512,LAUREL,MD,20725,M,N,36500,4.75,0,0
Margaretha,Getov,412,134-1766,JESSUP,PA,18434,S,N,22500,3.07,0,0
Jadwiga,d'Acierno,401,102-1507,LINCOLN,RI,2865,M,Y,3000,0.0,0,0
Kacem,Shreve,860,120-1554,BRIDGEWATER,CT,6752,S,Y,6500,3.0,12750,0
Homer,Bahcekapili,740,197-1561,NORTH GEORGETOWN,OH,44665,S,N,89000,3.500369,1300,0
Grigoris,Osgood,802,193-1493,FAIRLEE,VT,5045,S,N,3000,3.6,3300,0
Singo,Hodge,202,168-1349,WASHINGTON,DC,20080,M,Y,1000,4.5,0,1370
Tomoko,O'Haver,308,121-1401,ATLANTA,NE,68923,M,Y,73500,6.84,0,103
Praveen,Stoller,207,103-1375,CORNISH,ME,4020,M,Y,53500,8.5,0,2850
Alfons,Karjoth,651,176-1809,CLIMAX,MN,56523,M,N,19000,5.35,0,0
Kazem,Trosch,202,163-1025,PARCEL RETURN SERVICE,DC,56902,S,N,72500,9.0,1370,0
Bevan,Nabli,251,186-1229,MOBILE,AL,36616,M,Y,89500,5.0,0,300
Anthony,Winstone,626,181-1253,SAN JOSE,CA,95121,M,N,36500,8.125044,0,0
Armond,Krueger,985,138-1950,PLEASANT HILL,LA,71065,S,N,89500,6.0,4500,0
Jawed,Schapire,239,147-1116,INDIAN ROCKS BEACH,FL,33785,M,Y,92500,0.0,0,0
Anneke,Marovac,505,102-1416,LA LUZ,NM,88337,S,N,96000,5.3,3300,0
Tran,Nordahl,603,161-1402,TILTON,NH,3298,S,N,31500,0.0,0,0
Patrenahalli,Cherinka,603,109-1059,SALEM,NH,3079,S,Y,80000,0.0,0,0
Gritta,Miyachi,316,117-1924,OLATHE,KS,66051,S,N,34000,6.45,2250,0
Pierangela,Kelleghan,206,183-1023,LINCOLN,WA,99147,S,Y,41500,0.0,0,0
Demosthenes,Ambriola,202,130-1979,WASHINGTON-typoNORTH FORT MYERS,MI,20261,M,N,74000,9.0,0,0
Daigo,Gorzig,573,143-1369,WENTWORTH,MO,64873,S,Y,63500,6.0,2100,1200
Zito,Humborstad,605,127-1779,FRANKFORT,SD,57440,M,N,84000,0.0,0,0
Sherman,Vural,719,195-1837,AURORA,CO,80018,S,N,90500,4.63,0,0
Shinkuro,Dworak,315,118-1112,EAST NASSAU,NY,12062,M,Y,83500,4.4373474,0,1000
Felicity,Graber,914,120-1945,ALEXANDER,NY,14005,M,Y,35500,4.159299,0,1000
Tooru,Rodiger,423,102-1732,MEMPHIS,TN,38119,M,Y,66000,0.0,0,0
Kathryn,Blustein,360,129-1000,VANCOUVER,WA,98682,S,N,10000,0.0,0,0
Brigitta,Lanne,702,114-1909,LAS VEGAS,NV,89173,M,N,64000,0.0,0,0
Demin,Ovrutcki,262,195-1468,MILWAUKEE,WI,53218,M,Y,81000,5.8537903,0,400
Hyongmuk,Pesotchinsky,208,179-1458,WHITE BIRD,ID,83554,M,N,57500,7.8,0,0
Homer,Hruby,702,110-1868,LAS VEGAS,NV,89166,S,N,67000,0.0,0,0
Tirtza,Llaberia,678,101-1550,PORTERDALE,GA,30070,M,N,92500,6.0,0,0
Philippos,Rovere,801,130-1144,OAK CITY,UT,84649,M,Y,30500,7.0,0,2475
Sameet,Hassan,360,154-1367,SPOKANE,WA,99205,M,Y,7000,0.0,0,0
Djamila,Heffernan,410,160-1618,CHARLOTTE HALL,MD,20622,M,Y,17500,4.75,0,2400
Fumiaki,Loyot,808,180-1863,LIHUE,HI,96766,M,N,29500,6.357237,0,0
Mieczyslaw,Preim,504,176-1589,EFFIE,LA,71331,S,N,24000,5.6800003,4500,0
Nobert,Tripathy,580,116-1287,S COFFEYVILLE-typoLA VETA,OK-typoNV,74072,M,N,35000,6.25,0,0
Przemyslaw,Sekino,302,105-1781,NEWARK,DE,19718,M,N,31000,3.9727273,0,0
Kwun,Devries,919,114-1209,NAGS HEAD,NC,27959,M,N,48000,6.7395105,0,0
Mike,Hodes,865,142-1652,ANTIOCH,TN,37011,M,N,68500,0.0,0,0
Ingolf,Wingstedt,520,121-1513,APACHE JUNCTION,AZ,85117,M,Y,44000,3.3969998,0,2300
Fabienne,Barbanera,307,138-1356,WORLAND,WY,82401,M,Y,5500,0.0,0,0
Hanja,Peyre,802,128-1981,PITTSFIELD-typoLA VETA,VT-typoGA,5762,S,Y,75500,4.507233,3300,3300
Yasmina,Thebaut,631,132-1007,THERESA,NY,13691,M,Y,72000,4.370732,0,1000
Hartmit,Truscott,503,184-1117,CHILOQUIN,OR,97624,M,N,71000,9.0,0,0
Xumin,Urbani,618,114-1349,SPRINGFIELD,IL,62739,S,Y,7500,3.0,2000,2000
Heungsoon,Matrone,857,158-1784,CHESTERFIELD,MA,1012,M,Y,54000,5.3,0,1000
Bosheng,Steffens,401,114-1627,RIVERSIDE,RI,2915,M,Y,65000,0.0,0,0
Anni,Tetongnon,509,131-1732,WINTHROP,WA,98862,M,N,78500,0.0,0,0
Karl,Daul,603,106-1961,PIKE,NH,3780,S,Y,67000,0.0,0,0
Nadjib,Kadokura,907,153-1582,UNALAKLEET,AK,99684,S,Y,48500,0.0,0,0
Youjian,Erman,202,170-1212,WASHINGTON NAVY YARD,DC,20374,S,Y,21500,7.0874996,1370,1370
Hirosi,Worona,505,165-1953,DES MOINES,NM,88418,S,N,22500,5.3,3300,0
Raino,Farrag,435,197-1252,WOODRUFF,UT,84086,S,N,24000,7.0,2475,0
Noury,Bedell,440,152-1863,BROOKVILLE,OH,45309,S,N,31500,1.5916642,1300,0
Sanjaya,Maiorov,302,199-1292,MONTCHANIN,DE,19710,S,N,56000,5.677273,110,0
Mukesh,Arlabosse,808,100-1675,HONOLULU,HI,96849,S,N,13000,3.3828945,1040,0
Narayana,Skawa,815,136-1614,BLOOMINGTON,IL,61701,S,N,20000,3.0,2000,0
Berry,Mungall,615,104-1242,GOODLETTSVILLE,TN,37070,M,Y,500,0.0,0,0
Wilfred,Deugo,907,171-1026,OLD HARBOR-typoLA VETA,AK-typoGA,99643,S,N,95500,0.0,0,0
Qiuhui,Favero,712,156-1899,ROCKWELL CITY,IA,50579,M,N,38500,6.1076446,0,0
Niklaus,Zlatea,225,172-1481,DENHAM SPRINGS,LA,70727,S,N,89000,6.0,4500,0
Beth,Kruck,406,173-1752,WESTBY,MT,59275,M,Y,99500,6.9,0,1900
Tomohito,Poletto,618,146-2019,CHICAGO,IL,60694,S,N,34000,3.0,2000,0
Howard,Feierbach,740,106-1047,CLEVELAND,OH,44193,M,Y,75500,3.0522385,0,1300
Qiang,Cin,203,122-1009,WEST HAVEN,CT,6516,S,Y,92500,5.0,12750,0
Bijendra,Din,859,133-1705,SMITHFIELD,KY,40068,M,N,89000,6.0,0,0
Jeeho,Ohkura,907,121-1016,YAKUTAT,AK,99689,S,Y,47500,0.0,0,0
Qingyu,Dass,360,179-1577,SILVERLAKE,WA,98645,M,N,70000,0.0,0,0
Ciprian,Panienski,620,161-1685,STERLING,KS,67579,S,N,77000,6.45,2250,0
Waeil,Oerlemans,307,141-2014,HANNA,WY,82327,S,Y,49000,0.0,0,0
Hirokazu,Ahn,605,127-1236,LODGEPOLE,SD,57640,M,N,79000,0.0,0,0
Mirco,Musselman,931,154-1732,MEMPHIS-typoALMONT,CT,38186,M,N,27500,0.0,0,0
Masami,Araki,585,147-1583,FLUSHING,NY,11355,M,N,19500,4.066616,0,0
Mikio,Sensen,765,192-1004,HARRODSBURG,IN,47434,M,N,73000,3.4,0,0
Tzvi,Sassano,605,195-1772,NORTH FORT MYERS,WV,57772,S,N,40000,0.0,0,0
Zbig,Laqua,773,178-1502,BONE GAP,IL,62815,S,Y,97000,3.0,2000,2000
Yasumasa,Kuhnemann,312,143-1105,LENA,IL,61048,S,Y,93000,3.0,2000,2000
Fanlun,Guerriero,972,180-1310,AUSTWELL,TX,77950,M,Y,91000,0.0,0,0
Hristo,Fratarcangeli,304,155-2046,HUNTINGTON,WV,25725,M,N,64500,6.5,0,0
Tohgoroh,Weischedel,203,134-1641,EAST HADDAM,CT,6423,S,Y,75500,5.0,12750,0
Betsy,Vignes,907,114-1761,COFFMAN COVE,AK,99918,S,N,2500,0.0,0,0
Venkatraman,Womack,301,107-1159,NOTTINGHAM,MD,21236,M,N,20000,4.75,0,0
Benno,Coyne,304,196-1220,YOLYN,WV,25654,S,Y,20000,3.7,2000,2000
Ossama,Mutlu,717,190-1014,PHILADELPHIA,PA,19148,M,N,53500,3.07,0,0
Hanmao,Heberlein,901,112-1915,KNOXVILLE,TN,37927,M,Y,33000,0.0,0,0
Emmanuel,Hainaut,505,177-2054,TESUQUE,NM,87574,S,Y,46000,5.3,3300,3300
Inderjit,Sarangdhar,307,199-1225,CHEYENNE,WY,82009,S,N,54500,0.0,0,0
Wyn,Dileva,602,170-1925,KIRKLAND,AZ,86332,S,N,90500,4.11775,2100,0
Lillian,Carrere,360,118-1492,HARTMAN,WA-typoGA,99147,M,N,27000,0.0,0,0
Colleen,Pieper,802,116-1527,SAINT JOHNSBURY-typoALMONT,VT-typoMI,5819,M,N,80000,4.5967627,0,0
Kensuke,Reese,351,124-1558,WEST SPRINGFIELD,MA,1089,S,Y,94500,5.3,3575,1000
Patricio,Bisseret,623,113-2026,AJO,AZ,85321,S,N,7000,2.87,2100,0
Jarrett,Spadoni,605,176-1923,REVILLO,SD,57259,M,N,93000,0.0,0,0
Heike,Kechadi,907,133-1754,ANCHORAGE,AK,99509,S,N,13500,0.0,0,0
Nils,Chueh,920,141-2079,CHASEBURG,WI,54621,M,N,35500,5.063221,0,0
Debbie,Haralick,479,141-1796,LONDON,AR,72847,M,N,47000,7.0,0,0
Mervin,Daskalakis,307,164-1318,PINEDALE,WY,82941,S,N,33500,0.0,0,0
Justine,Roveri,773,192-1323,WILLOW SPRINGS,IL,60480,M,Y,76000,3.0,0,2000
Karell,Karjoth,330,178-1215,SYCAMORE VALLEY,OH,43789,S,N,31500,1.5916642,1300,0
Qingming,Dharanipragada,580,126-1277,TULSA,OK,74150,S,Y,25000,6.25,1000,1000
Ahmad,Basagni,251,130-2089,GERALDINE,AL,35974,M,Y,58000,5.0,0,300
Amund,Messier,406,103-2098,BOZEMAN,MT,59773,M,Y,42500,6.9,0,1900
Jogesh,Samaras,208,147-1229,POCATELLO,ID,83205,M,Y,80500,7.8,0,3300
Berend,Maskit,202,125-1374,WASHINGTON,DC,20052,S,Y,20000,6.75,1370,1370
Yeonghwan,Loupy,202,127-1652,WASHINGTON,DC,20515,M,Y,99500,9.0,0,1370
Heino,Zdybel,215,198-1726,MILLERSBURG,PA,17061,S,Y,87000,3.07,0,0
Borko,Sajaniemi,848,133-1870,IRVINGTON,NJ,7111,S,Y,51000,1.8888958,1000,1500
Bich,Doo,503,100-1073,PHOENIX,OR,97535,S,N,38500,9.0,159,0
Sieger,Cohoon,787,168-1930,HUMACAO,PR,792,M,Y,54000,0.0,0,0
Bal,Katoen,609,147-1915,CAMDEN,NJ,8101,M,Y,31000,1.5734792,0,1500
William,Pilouk,401,146-1112,OAKLAND,RI,2858,S,N,87500,0.0,0,0
Atam,Schahn,207,182-1525,WATERFORD,ME,4088,S,Y,66500,8.5,2850,2850
Leucio,Cavedoni,401,150-1003,HOPE,RI,2831,S,N,36500,0.0,0,0
Prithwish,Thalheim,808,139-1477,HONOLULU,HI,96846,S,N,12000,3.2026315,1040,0
Hamilton,Maxson,989,184-1206,WAKEFIELD,MI,49968,M,N,21000,3.9,0,0
Dharmavani,Nahapetian,208,102-1443,ROGERSON,ID,83302,M,Y,60000,7.8,0,3300
Yechezkel,Ashman,304,129-1534,GORMANIA,WV,26720,M,Y,30500,4.435,0,2000
Kuninobu,Lebah,307,160-1594,HUDSON,WY,82515,M,Y,7500,0.0,0,0
Jiafu,Ovrutcki,610,180-1219,TELFORD,PA,18969,S,N,77000,3.07,0,0
Yigal,Shrager,631,180-1067,ROCHESTER,NY,14653,M,Y,5000,4.0,0,1000
Arani,Magnier,308,186-1615,WILCOX,NE,68982,M,Y,74500,6.84,0,103
Aelmut,Michaeli,732,113-1907,MOUNT FREEDOM,NJ,7970,S,N,95500,2.5906978,1000,0
Sergui,Rege,802,118-1568,WEST HARTFORD,VT,5084,M,N,23500,3.6,0,0
Karakunakara,Barkley,971,133-1222,PORTLAND,OR,97225,S,Y,70000,9.0,159,159
Loic,Jacquot,276,190-1281,JARRATT,VA,23870,M,Y,86500,5.75,0,900
Marlin,Boy,616,115-1090,MACATAWA,MI,49434,S,N,12500,3.9,3100,0
Brett,Holmback,402,176-1933,CLAY CENTER,NE,68933,M,Y,7500,3.4657261,0,103
Tryggve,Rutman,501,190-1250,OAK GROVE,AR,72660,M,N,57500,7.0,0,0
Valter,With,939,121-1914,NORTH FORT MYERS,PR-typoGA,955,M,N,57000,0.0,0,0
Hyungjeong,Nerbonne,641,112-1514,BOONE,IA,50099,S,Y,34500,5.490133,40,40
Sati,Ettl,304,138-1634,HANSFORD,WV,25103,M,Y,99000,6.5,0,2000
Fortney,Ravve,816,128-1732,COLUMBIA,MO,65218,S,Y,81000,6.0,2100,1200
Kristinn,Roehmer,973,171-1127,CLARKSBORO,NJ,8020,S,Y,24500,1.4709687,1000,1500
Masao,Mukaidono,847,179-1385,LYNDON,IL,61261,M,Y,83500,3.0,0,2000
Nofumi,Hillyard,605,154-1522,HENRY,SD,57243,M,N,95500,0.0,0,0
Rosziati,Dede,787,116-1600,SAN JUAN,PR,916,M,Y,16000,0.0,0,0
Qingda,Maarek,203,169-1274,STAMFORD,CT,6921,S,Y,1000,3.0,12750,0
Kapali,Bocchetti,971,149-1133,BROGAN,OR,97903,S,N,48000,9.0,159,0
Fumiyo,Varman,814,117-2027,CONCORDVILLE,PA,19339,M,N,27500,3.07,0,0
Shangping,Roussinov,406,108-1025,REDSTONE,MT,59257,S,Y,94000,6.9,1900,1900
Nieves,Pinnu,808,101-1540,HONOLULU,HI,96844,S,Y,83500,8.25,1040,1040
Dhamir,Ziavras,856,178-1832,LEEDS POINT,NJ,8220,S,N,10500,1.4,1000,0
Yvette,Feinberg,412,107-1321,NORTH BEND,PA,17760,S,N,20000,3.07,0,0
Vempala,Lubbe,541,105-1236,WEDDERBURN,OR,97491,M,Y,62500,9.0,0,159
Soenke,Galbavy,202,143-2008,WASHINGTON,DC,20593,S,N,2500,4.5,1370,0
Kunal,Hanata,316,182-2001,HUTCHINSON,KS,67504,S,Y,75500,6.45,2250,2250
Somenath,Fattah,208,168-1637,MESA,ID,83643,S,N,88000,7.8,3300,0
Marta,Souquieres,401,130-1701,PASCOAG,RI,2859,M,N,97500,0.0,0,0
Andy,Tsatalos,317,177-1511,FORT WAYNE,IN,46862,M,Y,6500,3.4,0,1000
Yitzhak,Ndiaye,731,170-1001,JOHNSON CITY,TN,37605,S,N,83000,0.0,0,0
Janell,Ber,715,153-1117,GRAFTON,WI,53024,M,N,12500,4.663593,0,0
Cheeha,Bies,325,196-1689,PRAIRIE HILL,TX,76678,S,Y,11500,0.0,0,0
Liesbeth,Newberg,913,168-1409,DENTON,KS,66017,S,Y,71500,6.45,2250,2250
Shumeet,Viragh,980,121-1761,ROARING RIVER,NC,28669,M,Y,68500,7.1695805,0,3300
Roger,Tisdall,603,195-1379,CHESTER,NH,3036,M,N,63500,0.0,0,0
Tadao,Buescher,303,166-1746,GLADE PARK,CO,81523,S,Y,74500,4.63,0,0
Lily,Evens,947,144-1752,MADISON LAKE,MI-typoIA,49028,M,Y,42500,3.9,0,3100
Bedir,Nabli,402,121-2068,LINCOLN,NE,68503,S,N,86000,6.84,103,0
Namhee,Eizirik,479,163-1658,BEARDEN,AR,71720,M,N,16000,4.0120716,0,0
Sadanand,Heyderhoff,802,112-1281,WESTMINSTER,VT,5158,S,N,89500,4.7857695,3300,0
Maite,Fierens,504,132-1442,METAIRIE,LA,70033,S,Y,2000,2.0,4500,1000
Thierry,Darroux,973,122-2081,WAYNE,NJ,7470,M,Y,18000,1.4,0,1500
Fujiichi,Gentner,769,107-1777,POPLARVILLE,MS,39470,M,Y,8500,4.4,0,1500
Yanis,Gurzi,719,137-1809,BOULDER,CO,80307,M,Y,88500,4.63,0,0
Sitt,Geffroy,773,155-1003,ALEXANDER,IL,62601,M,N,74500,3.0,0,0
Chinhyun,Anido,304,131-1913,WHITE SULPHUR SPRINGS,WV,24986,S,Y,28500,4.295,2000,2000
Shinin,Bach,802,167-1916,MADISON LAKE,VT-typoGA,5156,M,Y,43500,3.8705783,0,3300
Indrajit,Llana,302,170-1747,MILTON,DE,19968,S,Y,68000,5.95,110,110
Lenwood,Kakuma,406,167-1057,NORTH FORT MYERS,MI,59733,S,Y,63500,6.9,1900,1900
Charmane,Werling,650,156-1156,INGLEWOOD-typoHARTMAN,CA-typoNV,90311,M,Y,49000,9.3,0,272
Kinya,Ohsie,808,105-1245,HONOLULU,HI,96820,M,Y,52000,8.25,0,1040
Dwight,Pfau,702,182-1044,LAS VEGAS,NV,89165,M,N,37000,0.0,0,0
Kawon,Hemerly,816,137-2078,LAQUEY,MO,65534,S,N,71000,6.0,2100,0
Dagobert,L'Ecuyer,858,157-1303,GARBERVILLE,CA,95542,M,N,72000,9.3,0,0
Malgorzata,Luzi,520,102-1223,SACATON,AZ,85147,S,N,60000,3.645,2100,0
Willm,Noble,913,123-1386,OLATHE,KS,66063,M,Y,37500,6.45,0,2250
Gwendal,Daijavad,505,185-1230,FARMINGTON,NM,87499,M,Y,53500,5.3,0,3300
Said,Dollery,573,122-1174,FALCON,MO,65470,S,N,8000,5.4375,2100,0
Esin,Tschudin,406,191-1341,BUTTE,MT,59703,S,Y,19000,6.9,1900,1900
Debajyoti,Aronsson,772,134-1092,CAMPBELLTON,FL,32426,M,N,24500,0.0,0,0
Edsger,Hittos,406,163-1064,MARTINSDALE,MT,59053,M,N,40500,6.9,0,0
Romas,Marakakis,702,130-1894,JEAN-typoALMONT,MI,89026,M,N,4500,0.0,0,0
Inderjeet,Demiris,907,189-1021,PELICAN,AK,99832,M,N,7500,0.0,0,0
Nikola,Rosenkrantz,775,153-1246,LA VETA,CT,89420,M,N,7500,0.0,0,0
Monish,Coven,224,176-1697,NOBLE,IL,62868,S,N,22500,3.0,2000,0
Kouji,Alvarado,860,120-1914,HARTFORD,CT,6123,M,Y,48000,5.0,0,0
Vivian,Masullo,787,113-1407,DORADO,PR,646,S,Y,58500,0.0,0,0
Khurram,Fasbender,801,192-1609,TOOELE,UT,84074,S,Y,96500,7.0,2475,2475
Quentin,Yelavich,787,161-1127,PONCE,PR,728,S,N,26000,0.0,0,0
GuoDong,Musin,540,185-1925,BEACON FALLS,NV,22472,M,N,12000,4.410714,0,0
Suebskul,Tangiguchi,602,179-1954,GRAY MOUNTAIN,AZ,86016,M,Y,85500,4.04025,0,2300
Hiralal,Tusera,435,190-1082,SYRACUSE,UT,84075,M,N,54500,7.0,0,0
Nadezda,Helland,918,144-1373,DEVOL,OK,73531,S,N,81500,6.25,1000,0
Makato,Benecke,401,125-1734,WAKEFIELD,RI,2880,S,N,22500,0.0,0,0
Zalman,Rozen,603,139-2001,CORNISH FLAT-typoNORTH FORT MYERS,NH-typoIA,3746,S,N,70000,0.0,0,0
Zhanqiu,Raufmann,860,189-1357,WATERFORD,CT,6386,M,Y,11500,5.0,0,0
Lea,Chu,863,173-1092,MIAMI,FL,33172,M,Y,16500,0.0,0,0
Ron,Whitt,351,185-1608,EASTON,MA,2334,S,N,86000,5.3,3575,0
Goodwin,Riis,307,137-1196,ALMONT,CT,82433,M,N,79000,0.0,0,0
Shigenori,Weedon,901,113-1084,GUYS,TN,38339,S,N,41000,0.0,0,0
Tzyh,Varman,402,138-1089,BRADSHAW,NE,68319,S,Y,4500,2.932946,103,103
Shensheng,Reuter,207,163-1762,HARTMAN,ME-typoNV,4094,S,N,48500,8.5,2850,0
Lusheng,Shillner,502,193-1056,CHAPLIN,KY,40012,S,Y,41000,4.111111,20,20
Oriol,Simon,205,144-1340,MONTGOMERY,AL,36123,S,Y,76500,5.0,1500,300
Zurab,Blodorn,859,134-1115,PITTSBURG,KY,40755,M,N,33000,3.6666665,0,0
Anna,Parodi,307,137-1521,EVANSTON,WY,82930,S,Y,93000,0.0,0,0
Jahnavi,Riad,701,140-1820,BRADDOCK,ND,58524,S,Y,29500,2.1,3300,3300
Mathai,Konstan,337,155-2064,LA VETA,WV,70065,S,N,80500,6.0,4500,0
Raimo,Flasterstein,406,143-1870,HARLEM,MT,59526,S,Y,41500,6.9,1900,1900
Chaosheng,Werling,860,126-2079,HADLYME-typoBEACON FALLS,CT-typoIA,6439,M,Y,67500,5.0,0,0
Donny,Borning,512,111-1950,DAYTON,TX,77535,S,N,73500,0.0,0,0
Lilly,Chilenski,787,169-1634,COMERIO,PR,782,M,Y,40500,0.0,0,0
Xipeng,Leutenegger,608,162-1469,LAC DU FLAMBEAU,WI,54538,M,N,63500,5.549725,0,0
Noriaki,Kuvayev,920,159-1239,SOUTH RANGE,WI,54874,M,Y,8000,4.6,0,400
Klaus,Kanodia,802,174-1462,NORTH THETFORD,VT,5054,S,Y,9000,3.6,3300,3300
Gisli,Dinsenmeyer,302,186-1166,MADISON LAKE,DE-typoIA,19806,M,N,30000,3.9045453,0,0
Shyhtsun,Nguifo,701,182-1420,ABSARAKA,ND,58002,M,Y,30500,2.1092737,0,3300
Divier,Perrone,501,154-1006,FAYETTEVILLE,AR,72701,M,Y,90500,7.0,0,20
Annabelle,Guimaraes,802,124-2082,GILMAN,VT,5904,S,Y,83500,4.666397,3300,3300
Oscar,Vilot,785,124-1529,COUNCIL GROVE,KS,66846,S,N,38500,6.45,2250,0
Genki,Lenowitz,314,195-1646,LINN,MO,65051,S,N,20000,6.0,2100,0
Will,Servetto,605,190-1038,EMERY,SD,57332,M,Y,91000,0.0,0,0
Verena,Caporal,706,189-1825,DECATUR,GA,30035,M,Y,88000,6.0,0,3000
Henny,Vilar,785,191-1951,CAMBRIDGE,KS,67023,S,N,79000,6.45,2250,0
Ushio,Koenker,606,125-1433,WATER VALLEY,KY,42085,S,N,39500,4.0277777,20,0
Kazuki,Touati,501,149-1718,DAMASCUS,AR,72039,S,N,12500,3.1754513,20,0
Yassine,Kamperman,985,192-1798,LILLIE,LA,71256,S,Y,31000,6.0,4500,1000
Changming,Serconek,443,185-1471,CUMBERLAND,MD,21504,S,N,81000,4.75,2400,0
Emma,Aho,812,180-1903,NORTH FORT MYERS,IN-typoWV,46391,S,Y,81000,3.4,1000,1000
Shyamal,Punter,330,161-1841,AVON,OH,44011,S,Y,3500,0.712,1300,1300
Sjaak,Oestreicher,802,147-1806,ESSEX JUNCTION,VT,5453,M,Y,65500,4.3082786,0,3300
Hidemi,Eversberg,208,117-1382,SALMON,ID,83467,S,N,43000,7.8,3300,0
Aysegul,Kilgour,971,123-1961,MIKKALO,OR,97861,M,Y,51500,9.0,0,159
Kazi,Guil,319,130-1725,AMES,IA,50011,S,N,66500,8.98,40,0
Kepa,Pletch,320,143-2094,RUSH CITY,MN,55069,M,Y,91000,7.85,0,3300
Dunren,Wacholder,360,123-1685,SEATTLE,WA,98138,S,N,32500,0.0,0,0
Basil,Yoshii,480,174-1094,MORRISTOWN,AZ,85342,M,Y,33500,3.2342498,0,2300
Guilherme,Tomokiyo,270,181-1230,NEW HAVEN,KY,40051,M,Y,8500,2.3055556,0,20
Bekka,Dulong,307,116-1750,LARAMIE,WY,82072,M,N,79000,0.0,0,0
Irek,Skeie,939,181-1261,GUAYAMA,PR,785,M,Y,72000,0.0,0,0
Karol,Beetem,720,108-1629,HARTMAN,CO-typoNV,80929,S,Y,75500,4.63,0,0
Hatim,Dssouli,701,100-1019,SANBORN,ND,58480,S,Y,50500,2.3411188,3300,3300
Junling,Braams,808,137-1432,HONOLULU-typoLA VETA,MI,96820,M,N,30000,6.447368,0,0
Hiyan,Dehdashti,732,147-1585,WASHINGTON,NJ,7882,S,N,34000,1.6207917,1000,0
Wijnand,Koymen,802,189-1975,NEWFANE,VT,5345,S,Y,51000,4.0197945,3300,3300
Pijush,Sowizrai,201,168-1768,TOMS RIVER,NJ,8753,S,Y,90000,2.5039582,1000,1500
Baldomir,Hossley,804,129-1793,LA VETA,VA-typoWV,22191,M,Y,15000,5.214286,0,900
Gerti,Dalamages,682,148-1376,MIRANDO CITY,TX,78369,M,N,15000,0.0,0,0
Nacer,Speranza,307,135-1171,BEULAH,WY,82712,M,Y,5000,0.0,0,0
Shengchang,Pecuchet,939,149-1199,COMERIO,PR,782,M,N,64500,0.0,0,0
Arkady,Clack,907,188-1887,HOLY CROSS,AK,99602,M,N,14500,0.0,0,0
Channah,Ritondale,843,198-2070,JAMESTOWN,SC,29453,S,N,23000,7.0,3300,0
Botao,Nalumasu,816,198-1526,LATHAM,MO,65050,S,Y,75000,6.0,2100,1200
Mengchi,Nacsa,716,147-1604,ROCHESTER,NY,14638,S,N,43000,4.202744,0,0
Nadir,Kieras,201,157-1572,PRINCETON JUNCTION,NJ,8550,S,N,84000,2.4093332,1000,0
Winnie,Bugaenko,248,108-1255,MADISON LAKE,MI-typoWV,48465,S,N,55000,3.9,3100,0
Gardner,Cosma,570,152-1843,EBERVALE,PA,18223,S,N,97500,3.07,0,0
Etsuya,Corsini,850,180-1716,MIAMI,FL,33166,S,N,36500,0.0,0,0
Pau,Bengtsson,228,145-1468,CLINTON,MS,39060,S,N,42000,5.0,6000,0
Piergiulio,Riefers,740,108-1811,GARRETTSVILLE,OH,44231,S,N,4500,0.712,1300,0
Nobuji,Llewellyn,605,125-2095,WAKONDA,SD,57073,M,Y,55000,0.0,0,0
Guntram,Verhofstadt,307,196-1899,EVANSTON,WY,82930,S,N,4000,0.0,0,0
Darrel,Siems,907,112-1457,NORTH FORT MYERS,AK-typoGA,99693,S,N,71500,0.0,0,0
Niklas,Moudgal,857,147-1833,QUINCY,MA,2170,M,N,49500,5.3,0,0
Wissal,Giarratana,913,189-1327,OTIS,KS,67565,M,N,34500,6.45,0,0
Alan,Plavsic,859,147-1768,ALMO,KY,42020,S,Y,4500,2.0833333,20,20
Kuldar,Maarek,765,163-1221,HARTMAN,CT,46407,M,N,23000,3.4,0,0
Chitresh,Rembowski,503,162-2054,SHERIDAN,OR,97378,M,Y,37000,9.0,0,159
Concepcion,Khair,580,138-1920,PAULS VALLEY,OK,73075,M,N,31500,6.25,0,0
Hassane,Nourine,304,103-1626,THURMOND,WV,25936,S,N,97500,6.5,2000,0
Stanislav,Arent,405,122-1783,YUKON,OK,73085,M,Y,49500,6.25,0,1000
Aida,Biryukov,615,158-1279,TULLAHOMA,TN,37388,S,N,34000,0.0,0,0
Kaushik,Svirbely,425,119-1863,SEAVIEW,WA,98644,M,N,54000,0.0,0,0
Romesh,Brunk,515,163-1027,HARTMAN,CT,50144,S,Y,38500,6.1076446,40,40
Chebel,Bahr,509,145-1403,WEST RICHLAND,WA,99353,M,Y,91000,0.0,0,0
Ortrun,Stutschka,502,154-1088,BEREA,KY,40404,M,Y,97000,6.0,0,20
Vasanth,Pook,401,151-1014,PROVIDENCE,RI,2940,S,Y,38000,0.0,0,0
Yongwha,Janson,203,172-1623,TOLLAND,CT,6084,M,N,500,3.0,0,0
Hyunchul,Adusumilli,609,173-1744,ROCKAWAY,NJ,7866,M,N,21000,1.4157708,0,0
Ubeda,Milberg,812,187-1686,BLANFORD-typoMADISON LAKE,IA,47831,S,N,500,3.4,1000,0
Hideyuki,Mercankosk,202,162-1943,WASHINGTON,DC,20018,M,Y,93500,9.0,0,1370
Etienne,Katoen,603,177-1727,LYME,NH,3768,S,N,56500,0.0,0,0
Kotaro,Burston,713,121-1463,ROUND ROCK,TX,78680,M,Y,1000,0.0,0,0
Chanathip,Belanger,408,111-1491,WHITTIER,CA,90601,S,N,29500,6.472504,87,0
Masaitsu,Juste,980,188-1979,KINSTON,NC,28503,S,N,52000,6.8234267,3300,0
Janyce,Ulich,505,166-1662,LOGAN,NM,88426,M,N,10500,3.4142857,0,0
Rufus,Bavuso,706,198-1799,ATLANTA,GA,30307,S,N,26500,6.0,2700,0
Dhananjai,Seuren,603,147-1323,TILTON,NH,3276,M,N,61000,0.0,0,0
Piernicola,Etzl,808,124-1497,WAILUKU,HI,96793,S,Y,34000,7.1684213,1040,1040
Karina,Borrione,208,199-1570,BOISE,ID,83725,M,Y,80000,7.8,0,3300
Jolanta,Remp,217,165-1949,OAK PARK,IL,60304,M,N,1000,3.0,0,0
Subhachandra,Taimanov,802,109-1382,WHITINGHAM,VT,5361,S,N,89000,4.7758217,3300,0
Annika,Tuncel,540,104-1681,HARTMAN,CT,23836,M,N,35000,5.75,0,0
Nevio,Edmark,256,187-1256,MONROEVILLE,AL,36461,M,N,65000,5.0,0,0
Dushyanth,Gutenmakher,401,128-1132,PAWTUCKET,RI,2861,M,N,77500,0.0,0,0
Adadeji,Blanquart,520,191-1314,CASA GRANDE,AZ,85194,M,Y,8500,2.87,0,2300
Fracisco,Tisato,603,188-1345,EFFINGHAM,NH,3882,M,N,17000,0.0,0,0
Franklin,Schwagereit,907,104-1810,FALSE PASS,AK,99583,M,N,33000,0.0,0,0
Xiaoping,O'Boyle,217,184-1790,RINGWOOD,IL,60072,S,N,22000,3.0,2000,0
Jutta,Apers,432,113-1648,WICHITA FALLS,TX,76307,S,Y,12000,0.0,0,0
Cindy,Cypher,870,111-1477,WALDO-typoNORTH FORT MYERS,NV,71770,M,N,75500,7.0,0,0
Weizhen,Burkhard,678,166-1468,BLOOMINGDALE,GA,31302,M,Y,53500,6.0,0,3000
Ewart,Halewood,256,135-2064,VINEGAR BEND,AL,36584,S,Y,37000,5.0,1500,300
Kagan,Waleschkowski,603,115-2060,MADISON,NH,3849,M,N,79500,0.0,0,0
Jaroslav,Sitter,414,179-1441,BLUE RIVER,WI,53518,M,N,95000,6.097042,0,0
Fusatake,Pozo,479,152-1278,HOT SPRINGS NATIONAL PARK,AR,71902,M,N,26500,6.521931,0,0
Edil,Goto,208,166-1330,DIETRICH,ID,83324,S,N,51000,7.8,3300,0
Irit,Vastola,775,149-1848,AUSTIN,NV,89310,M,Y,37000,0.0,0,0
Elvis,Therber,617,181-1089,GREENFIELD,MA,1302,S,N,47500,5.3,3575,0
Dani,Plotkin,203,161-1642,TARIFFVILLE,CT,6081,S,N,23500,5.0,12750,0
Fadila,Heyderhoff,202,156-1850,WASHINGTON,DC,20525,M,Y,9000,4.5,0,1370
Bartolomeo,Bratsberg,787,102-1152,LAS PIEDRAS,PR,771,M,Y,70000,0.0,0,0
Kalyan,Panienski,330,138-1050,LAINGS,OH,43752,S,Y,82500,3.2846026,1300,1300
Aarne,Stachour,202,150-1916,WASHINGTON,DC,20330,M,Y,72500,9.0,0,1370
Fanica,Mikulecka,304,198-1465,CHARLESTON,WV,25311,M,Y,48000,5.66,0,2000
Weipeng,Poston,614,194-2036,LEBANON,OH,45036,S,N,59000,2.5045233,1300,0
Brenton,Rivierre,406,124-1654,WARM SPRINGS-typoNORTH FORT MYERS,MI,59756,M,N,49000,6.9,0,0
Vanja,Hiroike,404,102-1786,CLIMAX,GA,39834,M,N,29500,6.0,0,0
Sungdo,Yoshii,808,183-1001,PUKALANI,HI,96788,M,N,46000,8.25,0,0
Daniele,Jenevein,601,112-1659,MERIDIAN-typoHARTMAN,MS-typoIA,39304,S,N,56000,5.0,6000,0
Quingming,Noll,406,158-1823,HARTMAN,WV,59773,S,Y,59000,6.9,1900,1900
Nong,Vince,208,192-1323,BOISE,ID,83731,S,Y,8500,3.683888,3300,3300
Djelloul,Martindale,757,102-1321,UPPERVILLE,VA,20185,M,N,6500,2.9375,0,0
Bay,Freundschuh,774,175-1462,FALL RIVER,MA,2722,S,Y,77500,5.3,3575,1000
Dejan,Landi,609,175-1094,THREE BRIDGES,NJ,8887,S,Y,57500,1.9914062,1000,1500
Selee,Chiueh,405,106-1678,WEWOKA-typoNORTH FORT MYERS,IA,74884,M,Y,2000,1.1388888,0,1000
Mehdi,Quinqueton,603,132-1985,SANBORNVILLE,NH,3872,M,N,65500,0.0,0,0
Judi,Funkhouser,732,120-1477,TOMS RIVER,NJ,8753,S,N,43500,1.7706146,1000,0
Hikyu,Nakatake,443,104-1307,POCOMOKE CITY,MD,21851,M,Y,38000,4.75,0,2400
Qinghua,Gudwin,702,175-2068,CARSON CITY,NV,89711,M,N,12000,0.0,0,0
Ireneusz,Livingston,859,135-1148,LA VETA,GA,40523,M,N,48500,4.5277777,0,0
Bernold,Nergos,208,172-1900,RIGGINS,ID,83549,M,N,22500,7.6580653,0,0
Yahaya,Calvi,207,152-1400,LA VETA,ME-typoGA,4945,S,N,45000,8.5,2850,0
Adri,Jonsson,973,154-1906,BRIELLE-typoMADISON LAKE,NJ-typoNV,8730,M,Y,79000,2.3304791,0,1500
Basilio,Koide,435,186-1058,MADISON LAKE,WV,84045,S,Y,60000,7.0,2475,2475
Songjie,Carra,208,174-1977,GRAND VIEW,ID,83624,M,Y,12000,4.6774325,0,3300
Nobert,Haznedar,302,109-1380,HARBESON,DE,19951,M,Y,33000,4.109091,0,110
Edward,Keirsey,571,117-1833,NORFOLK,VA,23512,M,N,66500,5.75,0,0
Heesung,Peyn,985,165-1968,EUNICE,LA,70535,M,Y,98500,6.0,0,1000
Shem,Bleumer,803,110-1562,DAVIS STATION,SC,29041,S,Y,13000,7.0,3300,3300
Huajun,Comparot,719,100-2059,BLACK HAWK,CO,80422,M,N,99500,4.63,0,0
Reinhold,Batzoglou,267,161-1294,CLARIDGE,PA,15623,S,N,59500,3.07,0,0
Nadir,Pargas,801,161-1897,SALT LAKE CITY,UT,84171,M,N,91500,7.0,0,0
Taenam,Greibach,505,198-1209,BERNALILLO,NM,87004,M,N,1500,1.7,0,0
Delvan,Groeneboer,402,183-1255,OMAHA,NE,68104,S,Y,85500,6.84,103,103
Weijia,Provine,843,139-1424,COLUMBIA,SC,29229,S,Y,45500,7.0,3300,3300
Takehiro,Schwederski,406,138-1139,DUTTON,MT,59433,M,N,50000,6.9,0,0
Haruaki,Maasen,952,143-1664,GRAND RAPIDS,MN,55730,M,Y,26000,5.6429563,0,3300
Friederike,Shreiber,618,122-1881,HOFFMAN ESTATES,IL,60169,S,Y,49500,3.0,2000,2000
Pirooz,Smeets,406,192-2097,ROSCOE,MT,59071,S,N,33000,6.9,1900,0
Katrina,Grau,307,143-1696,HUDSON,WY,82515,S,N,23500,0.0,0,0
Sergio,Albarhamtoshy,848,180-1576,JERSEY CITY,NJ,7306,M,N,61500,2.0544896,0,0
Krishnamoorthy,Backer,808,168-1578,VOLCANO,HI,96785,M,Y,55500,8.25,0,1040
Jiang,Murthy,904,195-2001,JACKSONVILLE,FL,32204,S,N,29500,0.0,0,0
Romas,Geraci,907,164-2028,PLATINUM,AK,99651,M,N,42000,0.0,0,0
Mahan,Mattmann,704,107-1372,MORGANTON,NC,28680,M,Y,12000,6.0,0,3300
Czarek,Bhatt,304,143-1170,BUCKEYE,WV,24924,S,N,24500,4.015,2000,0
Joohack,Sussmann,516,124-1779,WEST BLOOMFIELD,NY,14585,S,Y,54000,4.2664633,0,1000
Rinat,Nedela,907,108-2007,WALES,AK,99783,M,N,19500,0.0,0,0
Atsumi,Rada,618,111-1201,WALNUT HILL,IL,62893,M,N,86000,3.0,0,0
Holm,Gils,563,124-1942,SIBLEY,IA,51249,S,Y,50500,7.9601793,40,40
Dirk,Berghel,347,169-1933,BROOKLYN,NY,11202,M,N,35000,4.1564026,0,0
Houssine,Cicchetti,928,129-2091,TUCSON,AZ,85751,M,N,5000,2.87,0,0
Ruven,Habib,215,122-1448,BOWMANSVILLE,PA,17507,S,Y,14000,3.07,0,0
Minshen,Gorz,808,114-1249,MAUNALOA,HI,96770,M,Y,48000,8.25,0,1040
Djelloul,Machlin,402,122-1390,BEATRICE,NE,68310,M,Y,63000,6.84,0,103
Kerryn,Martello,317,194-1947,PATOKA,IN,47666,S,Y,73500,3.4,1000,1000
Husam,Scheer,319,128-1016,AINSWORTH,IA,52201,M,N,11000,1.8622515,0,0
Graca,Chakroborty,808,108-1078,VOLCANO,HI,96785,S,N,4500,1.8506579,1040,0
Marlon,Rosenbloom,304,101-1657,VAN,WV,25206,M,N,54500,6.115,0,0
Kemt,Altman,760,154-1544,HARTMAN,WV,92372,S,Y,32000,7.0626974,87,272
Mana,Morvan,857,111-1170,THORNDIKE,MA,1079,S,N,92000,5.3,3575,0
Yannick,Kesler,503,129-1907,CANYON CITY,OR,97820,M,Y,1500,5.0,0,159
Mattan,Puerta,563,181-1937,DES MOINES,IA,50315,M,Y,88000,8.98,0,40
Masali,Villano,304,152-1875,DIXIE,WV,25059,M,Y,2500,3.0,0,2000
Joey,Callaway,501,164-1593,CECIL,AR,72930,M,N,89000,7.0,0,0
Zine,Benson,202,161-1371,WASHINGTON,DC,20077,S,N,57000,9.0,1370,0
Yashodara,Ziavras,858,138-2073,SAN JOSE,CA,95131,S,Y,15500,3.1674244,87,272
German,Gerasch,256,155-1884,ARLINGTON,AL,36722,M,Y,12000,5.0,0,300
Kwangyoen,Constantinescu,954,192-1304,ORLANDO-typoNORTH FORT MYERS,FL-typoGA,32810,S,N,32000,0.0,0,0
Kalev,Falla,706,188-1113,STILLMORE,GA,30464,M,Y,53000,6.0,0,3000
Jessie,Millington,351,154-1215,WORCESTER,MA,1654,M,N,26500,5.3,0,0
Tetsu,Leunen,218,190-1972,EDEN PRAIRIE,MN,55346,S,N,51000,6.977001,3300,0
Cosmin,Faust,401,180-1898,PROVIDENCE,RI,2918,S,N,80000,0.0,0,0
Gail,Carro,541,103-1490,SALEM,OR,97313,M,N,29500,9.0,0,0
Hitofumi,Winkler,314,140-2037,WYATT,MO,63882,S,N,90000,6.0,2100,0
Katsuji,Nagasaki,551,181-1623,HELMETTA,NJ,8828,S,Y,3500,1.4,1000,1500
Cathryn,Carle,406,158-1779,ASHLAND,MT,59003,S,N,14500,6.9,1900,0
Alessio,Plessier,316,177-1957,HARTMAN,KS-typoGA,66508,M,Y,69000,6.45,0,2250
Gote,Anupam,219,139-1574,SPICELAND,IN,47385,M,N,25500,3.4,0,0
Soon,Oettli,803,177-1577,NEWBERRY,SC,29108,S,N,52000,7.0,3300,0
Olivera,Plum,702,153-1336,STATELINE,NV,89449,M,Y,3000,0.0,0,0
Mones,Klaiber,952,116-1158,ANDOVER,MN,55304,S,N,41500,6.470064,3300,0
Brennan,Berrett,615,172-1569,MILLINGTON,TN,38083,S,N,44000,0.0,0,0
Misha,Chenney,425,180-1563,FRUITLAND,WA,99129,M,Y,88000,0.0,0,0
Guo,Norrish,208,108-1127,OLA,ID,83657,S,N,30500,7.8,3300,0
Birger,Partove,847,182-2030,WATERLOO,IL,62298,M,N,1000,3.0,0,0
Juliana,Strehlo,802,162-1345,ESSEX,VT,5451,S,Y,7000,3.6,3300,3300
Hans,Togai,810,125-1884,HOLLAND,MI,49424,S,N,50500,3.9,3100,0
Lusiana,Shimohata,252,130-1938,MADISON LAKE,NC-typoWV,27520,S,N,3500,6.0,3300,0
Celina,Kilgore,603,170-1565,GRAFTON,NH,3240,M,Y,52000,0.0,0,0
Hideyo,Pinet,207,130-1304,ADDISON,ME,4606,M,N,54000,8.5,0,0
Zeydy,Ariyoshi,641,152-1328,RED OAK,IA,51566,M,N,26000,4.1779203,0,0
Haim,Yada,939,107-1678,LA PLATA,PR,786,M,Y,43000,0.0,0,0
Bertrand,Khouja,321,165-1239,ORLANDO,FL,32878,M,N,74000,0.0,0,0
Merav,Rago,208,115-1292,RIRIE,ID,83443,S,Y,4500,2.548409,3300,3300
Naoufel,Alsio,970,158-1023,GRAND JUNCTION,CO,81505,S,N,87000,4.63,0,0
Nandyala,Nagasaki,330,111-1804,SUMMERFIELD,OH,43788,M,N,68000,2.803277,0,0
Phillippe,Cusick,802,109-1367,SHELDON SPRINGS,VT,5485,M,N,16500,3.6,0,0
Luping,Chattergy,317,164-1909,GARY,IN,46406,M,Y,85500,3.4,0,1000
Shane,Grillner,202,144-1601,WASHINGTON,DC,20409,S,N,54500,9.0,1370,0
Indradeep,Brophy,402,165-1559,MCLEAN,NE,68747,S,N,95000,6.84,103,0
Mustafa,Usery,816,195-1745,FRANKFORD,MO,63441,S,Y,31000,6.0,2100,1200
Lance,Nour,860,185-2059,BURLINGTON,CT,6013,S,N,21500,5.0,12750,0
Hyuk,Sssuwa,304,198-1859,MADISON LAKE,GA,26405,M,Y,30000,4.4,0,2000
Luisa,Sagonas,217,120-1480,MOUNT ERIE,IL,62446,S,N,19500,3.0,2000,0
Guardian,Sadowsky,571,188-1561,KELLER,VA,23401,S,Y,87500,5.75,900,900
Vassili,Lindgreen,307,188-1754,PAVILLION-typoLA VETA,WY-typoGA,82523,S,Y,75500,0.0,0,0
Shumeet,Braberman,718,131-1392,OAKDALE,NY,11769,S,Y,53000,4.2606707,0,1000
Daan,Bal,770,166-1521,ROCKY FORD,GA,30455,S,Y,61000,6.0,2700,3000
Mogens,Socolovsky,785,199-1812,NESS CITY-typoBEACON FALLS,IA,67560,S,N,33500,6.45,2250,0
Kjeld,Goad,702,194-1665,PAHRUMP,NV,89061,S,Y,51500,0.0,0,0
Wissal,Pouyioutas,316,193-1197,CORNING,KS,66417,S,Y,43500,6.45,2250,2250
Idoia,Surdo,203,129-2049,NEW CANAAN,CT,6840,S,Y,69000,5.0,12750,0
Chriss,Tyszer,307,143-1918,MORAN,WY,83013,S,Y,29500,0.0,0,0
Shivendra,Leitsch,856,113-1511,LITTLE FALLS,NJ,7424,S,N,78500,2.3225937,1000,0
Anoosh,Torlone,303,190-1355,HOT SULPHUR SPRINGS,CO,80451,M,N,60500,4.63,0,0
Kellyn,Radivojevic,410,174-1829,HUGHESVILLE,MD,20637,S,N,11500,4.75,2400,0
Pilar,Leeser,413,172-1631,WESTFIELD,MA,1085,M,N,51000,5.3,0,0
Xinxin,Cashman,307,111-1084,GILLETTE,WY,82717,S,N,80500,0.0,0,0
Hiroyuji,Rostami,608,118-1415,SPARTA,WI,54656,S,Y,52000,5.349911,700,400
Xingwei,Quinqueton,270,193-1840,CAMPTON,KY,41301,S,Y,60500,5.1944447,20,20
Paliath,Kohne,928,133-1492,WILLIAMS,AZ,86046,S,Y,52000,3.521,2100,2300
Masato,Husemann,415,143-1257,SEQUOIA NATIONAL PARK,CA,93262,M,Y,67000,9.3,0,272
Arjen,Budinsky,772,159-1136,LIVE OAK,FL,32064,M,N,43500,0.0,0,0
Gerassimos,Koszlajda,301,179-1968,SUITLAND,MD,20752,S,N,64000,4.75,2400,0
Seshu,Hotzel,603,157-1846,ASHUELOT,NH,3441,M,N,89500,0.0,0,0
Tatsuya,Bernsen,207,130-1686,BAR MILLS,ME,4004,M,Y,81000,8.5,0,2850
Tomoyuki,Arlabosse,262,107-2040,BARRON,WI,54812,M,N,21000,4.8112817,0,0
Yerucham,Terpou,916,126-1938,KNIGHTS LANDING,CA,95645,S,N,23500,5.0560412,87,0
Noriko,Lorie,270,163-1784,NEWPORT,KY,41071,S,Y,52000,4.7222223,20,20
Renfrey,Reeves,603,172-1472,NEWTON,NH,3858,S,Y,52500,0.0,0,0
Arkady,Dosser,585,199-1407,BRANCHPORT,NY,14418,S,N,21000,4.075305,0,0
Sieu,McKay,479,127-1676,SAINT FRANCIS,AR,72464,M,N,58000,7.0,0,0
Jayaramaiah,Stieger,732,121-1094,TRENTON,NJ,8666,S,N,92000,2.5355,1000,0
Yinlin,Nadon,304,167-1842,LORADO,WV,25630,S,Y,62000,6.5,2000,2000
Tunu,Rychly,218,168-1734,NORTH FORT MYERS,MN-typoIA,55578,M,Y,78000,7.85,0,3300
Ethem,Habel,828,138-1697,ELIZABETH CITY,NC,27907,S,N,35500,6.477273,3300,0
Takakazu,Gust,815,153-1116,CARLINVILLE,IL,62626,M,N,57000,3.0,0,0
Joford,Alm,802,177-1869,RUTLAND,VT,5702,S,Y,33500,3.6716235,3300,3300
Collin,Meuser,302,107-1704,NEWARK,DE,19716,M,N,99500,5.95,0,0
Juhani,Nishizaki,307,172-1992,HUDSON,WY,82515,S,Y,62000,0.0,0,0
Akiniro,Steingart,202,197-1037,WASHINGTON,DC,20554,M,Y,69000,9.0,0,1370
Samir,Hariharan,971,149-1192,REEDSPORT-typoMADISON LAKE,OR-typoCT,97467,S,N,82000,9.0,159,0
Lam,Sanden,478,154-1925,BUFORD-typoHARTMAN,NV,30515,M,N,68000,6.0,0,0
Kazuhiko,Lockwood,802,141-1870,EAST DORSET,VT,5253,S,Y,64500,4.288383,3300,3300
Bai,Roantree,480,126-1788,PHOENIX,AZ,85042,M,N,64000,3.707,0,0
Gabriele,Habib,270,106-1164,MITCHELLSBURG,KY,40452,S,N,18500,2.8611112,20,0
Denis,Carrier,208,144-1966,RIGBY,ID,83442,S,Y,87500,7.8,3300,3300
Anker,Heffernan,605,136-1706,OACOMA,SD,57365,S,Y,51500,0.0,0,0
Heesung,Cimikowski,541,106-1096,ELKTON,OR,97436,M,N,2500,5.0,0,0
Belhadri,Belinskaya,405,136-1972,DUNCAN,OK,73534,M,N,29000,6.25,0,0
Constantijn,Albarhamtoshy,202,140-1019,WASHINGTON,DC,20038,M,N,33500,9.0,0,0
Yoshitomi,O'Reagan,808,102-1905,KAMUELA,HI,96743,S,N,36500,7.619079,1040,0
Jamshed,Ulgen,208,197-1104,BOISE,ID,83799,S,N,60500,7.8,3300,0
Burke,Rauen,202,164-1836,WASHINGTON,DC,20065,S,Y,99500,9.0,1370,1370
Kazimir,Michalakopoulos,808,146-1382,J B P H H,HI,96853,S,N,66500,8.25,1040,0
Bijan,Leeuw,308,193-1241,ELLSWORTH,NE,69340,M,N,35000,6.84,0,0
Seraphin,Luchi,225,129-1775,NEW ORLEANS,LA,70160,M,Y,89500,6.0,0,1000
Armand,Setliff,608,161-1074,LYNDON STATION,WI,53944,M,N,7500,4.6,0,0
Javed,Gavril,302,181-1268,YORKLYN,DE,19736,M,Y,51500,5.370455,0,110
Houssine,Olive,580,160-1020,KONAWA,OK,74849,M,Y,55000,6.25,0,1000
Masayuki,Kochskamper,870,160-1213,BAY,AR,72411,M,Y,13000,3.2949684,0,20
Mirek,Grigoryev,503,135-2041,NORTH FORT MYERS,OR-typoGA,97850,S,N,79500,9.0,159,0
Kaivalya,Staub,808,168-1965,HONOLULU,HI,96823,M,Y,62000,8.25,0,1040
Poorav,Bert,207,100-1005,VAN BUREN,ME,4785,M,Y,35000,8.5,0,2850
Maniel,Priese,551,162-1095,KEARNY,NJ,7032,S,Y,67000,2.1412292,1000,1500
Yoshikane,Lanzi,251,122-1943,ELBA,AL,36323,M,Y,29500,5.0,0,300
Donyaprueth,Batz,913,148-1869,RUSSELL,KS,67665,S,Y,30500,6.45,2250,2250
Ami,Alencar,302,125-1264,WILMINGTON,DE,19898,M,Y,26500,3.665909,0,110
Mangesh,Rispoli,202,109-1831,WASHINGTON,DC,20330,S,N,78500,9.0,1370,0
Prince,Cleave,443,129-1393,MARRIOTTSVILLE,MD,21104,S,Y,1500,2.6875,2400,2400
Izidor,Maierhofer,651,159-1920,STEWARTVILLE,MN,55976,M,N,67000,7.8307896,0,0
Rajesh,Laurinolli,401,128-1078,PROVIDENCE,RI,2903,S,N,45000,0.0,0,0
Junzhong,Tohme,734,153-1497,FLINT,MI,48532,S,N,52000,3.9,3100,0
Hirozumi,Bolzoni,484,178-1051,MORRIS,PA,16938,S,Y,5000,3.07,0,0
Mingfang,Mouchtaris,802,135-1090,BEECHER FALLS,VT,5902,S,Y,10000,3.6,3300,3300
Atish,Bouloukos,502,181-1531,LOUISVILLE,KY,40243,M,Y,3500,2.0277777,0,20
Ruedi,Jarvinen,802,179-1362,BRATTLEBORO,VT,5303,S,Y,9000,3.6,3300,3300
Alessia,Guiu,864,149-1073,GEORGETOWN,SC,29442,S,N,7500,4.658074,3300,0
Anni,Sybre,918,150-1030,RAMONA,OK,74061,M,Y,11000,6.25,0,1000
Genki,Rensink,662,163-1048,NETTLETON,MS,38858,M,Y,53500,5.0,0,1500
Rae,Heidenreich,505,150-1294,ALBUQUERQUE,NM,87125,S,Y,71500,5.3,3300,3300
Dinah,Lafortune,308,150-1452,ATKINSON,NE,68713,M,Y,44000,6.84,0,103
Kirsteen,Guerreiro,228,194-1194,BOLTON,MS,39041,S,N,2000,3.0,6000,0
Vikki,Regier,802,185-1627,MORETOWN,VT,5660,S,N,81000,4.616658,3300,0
Ida,Pesotchinsky,501,131-1764,MOUNT JUDEA,AR,72655,M,N,5500,1.5022111,0,0
Hitohisa,Puhalskii,319,154-1574,HARTMAN,IA-typoCT,52402,S,Y,80000,8.98,40,40
Sheetal,Grunsky,225,131-1868,NEW ORLEANS,LA,70157,S,N,78500,6.0,4500,0
Brom,Usdin,971,164-1980,VENETA,OR,97487,S,N,67500,9.0,159,0
Madhusudan,Xiaocong,605,163-1423,REDIG,SD,57776,M,Y,14000,0.0,0,0
Masanobu,Yagawa,719,168-1172,MONTROSE,CO,81403,M,N,24500,4.63,0,0
Ildar,Thomassen,479,162-1420,SMACKOVER,AR,71762,S,Y,94000,7.0,20,20
Claudius,Dziadosz,701,181-1433,MINOT,ND,58702,S,N,85500,2.7468474,3300,0
Hideho,Krishnaswami,270,119-1890,BEACON FALLS,GA,41562,S,Y,52500,4.75,20,20
Moira,Brainerd,860,106-1633,SCOTLAND,CT,6264,S,Y,25500,5.0,12750,0
Fetima,Jaakkola,573,113-1161,JOPLIN,MO,64804,M,N,36000,6.0,0,0
Celia,Otterbein,989,147-1819,ROCK,MI,49880,S,Y,52500,3.9,3100,3100
Camino,Glanzel,931,153-1815,CENTERVILLE,TN,37033,S,N,57000,0.0,0,0
Sungchae,Rela,317,119-1225,ORESTES,IN,46063,M,Y,22000,3.4,0,1000
Vilas,Czarnecki,816,170-1475,TRENTON,MO,64683,M,Y,24500,6.0,0,1200
Selliah,Kogge,801,194-2098,MAGNA,UT,84044,M,Y,94500,7.0,0,2475
Kev,Arens,406,126-1311,BOZEMAN,MT,59719,S,N,64000,6.9,1900,0
Jermy,Tipping,939,193-1941,ARECIBO,PR,612,M,N,44000,0.0,0,0
Alicja,Graef,304,157-1217,HURRICANE,WV,25526,S,N,3500,3.0,2000,0
Lougie,Braams,802,159-1936,ALMONT,GA,5405,S,N,7000,3.6,3300,0
Cleve,Zolla,939,185-2056,GARROCHALES,PR,652,M,N,84000,0.0,0,0
Jos,Ornburn,641,178-1802,STRATFORD,IA,50249,S,Y,48000,7.5742345,40,40
Jiangtao,Broadwell,302,196-1237,FREDERICA,DE,19946,S,Y,82000,5.95,110,110
Alf,Pinon,928,107-1123,PHOENIX,AZ,85013,S,Y,32000,3.211,2100,2300
Reese,Winzer,302,171-1483,NEWARK,DE,19711,M,Y,14000,2.8136363,0,110
Mahadev,Darbha,302,149-2090,GEORGETOWN,DE,19947,S,Y,90500,5.95,110,110
Kazimir,Nitsch,302,109-2032,CLAYTON,DE,19938,M,Y,11000,2.6090908,0,110
Dongseung,Rohall,308,194-1386,EMMET,NE,68734,S,Y,65000,6.84,103,103
Mitsuteru,Roura,515,125-1119,RICKETTS,IA,51460,S,Y,14000,2.3253853,40,40
Shinnichi,Nishizawa,304,132-1771,SWITCHBACK,WV,24887,S,N,32000,4.54,2000,0
Santosh,Jacques,228,174-1133,DALEVILLE,MS,39326,M,Y,87500,5.0,0,1500
Tuong,Rikino,573,159-1670,CASCADE,MO,63632,M,N,58000,6.0,0,0
Heeseok,Abellanas,207,152-2034,LAGRANGE,ME,4453,M,N,48500,8.5,0,0
Zuo,Trudel,304,164-1455,ITMANN,WV,24847,S,N,92500,6.5,2000,0
Umesh,Mitsui,314,142-1524,ALTON,MO,65606,S,Y,23000,6.0,2100,1200
Jonathan,Motwani,231,186-1884,ROMEO,MI,48065,S,N,86500,3.9,3100,0
Mybrid,Riguzzi,208,173-1184,CULDESAC,ID,83524,M,Y,33000,7.8,0,3300
Lukas,Strevell,208,131-1776,IDAHO FALLS,ID,83401,M,N,84000,7.8,0,0
Huican,Szilard,714,147-1589,LA VETA,CA-typoGA,92109,S,Y,49000,9.3,87,272
Benard,Mandviwalla,208,178-1938,SUN VALLEY,ID,83354,M,Y,45500,7.8,0,3300
Nadjib,Skronn,857,152-2059,SPRINGFIELD,MA,1107,M,Y,51000,5.3,0,1000
Sissel,Cen,603,159-1962,STODDARD,NH,3464,M,Y,93500,0.0,0,0
Shanda,Opdahl,641,155-1707,ROSE HILL,IA,52586,S,N,63500,8.98,40,0
Vinod,Donati,712,135-1617,ESSEX,IA,51638,S,N,60500,8.98,40,0
Zahi,Tietavainen,502,135-1247,CAMPTON,KY,41301,M,Y,35500,3.8055556,0,20
Luisa,Rajkumar,937,110-1613,FREDERICKSBURG,OH,44627,S,N,36000,1.7410411,1300,0
Afsar,Caspi,603,177-1469,EPPING,NH,3042,M,Y,36500,0.0,0,0
Linn,Woerkom,802,199-1694,EAST WALLINGFORD,VT,5742,S,N,79000,4.576867,3300,0
Kasturi,Kaul,307,182-1325,CORA,WY,82925,S,Y,75000,0.0,0,0
Juichi,Goffman,234,180-1691,YOUNGSTOWN,OH,44507,M,N,24500,1.3593,0,0
Meinhard,Larfeldt,808,147-1873,KAHULUI,HI,96733,S,N,72000,8.25,1040,0
Davood,Verbauwhede,504,125-2032,NEW ORLEANS,LA,70145,S,Y,92500,6.0,4500,1000
Vishal,Meyerhoff,570,196-1234,RIDGWAY,PA,15853,M,Y,7500,3.07,0,0
Atef,Shepherdson,212,196-1618,ANTWERP,NY,13608,S,N,35500,4.159299,0,0
Krishna,Tolva,307,107-1511,CASPER,WY,82605,M,Y,36000,0.0,0,0
Arun,Marchegay,803,119-1651,CHARLESTON,SC,29424,M,Y,87500,7.0,0,3300
Kazutaki,Appelfeller,412,147-1136,BEACH HAVEN,PA,18601,S,N,13000,3.07,0,0
Nicu,Kerm,507,125-2046,MINNEAPOLIS,MN,55436,M,Y,7000,5.35,0,3300
Gail,Jostes,816,160-1902,ARMSTRONG-typoALMONT,MO-typoMI,65230,S,Y,57000,6.0,2100,1200
Geert,Thombley,303,149-1193,ENGLEWOOD,CO,80113,M,Y,62500,4.63,0,0
Florina,Kelb,630,141-1313,WILLOWBROOK,IL,60527,S,Y,43000,3.0,2000,2000
Romeo,Ratnaker,501,166-1015,MONTICELLO,AR,71655,M,Y,75000,7.0,0,20
Xuemei,Strevell,908,161-1920,BRANCHVILLE,NJ,7826,S,Y,1500,1.4,1000,1500
Raimonds,Bux,860,116-1996,MERIDEN,CT,6454,M,Y,82500,5.0,0,0
John,Tarantino,401,119-1521,EXETER-typoLA VETA,WV,2822,S,N,65500,0.0,0,0
Yoshiaki,Bitan,617,194-1937,NORTH EASTON,MA,2357,S,N,8000,5.3,3575,0
Carter,Uchiyama,860,134-1718,COBALT,CT,6414,M,N,88000,5.0,0,0
Minkoo,Zykh,425,114-1937,OCEAN SHORES,WA,98569,M,Y,95500,0.0,0,0
Shinnichi,Halfin,810,110-1092,ATLAS,MI,48411,M,N,18000,3.9,0,0
Kenrick,Malkin,216,144-1582,WALBRIDGE,OH,43465,S,N,89500,3.5169668,1300,0
Evelyn,Ebanks,915,183-1594,AUSTIN,TX,78773,S,Y,81500,0.0,0,0
Terri,Addyman,773,128-1175,SCOTTVILLE,IL,62683,M,N,7000,3.0,0,0
Yunfei,Pampoukis,814,145-1776,HARTMAN,NV,18003,M,N,17500,3.07,0,0
Gloria,Schmidmaier,802,179-1313,MONKTON,VT,5469,S,Y,90500,4.805665,3300,3300
Peichen,Schamp,208,100-1684,STAR,ID,83669,S,Y,21000,7.2322607,3300,3300
Liwu,Farrell,843,118-2002,NORTH FORT MYERS,SC-typoIA,29826,M,Y,500,2.5,0,3300
Jae,Taubenfeld,224,148-1887,GILLESPIE,IL,62033,S,N,41000,3.0,2000,0
Derrell,Foucaut,304,166-2062,EGLON,WV,26716,S,Y,5000,3.0,2000,2000
Moises,Edman,401,169-1625,PEACE DALE,RI,2883,S,Y,74500,0.0,0,0
Yoichiro,Rowen,502,178-1817,MIDDLESBORO,KY,40965,M,Y,10000,2.3888888,0,20
Haidar,Riva,610,151-1544,LEMASTERS,PA,17231,S,Y,5500,3.07,0,0
Gennoveffa,Velazco,304,139-1172,MONTROSE,WV,26283,S,Y,28000,4.26,2000,2000
Joydeep,Gewali,417,105-1099,KIRKSVILLE,MO,63501,M,Y,10500,6.0,0,1200
Debashis,Hiroike,727,181-1521,MADISON LAKE,FL-typoWV,33919,S,Y,99500,0.0,0,0
Gioia,Halfin,605,139-1215,OACOMA,SD,57365,S,Y,66500,0.0,0,0
Shyhtsun,Tait,808,131-1046,HONOLULU-typoMADISON LAKE,MI,96816,M,N,2500,1.4901316,0,0
Uffe,Whang,478,145-1838,SURRENCY,GA,31563,M,N,91500,6.0,0,0
Geraint,Highland,701,120-1898,KULM,ND,58456,S,N,94000,2.8453815,3300,0
Rangasami,Nemeti,406,197-1142,HOGELAND-typoHARTMAN,MI,59529,M,Y,48000,6.9,0,1900
Jairus,Cosmadopoulos,307,178-1556,COWLEY,WY,82420,M,Y,93500,0.0,0,0
Visit,Basawa,660,113-1934,SAINT LOUIS,MO,63120,S,N,45000,6.0,2100,0
Floor,Zuberek,810,164-1378,DETROIT,MI,48272,M,N,100000,3.9,0,0
Tanguy,Spauster,701,176-1421,FARGO,ND,58104,S,N,26000,2.1,3300,0
Zhenzhong,Pier,480,195-1870,LA VETA,MI,86340,S,N,1000,2.87,2100,0
Meinolf,Gladman,228,156-1440,MEADVILLE,MS,39653,S,Y,66500,5.0,6000,1500
Shimei,Osborn,774,147-1697,COHASSET,MA,2025,S,N,62500,5.3,3575,0
Wing,Stavenow,505,112-1348,SANTO DOMINGO PUEBLO,NM,87052,S,Y,73000,5.3,3300,3300
Lynda,Gentina,802,150-2006,NORTH THETFORD,VT,5054,S,Y,47500,3.95016,3300,3300
Seijiro,Stolcke,719,172-1473,DENVER,CO,80236,M,Y,51500,4.63,0,0
Jagesh,Welinder,702,115-1772,LAS VEGAS,NV,89148,M,N,6000,0.0,0,0
Sangyeun,Stricker,719,166-1464,VILAS,CO,81087,M,N,88500,4.63,0,0
Suranjan,Peac,787,199-1733,PONCE,PR,717,M,N,2500,0.0,0,0
Nikola,Graeb,860,120-1446,HARTFORD,CT,6144,M,N,66000,5.0,0,0
Ramkrishna,Pham,608,152-1436,BRISTOL,WI,53104,S,Y,65500,5.5844755,700,400
Amund,Montelius,206,111-1798,OKANOGAN,WA,98840,S,N,68000,0.0,0,0
Shipei,Voisard,260,120-2016,FLAT ROCK,IN,47234,S,Y,31000,3.4,1000,1000
Marten,Zaroliagis,769,122-2004,FRENCH CAMP,MS,39745,S,Y,86000,5.0,6000,1500
Hichul,Fritts,574,165-1315,EVANSVILLE,IN,47750,M,Y,97000,3.4,0,1000
Gitte,Heikes,202,186-1227,WASHINGTON,DC,20074,M,Y,84500,9.0,0,1370
Trebor,Isbitz,414,108-1594,FREEDOM,WI,54131,S,N,11500,4.646218,700,0
Mathew,Schroff,406,113-1880,BIG SKY,MT,59716,S,Y,22500,6.9,1900,1900
Vangelis,Worley,401,195-1729,PAWTUCKET,RI,2862,S,Y,500,0.0,0,0
Clinton,Wenocur,701,160-1562,ZAHL,ND,58856,S,N,92000,2.822197,3300,0
Datta,Bux,218,187-1844,LITTLE FALLS,MN,56345,M,Y,17500,5.35,0,3300
Lashon,Parhami,803,101-1231,LA VETA,SC-typoNV,29821,M,Y,4000,3.1259727,0,3300
Stasys,Abell,843,114-1376,UNION,SC,29379,S,Y,85000,7.0,3300,3300
Fathi,Verspoor,787,106-1181,GUAYAMA,PR,785,M,Y,81500,0.0,0,0
Doyle,Giroux,256,111-1508,SATSUMA,AL,36572,S,Y,81000,5.0,1500,300
Efim,Carli,304,153-1706,NORMANTOWN,WV,25267,S,Y,21000,3.77,2000,2000
Mabhin,Deutz,225,112-1542,CLINTON,LA,70722,S,N,32000,6.0,4500,0
Nalvo,Diepold,918,150-1484,TULSA,OK,74121,M,N,36500,6.25,0,0
Katsuyuki,Sutherland,207,104-1679,ALNA,ME,4535,M,N,36000,8.5,0,0
Patrick,Ambriola,601,179-2067,RED BANKS,MS,38661,M,Y,58500,5.0,0,1500
Iskender,Lecordix,605,186-1436,MILBANK-typoMADISON LAKE,MI,57253,S,N,69500,0.0,0,0
Kiyotaka,Isahara,469,185-1829,IRVING,TX,75063,M,N,58500,0.0,0,0
Fumiyasu,Taff,337,146-1924,BATON ROUGE,LA,70805,M,N,5500,2.0,0,0
Pierre,Kwiatkowski,404,131-1355,GREENSBORO,GA,30642,M,Y,70500,6.0,0,3000
Kazuyasu,Sohoni,907,168-1800,NUNAM IQUA,AK,99666,S,N,70000,0.0,0,0
Vassilka,Woest,401,116-1543,SAUNDERSTOWN,RI,2874,S,N,45500,0.0,0,0
Myla,Comte,815,179-1875,CHICAGO-typoNORTH FORT MYERS,GA,60657,M,Y,71500,3.0,0,2000
Sushil,Josten,601,138-1095,PETAL,MS,39465,S,Y,99500,5.0,6000,1500
Hans,Kreutz,724,195-1229,MILLVILLE,PA,17846,M,N,7000,3.07,0,0
JoAnne,Kurakake,617,166-1271,OAK BLUFFS,MA,2557,S,N,38500,5.3,3575,0
Soheil,Rudin,701,154-1853,WARWICK,ND,58381,M,Y,49500,2.3295264,0,3300
Kongshi,Mitton,520,178-1922,PHOENIX,AZ,85046,M,Y,55000,3.5674999,0,2300
Barna,Baumert,651,185-1425,HOWARD LAKE,MN,55349,M,Y,78500,7.85,0,3300
Maryam,Pictet,802,182-1080,LYNDON,VT,5849,M,N,33000,3.661676,0,0
Keijo,Carrick,701,156-1226,HANNAH,ND,58239,M,N,58000,2.4280605,0,0
Hironao,Standera,307,126-1627,MOORCROFT,WY,82721,S,Y,61500,0.0,0,0
Kee,Trunk,732,196-1781,ROSENHAYN,NJ,8352,M,N,78000,2.3147082,0,0
Atreye,Goodburn,260,186-1491,HELTONVILLE,IN,47436,S,N,61000,3.4,1000,0
Takeshige,Lindmark,443,176-1707,UPPER MARLBORO,MD,20775,S,Y,35500,4.75,2400,2400
Gert,Mikulecky,701,177-1037,ALMONT,ND,58520,S,Y,72000,2.590352,3300,3300
Menas,Stach,801,176-1930,SAINT GEORGE,UT,84790,S,Y,20500,7.0,2475,2475
Rajeev,Bassino,202,191-1256,WASHINGTON,DC,20035,S,N,88500,9.0,1370,0
Anh,Michalakopoulos,603,151-1176,CENTER STRAFFORD,NH,3815,S,N,67000,0.0,0,0
Eleanna,Glowinski,878,133-1616,EAST BERLIN,PA,17316,M,N,63000,3.07,0,0
Sandi,Veretennikov,208,177-1856,HARRISON,ID,83833,S,Y,2000,1.8387345,3300,3300
Kiyonori,Rabehasaina,701,131-2087,REGAN,ND,58477,S,N,26000,2.1,3300,0
Lashon,Sinofsky,641,195-1134,DENMARK,IA,52624,M,Y,50000,7.8829904,0,40
Armand,Ponceleon,612,171-1626,ROCHESTER,MN,55906,M,N,87500,7.85,0,0
Satya,Puterman,251,109-1142,TRENTON,AL,35774,S,N,18500,5.0,1500,0
Sherry,Zoller,505,183-1584,PONDEROSA,NM,87044,S,N,37500,5.3,3300,0
Pim,Evershed,203,199-2003,BETHANY,CT,6524,S,Y,36500,5.0,12750,0
Norma,Kakuta,712,127-1554,PROTIVIN,IA,52163,M,N,75000,8.98,0,0
Joanne,Pathak,502,176-1971,LEXINGTON,KY,40522,S,Y,16500,2.75,20,20
Yah,Priami,802,122-1467,WESTMINSTER STATION,VT,5159,S,Y,21000,3.6,3300,3300
Fuhua,Vural,843,172-2048,LANCASTER,SC,29720,M,Y,35500,7.0,0,3300
Immo,Bommel,302,151-1794,WILMINGTON,DE,19897,M,N,75500,5.95,0,0
Xuguang,Tagashira,207,197-1476,LA VETA,WV,4855,S,Y,70000,8.5,2850,2850
Hamilton,Kadur,682,192-1561,WEATHERFORD,TX,76085,S,N,80500,0.0,0,0
Nitsan,Dolotta,317,118-1492,EVANSVILLE,IN,47730,S,N,50000,3.4,1000,0
Cyrille,Mitkov,802,191-1536,ESSEX JUNCTION,VT,5452,S,N,81000,4.616658,3300,0
Martyn,Swen,308,170-1152,BRULE,NE,69127,M,N,33000,6.84,0,0
Shipei,Okurowski,503,136-1879,CHRISTMAS VALLEY,OR,97641,S,Y,88000,9.0,159,159
Juhnyoung,Treweek,406,112-1114,HINSDALE,MT,59241,S,Y,72500,6.9,1900,1900
Goopeel,Shepherd,787,170-1506,FLORIDA,PR,650,M,Y,49000,0.0,0,0
Divier,Sweazey,240,171-1875,NANJEMOY,MD,20662,S,Y,69000,4.75,2400,2400
Aurora,Niemeier,351,105-1402,ROCHESTER,MA,2770,S,Y,79500,5.3,3575,1000
Pepijn,Rahmel,316,146-1169,BEACON FALLS,KS-typoIA,66429,S,Y,51500,6.45,2250,2250
WingNing,Schalk,205,144-1139,GREENVILLE,AL,36037,S,N,98500,5.0,1500,0
Hung,Bouaricha,651,195-1299,LA VETA,MN-typoCT,56398,M,Y,63000,7.6173425,0,3300
Armstrong,Brodal,316,173-1960,BREWSTER,KS,67732,S,Y,36500,6.45,2250,2250
Sabyasachi,Shklar,262,127-1973,WATERTOWN,WI,53098,S,Y,40000,5.1414094,700,400
Shangping,Berstis,605,150-1113,MADISON LAKE,NV,57278,S,N,93500,0.0,0,0
Qinsi,Seaborn,304,102-1561,SAINT ALBANS,WV,25177,M,N,17000,3.49,0,0
Jawed,Linares,636,117-1312,MILO,MO,64767,S,Y,1500,1.78125,2100,1200
Husni,Sikic,334,183-1349,BIRMINGHAM-typoNORTH FORT MYERS,AL-typoNV,35228,S,N,87500,5.0,1500,0
Catuscia,Juneja,414,153-1593,CLYMAN,WI,53016,M,N,45500,5.236973,0,0
Nathaniel,Minshall,432,179-1610,AMARILLO,TX,79104,S,Y,55000,0.0,0,0
Kalluri,Bhashyam,857,136-1024,SHELBURNE FALLS,MA,1370,S,Y,46500,5.3,3575,1000
Martti,Radecka,878,158-1803,NEW MILFORD,PA,18834,M,N,27000,3.07,0,0
Bobby,Flandrena,402,178-1948,LINCOLN,NE,68527,M,N,17000,5.1528635,0,0
Dale,Reddy,731,136-1857,MC EWEN,TN,37101,S,Y,90000,0.0,0,0
Mori,Giradot,405,185-1785,REDBIRD,OK,74458,S,Y,38500,6.25,1000,1000
Eman,Capucciati,574,164-1919,LINCOLN CITY-typoHARTMAN,WV,47552,S,Y,96500,3.4,1000,1000
Youngdon,Demos,339,189-1187,GOSHEN,MA,1032,M,Y,36000,5.3,0,1000
Hisayuki,Giacobazzi,518,199-1539,WATERVILLE,NY,13480,S,Y,44000,4.2085366,0,1000
Sadamu,Rozin,787,143-1271,SAN JUAN-typoALMONT,PR-typoWV,975,S,N,25000,0.0,0,0
Rade,Mahboob,864,154-1354,PAGELAND,SC,29728,S,N,52500,7.0,3300,0
Rossella,Wichlacz,503,178-1939,MULINO,OR,97042,S,N,86500,9.0,159,0
Panduranga,Lohberger,205,145-1786,CRAGFORD,AL,36255,M,N,10000,5.0,0,0
Yuhsi,Cassels,228,197-1030,CLARKSDALE,MS,38614,S,Y,26500,5.0,6000,1500
Masumi,Debackere,443,172-1217,MOUNT VICTORIA,MD,20661,S,N,54500,4.75,2400,0
Yunming,Christiansen,623,109-1500,RILLITO,AZ,85654,M,N,99000,4.2495,0,0
Eberhard,Bayarri,307,192-1389,CORA,WY,82925,M,N,70500,0.0,0,0
Birk,Brinkschulte,317,136-1800,FRIENDSHIP-typoHARTMAN,CT,47021,M,N,82500,3.4,0,0
Tinne,Halpern,916,168-1896,OLD STATION,CA,96071,M,Y,4500,1.0,0,272
Remmert,Bercovich,567,107-1236,ASHVILLE,OH,43103,M,Y,31000,1.5750668,0,1300
Avaneendra,Perri,225,199-1646,NATALBANY,LA,70451,M,N,79500,6.0,0,0
Joydeep,Inuo,202,126-1955,WASHINGTON,DC,20370,S,N,85500,9.0,1370,0
Bosheng,Frisby,304,102-1316,CANVAS,WV,26662,M,Y,78000,6.5,0,2000
Sheelagh,Benaroch,603,102-1777,GREENVILLE,NH,3048,S,Y,86000,0.0,0,0
Rik,Laxer,218,105-1041,MONTICELLO,MN,55587,S,Y,57500,7.3238525,3300,3300
Trent,Hmelo,971,180-1693,PORTLAND,OR,97218,M,N,79500,9.0,0,0
Sorana,Miake,203,175-1046,PINE MEADOW,CT,6061,M,Y,2000,3.0,0,0
Noam,McMorrow,541,138-1473,UNION,OR,97883,M,Y,80500,9.0,0,159
Youfang,Luukkainen,212,149-1448,COPAKE FALLS,NY,12517,M,Y,65500,4.3330793,0,1000
Bingchiang,Oertly,952,169-1675,WELLS,MN,56097,M,Y,58500,7.3772144,0,3300
Marl,Pramanik,218,156-1617,MINNEAPOLIS,MN,55408,S,Y,68000,7.85,3300,3300
Eizyu,Thamm,425,179-1417,SPOKANE,WA,99215,S,N,49500,0.0,0,0
Krisda,Birch,917,160-1694,OWEGO,NY,13827,S,Y,2000,4.0,0,1000
Tetra,Stach,405,124-1218,OKLAHOMA CITY,OK,73162,M,Y,34000,6.25,0,1000
eva,Phiphobmongkol,907,140-1224,ANCHORAGE,AK,99522,S,N,22500,0.0,0,0
Shaw,Piccolo,660,166-1068,CENTER-typoNORTH FORT MYERS,WV,63436,S,N,23000,6.0,2100,0
Lhouari,Hadad,860,172-2038,HARTFORD,CT,6151,S,N,8000,3.0,12750,0
Rhan,Demian,845,156-1174,MARLBORO,NY,12542,M,N,26000,4.104268,0,0
Loyce,Pokoski,631,116-1358,CUTCHOGUE,NY,11935,S,Y,50000,4.243293,0,1000
Nandlal,Lofgren,208,132-1169,RATHDRUM-typoHARTMAN,WV,83858,S,Y,13500,5.103237,3300,3300
Manolis,Collinson,808,128-1634,J B P H H,HI,96853,S,Y,30000,6.447368,1040,1040
Shigeyoshi,Sandoe,304,164-1102,MOATSVILLE,WV,26405,S,N,24000,3.98,2000,0
Indrajit,Luef,336,192-1352,RONDA,NC,28670,S,N,12000,6.0,3300,0
Yoshimichi,Hoeve,843,172-1226,JONESVILLE,SC,29353,S,Y,56500,7.0,3300,3300
Burchard,Tzolovski,848,151-1410,NEPTUNE,NJ,7754,S,N,80500,2.3541355,1000,0
Naoto,Rilling,808,135-1619,HONOKAA,HI,96727,S,Y,98500,8.25,1040,1040
Kinya,Doo,207,121-1497,LIBERTY,ME,4949,S,N,29000,8.5,2850,0
Mojgan,Plun,724,174-2058,MORTON,PA,19070,S,Y,25000,3.07,0,0
